Trade_ID,Symbol,Side,Entry_Time_UTC,Entry_Unix_ms,Entry_Unix_sec,Exit_Time_UTC,Exit_Unix_ms,Exit_Unix_sec,Entry_Price,Lowest_100_Price,ATR_14,Stop_Loss_Price,Take_Profit_Price,Exit_Price,Position_Size_USDT,Risk_USDT,Target_Reward_USDT,Result,PnL_USDT,PnL_Percent,Holding_Bars
1,TACUSDT,LONG,2026-06-28 14:00:00 UTC,1782655200000,1782655200,2026-06-29 07:59:59 UTC,1782719999999,1782719999,0.02094,0.0184,0.00051,0.01739,0.02804,0.02804,50.0,8.48,16.96,WIN,16.96,33.91,18
2,TACUSDT,LONG,2026-06-28 15:00:00 UTC,1782658800000,1782658800,2026-06-29 07:59:59 UTC,1782719999999,1782719999,0.02157,0.0184,0.00055,0.01731,0.0301,0.0301,50.0,9.88,19.76,WIN,19.76,39.52,17
3,TACUSDT,LONG,2026-06-28 16:00:00 UTC,1782662400000,1782662400,2026-06-29 07:59:59 UTC,1782719999999,1782719999,0.02163,0.0184,0.00053,0.01733,0.03023,0.03023,50.0,9.93,19.87,WIN,19.87,39.73,16
4,TACUSDT,LONG,2026-06-28 17:00:00 UTC,1782666000000,1782666000,2026-06-29 07:59:59 UTC,1782719999999,1782719999,0.02145,0.0184,0.00054,0.01733,0.02968,0.02968,50.0,9.6,19.2,WIN,19.2,38.41,15
5,TACUSDT,LONG,2026-06-28 18:00:00 UTC,1782669600000,1782669600,2026-06-29 07:59:59 UTC,1782719999999,1782719999,0.02174,0.0184,0.00053,0.01735,0.03053,0.03053,50.0,10.1,20.2,WIN,20.2,40.39,14
6,TACUSDT,LONG,2026-06-28 19:00:00 UTC,1782673200000,1782673200,2026-06-29 07:59:59 UTC,1782719999999,1782719999,0.02179,0.01986,0.00051,0.01883,0.02772,0.02772,50.0,6.8,13.61,WIN,13.61,27.21,13
7,TACUSDT,LONG,2026-06-28 20:00:00 UTC,1782676800000,1782676800,2026-06-29 07:59:59 UTC,1782719999999,1782719999,0.02186,0.02012,0.0005,0.01913,0.02731,0.02731,50.0,6.24,12.48,WIN,12.48,24.96,12
8,TACUSDT,LONG,2026-06-28 21:00:00 UTC,1782680400000,1782680400,2026-06-29 07:59:59 UTC,1782719999999,1782719999,0.02227,0.02012,0.0005,0.01912,0.02856,0.02856,50.0,7.06,14.13,WIN,14.13,28.26,11
9,TACUSDT,LONG,2026-06-28 22:00:00 UTC,1782684000000,1782684000,2026-06-29 07:59:59 UTC,1782719999999,1782719999,0.02217,0.02019,0.0005,0.01919,0.02814,0.02814,50.0,6.73,13.47,WIN,13.47,26.93,10
10,TACUSDT,LONG,2026-06-28 23:00:00 UTC,1782687600000,1782687600,2026-06-29 07:59:59 UTC,1782719999999,1782719999,0.02217,0.02019,0.00048,0.01923,0.02805,0.02805,50.0,6.64,13.27,WIN,13.27,26.54,9
11,TACUSDT,LONG,2026-06-29 00:00:00 UTC,1782691200000,1782691200,2026-06-29 07:59:59 UTC,1782719999999,1782719999,0.02211,0.02019,0.00047,0.01925,0.02784,0.02784,50.0,6.48,12.95,WIN,12.95,25.9,8
12,TACUSDT,LONG,2026-06-29 01:00:00 UTC,1782694800000,1782694800,2026-06-29 07:59:59 UTC,1782719999999,1782719999,0.0221,0.02019,0.00045,0.01928,0.02774,0.02774,50.0,6.37,12.75,WIN,12.75,25.5,7
13,TACUSDT,LONG,2026-06-29 02:00:00 UTC,1782698400000,1782698400,2026-06-29 07:59:59 UTC,1782719999999,1782719999,0.02214,0.02019,0.00044,0.01931,0.02781,0.02781,50.0,6.39,12.79,WIN,12.79,25.58,6
14,TACUSDT,LONG,2026-06-29 03:00:00 UTC,1782702000000,1782702000,2026-06-29 07:59:59 UTC,1782719999999,1782719999,0.02213,0.02019,0.00043,0.01934,0.02772,0.02772,50.0,6.31,12.62,WIN,12.62,25.24,5
15,TACUSDT,LONG,2026-06-29 04:00:00 UTC,1782705600000,1782705600,2026-06-29 07:59:59 UTC,1782719999999,1782719999,0.02203,0.02019,0.00041,0.01937,0.02734,0.02734,50.0,6.03,12.07,WIN,12.07,24.13,4
16,TACUSDT,LONG,2026-06-29 05:00:00 UTC,1782709200000,1782709200,2026-06-29 07:59:59 UTC,1782719999999,1782719999,0.02215,0.02019,0.00041,0.01938,0.0277,0.0277,50.0,6.26,12.53,WIN,12.53,25.05,3
17,TACUSDT,LONG,2026-06-29 06:00:00 UTC,1782712800000,1782712800,2026-06-29 07:59:59 UTC,1782719999999,1782719999,0.02201,0.02019,0.0004,0.0194,0.02725,0.02725,50.0,5.95,11.89,WIN,11.89,23.79,2
18,TACUSDT,LONG,2026-06-29 07:00:00 UTC,1782716400000,1782716400,2026-06-29 07:59:59 UTC,1782719999999,1782719999,0.02184,0.02019,0.00039,0.01941,0.02668,0.02668,50.0,5.54,11.08,WIN,11.08,22.17,1
19,TACUSDT,LONG,2026-06-29 08:00:00 UTC,1782720000000,1782720000,2026-06-29 22:59:59 UTC,1782773999999,1782773999,0.03395,0.02019,0.00126,0.01767,0.06651,0.06651,50.0,23.98,47.95,WIN,47.95,95.91,15
20,TACUSDT,LONG,2026-06-29 09:00:00 UTC,1782723600000,1782723600,2026-07-07 15:59:59 UTC,1783439999999,1783439999,0.0453,0.02019,0.00206,0.01607,0.10375,0.01607,50.0,32.26,64.52,LOSS,-32.26,-64.52,199
21,TACUSDT,LONG,2026-06-29 10:00:00 UTC,1782727200000,1782727200,2026-07-07 15:59:59 UTC,1783439999999,1783439999,0.05166,0.02019,0.00254,0.0151,0.12478,0.0151,50.0,35.38,70.77,LOSS,-35.38,-70.77,198
22,TACUSDT,LONG,2026-06-29 11:00:00 UTC,1782730800000,1782730800,2026-07-07 15:59:59 UTC,1783439999999,1783439999,0.05102,0.02019,0.00285,0.01449,0.12407,0.01449,50.0,35.8,71.59,LOSS,-35.8,-71.59,197
23,TACUSDT,LONG,2026-06-29 12:00:00 UTC,1782734400000,1782734400,2026-07-07 15:59:59 UTC,1783439999999,1783439999,0.05235,0.02019,0.00313,0.01392,0.12922,0.01392,50.0,36.7,73.41,LOSS,-36.7,-73.41,196
24,TACUSDT,LONG,2026-06-29 13:00:00 UTC,1782738000000,1782738000,2026-07-07 15:59:59 UTC,1783439999999,1783439999,0.05438,0.02019,0.00333,0.01354,0.13606,0.01354,50.0,37.55,75.1,LOSS,-37.55,-75.1,195
25,TACUSDT,LONG,2026-06-29 14:00:00 UTC,1782741600000,1782741600,2026-07-07 15:59:59 UTC,1783439999999,1783439999,0.05283,0.02019,0.00364,0.01291,0.13267,0.01291,50.0,37.78,75.56,LOSS,-37.78,-75.56,194
26,TACUSDT,LONG,2026-06-29 15:00:00 UTC,1782745200000,1782745200,2026-07-07 15:59:59 UTC,1783439999999,1783439999,0.05761,0.02019,0.00404,0.01212,0.1486,0.01212,50.0,39.49,78.97,LOSS,-39.49,-78.97,193
27,TACUSDT,LONG,2026-06-29 16:00:00 UTC,1782748800000,1782748800,2026-07-07 15:59:59 UTC,1783439999999,1783439999,0.05872,0.02019,0.00412,0.01195,0.15225,0.01195,50.0,39.83,79.66,LOSS,-39.83,-79.66,192
28,TACUSDT,LONG,2026-06-29 17:00:00 UTC,1782752400000,1782752400,2026-07-07 15:59:59 UTC,1783439999999,1783439999,0.05612,0.02019,0.00444,0.01132,0.14571,0.01132,50.0,39.91,79.83,LOSS,-39.91,-79.83,191
29,TACUSDT,LONG,2026-06-29 18:00:00 UTC,1782756000000,1782756000,2026-07-07 15:59:59 UTC,1783439999999,1783439999,0.05813,0.02019,0.00458,0.01103,0.15233,0.01103,50.0,40.51,81.02,LOSS,-40.51,-81.02,190
30,TACUSDT,LONG,2026-06-29 19:00:00 UTC,1782759600000,1782759600,2026-07-07 15:59:59 UTC,1783439999999,1783439999,0.05988,0.02019,0.00448,0.01124,0.15718,0.01124,50.0,40.62,81.24,LOSS,-40.62,-81.24,189
31,TACUSDT,LONG,2026-06-29 20:00:00 UTC,1782763200000,1782763200,2026-07-07 15:59:59 UTC,1783439999999,1783439999,0.05936,0.02019,0.0043,0.01158,0.15492,0.01158,50.0,40.24,80.49,LOSS,-40.24,-80.49,188
32,TACUSDT,LONG,2026-06-29 21:00:00 UTC,1782766800000,1782766800,2026-07-07 15:59:59 UTC,1783439999999,1783439999,0.05959,0.02019,0.00423,0.01173,0.15531,0.01173,50.0,40.16,80.31,LOSS,-40.16,-80.31,187
33,TACUSDT,LONG,2026-06-29 22:00:00 UTC,1782770400000,1782770400,2026-07-07 15:59:59 UTC,1783439999999,1783439999,0.05965,0.02019,0.00419,0.01182,0.15532,0.01182,50.0,40.1,80.19,LOSS,-40.1,-80.19,186
34,TACUSDT,LONG,2026-06-29 23:00:00 UTC,1782774000000,1782774000,2026-07-07 15:59:59 UTC,1783439999999,1783439999,0.05752,0.02019,0.00482,0.01055,0.15148,0.01055,50.0,40.83,81.67,LOSS,-40.83,-81.67,185
35,TACUSDT,LONG,2026-06-30 00:00:00 UTC,1782777600000,1782777600,2026-07-07 15:59:59 UTC,1783439999999,1783439999,0.0601,0.02019,0.0051,0.00999,0.1603,0.00999,50.0,41.69,83.37,LOSS,-41.69,-83.37,184
36,TACUSDT,LONG,2026-06-30 01:00:00 UTC,1782781200000,1782781200,2026-07-07 15:59:59 UTC,1783439999999,1783439999,0.05987,0.02019,0.00497,0.01025,0.15912,0.01025,50.0,41.44,82.88,LOSS,-41.44,-82.88,183
37,TACUSDT,LONG,2026-06-30 02:00:00 UTC,1782784800000,1782784800,2026-07-07 15:59:59 UTC,1783439999999,1783439999,0.05553,0.02019,0.00503,0.01014,0.14631,0.01014,50.0,40.87,81.74,LOSS,-40.87,-81.74,182
38,TACUSDT,LONG,2026-06-30 03:00:00 UTC,1782788400000,1782788400,2026-07-07 15:59:59 UTC,1783439999999,1783439999,0.05956,0.02019,0.00539,0.00942,0.15984,0.00942,50.0,42.09,84.18,LOSS,-42.09,-84.18,181
39,TACUSDT,LONG,2026-06-30 04:00:00 UTC,1782792000000,1782792000,2026-07-07 15:59:59 UTC,1783439999999,1783439999,0.05983,0.02019,0.00523,0.00973,0.16004,0.00973,50.0,41.87,83.74,LOSS,-41.87,-83.74,180
40,TACUSDT,LONG,2026-06-30 05:00:00 UTC,1782795600000,1782795600,2026-07-07 15:59:59 UTC,1783439999999,1783439999,0.0586,0.02019,0.00518,0.00984,0.15611,0.00984,50.0,41.6,83.21,LOSS,-41.6,-83.21,179
41,TACUSDT,LONG,2026-06-30 06:00:00 UTC,1782799200000,1782799200,2026-07-07 15:59:59 UTC,1783439999999,1783439999,0.05776,0.02019,0.00505,0.0101,0.15308,0.0101,50.0,41.26,82.52,LOSS,-41.26,-82.52,178
42,TACUSDT,LONG,2026-06-30 07:00:00 UTC,1782802800000,1782802800,2026-07-07 15:59:59 UTC,1783439999999,1783439999,0.05802,0.02019,0.00486,0.01048,0.1531,0.01048,50.0,40.97,81.94,LOSS,-40.97,-81.94,177
43,TACUSDT,LONG,2026-06-30 08:00:00 UTC,1782806400000,1782806400,2026-07-07 15:59:59 UTC,1783439999999,1783439999,0.05882,0.02019,0.00496,0.01027,0.15593,0.01027,50.0,41.27,82.54,LOSS,-41.27,-82.54,176
44,TACUSDT,LONG,2026-06-30 09:00:00 UTC,1782810000000,1782810000,2026-07-07 15:59:59 UTC,1783439999999,1783439999,0.06187,0.02019,0.00499,0.01022,0.16518,0.01022,50.0,41.74,83.48,LOSS,-41.74,-83.48,175
45,TACUSDT,LONG,2026-06-30 10:00:00 UTC,1782813600000,1782813600,2026-07-07 15:59:59 UTC,1783439999999,1783439999,0.05982,0.02019,0.00494,0.01032,0.15881,0.01032,50.0,41.37,82.75,LOSS,-41.37,-82.75,174
46,TACUSDT,LONG,2026-06-30 11:00:00 UTC,1782817200000,1782817200,2026-07-07 15:59:59 UTC,1783439999999,1783439999,0.0653,0.02019,0.00504,0.01011,0.1757,0.01011,50.0,42.26,84.53,LOSS,-42.26,-84.53,173
47,TACUSDT,LONG,2026-06-30 12:00:00 UTC,1782820800000,1782820800,2026-07-07 15:59:59 UTC,1783439999999,1783439999,0.06285,0.02019,0.00495,0.01028,0.16798,0.01028,50.0,41.82,83.64,LOSS,-41.82,-83.64,172
48,TACUSDT,LONG,2026-06-30 13:00:00 UTC,1782824400000,1782824400,2026-07-07 15:59:59 UTC,1783439999999,1783439999,0.06236,0.02019,0.00487,0.01045,0.16616,0.01045,50.0,41.62,83.24,LOSS,-41.62,-83.24,171
49,TACUSDT,LONG,2026-06-30 14:00:00 UTC,1782828000000,1782828000,2026-07-07 15:59:59 UTC,1783439999999,1783439999,0.06407,0.02019,0.0048,0.0106,0.17102,0.0106,50.0,41.73,83.46,LOSS,-41.73,-83.46,170
50,TACUSDT,LONG,2026-06-30 15:00:00 UTC,1782831600000,1782831600,2026-07-07 15:59:59 UTC,1783439999999,1783439999,0.06589,0.02019,0.0048,0.0106,0.17646,0.0106,50.0,41.95,83.91,LOSS,-41.95,-83.91,169
51,TACUSDT,LONG,2026-06-30 16:00:00 UTC,1782835200000,1782835200,2026-07-07 15:59:59 UTC,1783439999999,1783439999,0.05887,0.02019,0.00508,0.01002,0.15655,0.01002,50.0,41.49,82.97,LOSS,-41.49,-82.97,168
52,TACUSDT,LONG,2026-06-30 17:00:00 UTC,1782838800000,1782838800,2026-07-07 15:59:59 UTC,1783439999999,1783439999,0.06383,0.02019,0.00523,0.00973,0.17204,0.00973,50.0,42.38,84.76,LOSS,-42.38,-84.76,167
53,TACUSDT,LONG,2026-06-30 18:00:00 UTC,1782842400000,1782842400,2026-07-07 15:59:59 UTC,1783439999999,1783439999,0.06214,0.02019,0.00512,0.00995,0.16653,0.00995,50.0,42.0,84.0,LOSS,-42.0,-84.0,166
54,TACUSDT,LONG,2026-06-30 19:00:00 UTC,1782846000000,1782846000,2026-07-07 15:59:59 UTC,1783439999999,1783439999,0.06139,0.02019,0.0052,0.0098,0.16457,0.0098,50.0,42.02,84.04,LOSS,-42.02,-84.04,165
55,TACUSDT,LONG,2026-06-30 20:00:00 UTC,1782849600000,1782849600,2026-07-07 15:59:59 UTC,1783439999999,1783439999,0.05971,0.02019,0.00501,0.01018,0.15877,0.01018,50.0,41.48,82.95,LOSS,-41.48,-82.95,164
56,TACUSDT,LONG,2026-06-30 21:00:00 UTC,1782853200000,1782853200,2026-07-07 15:59:59 UTC,1783439999999,1783439999,0.06199,0.02019,0.00496,0.01028,0.16541,0.01028,50.0,41.71,83.42,LOSS,-41.71,-83.42,163
57,TACUSDT,LONG,2026-06-30 22:00:00 UTC,1782856800000,1782856800,2026-07-07 15:59:59 UTC,1783439999999,1783439999,0.06219,0.02019,0.00476,0.01068,0.16521,0.01068,50.0,41.42,82.83,LOSS,-41.42,-82.83,162
58,TACUSDT,LONG,2026-06-30 23:00:00 UTC,1782860400000,1782860400,2026-07-07 15:59:59 UTC,1783439999999,1783439999,0.06271,0.02019,0.00455,0.01109,0.16594,0.01109,50.0,41.16,82.31,LOSS,-41.16,-82.31,161
59,TACUSDT,LONG,2026-07-01 00:00:00 UTC,1782864000000,1782864000,2026-07-07 15:59:59 UTC,1783439999999,1783439999,0.06247,0.02019,0.00435,0.0115,0.16442,0.0115,50.0,40.8,81.59,LOSS,-40.8,-81.59,160
60,TACUSDT,LONG,2026-07-01 01:00:00 UTC,1782867600000,1782867600,2026-07-07 15:59:59 UTC,1783439999999,1783439999,0.06234,0.02019,0.00428,0.01163,0.16377,0.01163,50.0,40.67,81.34,LOSS,-40.67,-81.34,159
61,TACUSDT,LONG,2026-07-01 02:00:00 UTC,1782871200000,1782871200,2026-07-07 15:59:59 UTC,1783439999999,1783439999,0.06305,0.02019,0.00424,0.01172,0.16572,0.01172,50.0,40.71,81.42,LOSS,-40.71,-81.42,158
62,TACUSDT,LONG,2026-07-01 03:00:00 UTC,1782874800000,1782874800,2026-07-07 15:59:59 UTC,1783439999999,1783439999,0.06138,0.02019,0.00409,0.01201,0.16011,0.01201,50.0,40.22,80.44,LOSS,-40.22,-80.44,157
63,TACUSDT,LONG,2026-07-01 04:00:00 UTC,1782878400000,1782878400,2026-07-07 15:59:59 UTC,1783439999999,1783439999,0.06294,0.02019,0.00398,0.01224,0.16433,0.01224,50.0,40.28,80.55,LOSS,-40.28,-80.55,156
64,TACUSDT,LONG,2026-07-01 05:00:00 UTC,1782882000000,1782882000,2026-07-07 15:59:59 UTC,1783439999999,1783439999,0.06112,0.02019,0.00387,0.01246,0.15845,0.01246,50.0,39.81,79.62,LOSS,-39.81,-79.62,155
65,TACUSDT,LONG,2026-07-01 06:00:00 UTC,1782885600000,1782885600,2026-07-07 15:59:59 UTC,1783439999999,1783439999,0.05994,0.02019,0.00388,0.01244,0.15495,0.01244,50.0,39.63,79.25,LOSS,-39.63,-79.25,154
66,TACUSDT,LONG,2026-07-01 07:00:00 UTC,1782889200000,1782889200,2026-07-07 15:59:59 UTC,1783439999999,1783439999,0.05914,0.02019,0.00387,0.01244,0.15253,0.01244,50.0,39.48,78.96,LOSS,-39.48,-78.96,153
67,TACUSDT,LONG,2026-07-01 08:00:00 UTC,1782892800000,1782892800,2026-07-07 15:59:59 UTC,1783439999999,1783439999,0.05934,0.02019,0.0038,0.01259,0.15286,0.01259,50.0,39.4,78.79,LOSS,-39.4,-78.79,152
68,TACUSDT,LONG,2026-07-01 09:00:00 UTC,1782896400000,1782896400,2026-07-07 15:59:59 UTC,1783439999999,1783439999,0.06038,0.02019,0.00369,0.01281,0.15552,0.01281,50.0,39.39,78.78,LOSS,-39.39,-78.78,151
69,TACUSDT,LONG,2026-07-01 10:00:00 UTC,1782900000000,1782900000,2026-07-07 15:59:59 UTC,1783439999999,1783439999,0.05974,0.02019,0.00369,0.01282,0.15359,0.01282,50.0,39.27,78.55,LOSS,-39.27,-78.55,150
70,TACUSDT,LONG,2026-07-01 11:00:00 UTC,1782903600000,1782903600,2026-07-07 15:59:59 UTC,1783439999999,1783439999,0.05998,0.02019,0.00358,0.01304,0.15387,0.01304,50.0,39.13,78.26,LOSS,-39.13,-78.26,149
71,TACUSDT,LONG,2026-07-01 12:00:00 UTC,1782907200000,1782907200,2026-07-07 15:59:59 UTC,1783439999999,1783439999,0.05816,0.02019,0.00359,0.01301,0.14845,0.01301,50.0,38.81,77.62,LOSS,-38.81,-77.62,148
72,TACUSDT,LONG,2026-07-01 13:00:00 UTC,1782910800000,1782910800,2026-07-07 15:59:59 UTC,1783439999999,1783439999,0.05706,0.02019,0.00358,0.01302,0.14513,0.01302,50.0,38.59,77.17,LOSS,-38.59,-77.17,147
73,TACUSDT,LONG,2026-07-01 14:00:00 UTC,1782914400000,1782914400,2026-07-07 15:59:59 UTC,1783439999999,1783439999,0.05717,0.02019,0.00347,0.01326,0.14499,0.01326,50.0,38.4,76.8,LOSS,-38.4,-76.8,146
74,TACUSDT,LONG,2026-07-01 15:00:00 UTC,1782918000000,1782918000,2026-07-07 15:59:59 UTC,1783439999999,1783439999,0.05461,0.02019,0.00377,0.01265,0.13854,0.01265,50.0,38.42,76.84,LOSS,-38.42,-76.84,145
75,TACUSDT,LONG,2026-07-01 16:00:00 UTC,1782921600000,1782921600,2026-07-07 15:59:59 UTC,1783439999999,1783439999,0.05037,0.02019,0.00399,0.01222,0.12669,0.01222,50.0,37.88,75.75,LOSS,-37.88,-75.75,144
76,TACUSDT,LONG,2026-07-01 17:00:00 UTC,1782925200000,1782925200,2026-07-07 15:59:59 UTC,1783439999999,1783439999,0.04772,0.02019,0.00407,0.01206,0.11903,0.01206,50.0,37.37,74.73,LOSS,-37.37,-74.73,143
77,TACUSDT,LONG,2026-07-01 18:00:00 UTC,1782928800000,1782928800,2026-07-07 15:59:59 UTC,1783439999999,1783439999,0.04292,0.02019,0.00413,0.01193,0.10491,0.01193,50.0,36.1,72.21,LOSS,-36.1,-72.21,142
78,TACUSDT,LONG,2026-07-01 19:00:00 UTC,1782932400000,1782932400,2026-07-07 15:59:59 UTC,1783439999999,1783439999,0.0435,0.02019,0.00403,0.01214,0.10621,0.01214,50.0,36.04,72.09,LOSS,-36.04,-72.09,141
79,TACUSDT,LONG,2026-07-01 20:00:00 UTC,1782936000000,1782936000,2026-07-07 15:59:59 UTC,1783439999999,1783439999,0.04287,0.02019,0.00393,0.01234,0.10391,0.01234,50.0,35.6,71.21,LOSS,-35.6,-71.21,140
80,TACUSDT,LONG,2026-07-01 21:00:00 UTC,1782939600000,1782939600,2026-07-07 15:59:59 UTC,1783439999999,1783439999,0.04146,0.02019,0.00451,0.01117,0.10204,0.01117,50.0,36.53,73.05,LOSS,-36.53,-73.05,139
81,TACUSDT,LONG,2026-07-01 22:00:00 UTC,1782943200000,1782943200,2026-07-07 15:59:59 UTC,1783439999999,1783439999,0.04165,0.02019,0.0044,0.01139,0.10215,0.01139,50.0,36.32,72.64,LOSS,-36.32,-72.64,138
82,TACUSDT,LONG,2026-07-01 23:00:00 UTC,1782946800000,1782946800,2026-07-07 15:59:59 UTC,1783439999999,1783439999,0.03907,0.02019,0.00429,0.01162,0.09397,0.01162,50.0,35.13,70.26,LOSS,-35.13,-70.26,137
83,TACUSDT,LONG,2026-07-02 00:00:00 UTC,1782950400000,1782950400,2026-07-07 15:59:59 UTC,1783439999999,1783439999,0.03943,0.02032,0.00412,0.01207,0.09414,0.01207,50.0,34.69,69.39,LOSS,-34.69,-69.39,136
84,TACUSDT,LONG,2026-07-02 01:00:00 UTC,1782954000000,1782954000,2026-07-07 15:59:59 UTC,1783439999999,1783439999,0.03923,0.02037,0.00405,0.01226,0.09315,0.01226,50.0,34.37,68.74,LOSS,-34.37,-68.74,135
85,TACUSDT,LONG,2026-07-02 02:00:00 UTC,1782957600000,1782957600,2026-07-07 15:59:59 UTC,1783439999999,1783439999,0.03797,0.02054,0.00391,0.01272,0.08847,0.01272,50.0,33.24,66.49,LOSS,-33.24,-66.49,134
86,TACUSDT,LONG,2026-07-02 03:00:00 UTC,1782961200000,1782961200,2026-07-07 15:59:59 UTC,1783439999999,1783439999,0.03917,0.02061,0.00388,0.01285,0.09181,0.01285,50.0,33.59,67.18,LOSS,-33.59,-67.18,133
87,TACUSDT,LONG,2026-07-02 04:00:00 UTC,1782964800000,1782964800,2026-07-07 15:59:59 UTC,1783439999999,1783439999,0.03537,0.02061,0.00392,0.01276,0.08058,0.01276,50.0,31.96,63.92,LOSS,-31.96,-63.92,132
88,TACUSDT,LONG,2026-07-02 05:00:00 UTC,1782968400000,1782968400,2026-07-07 15:59:59 UTC,1783439999999,1783439999,0.03612,0.02061,0.00384,0.01292,0.08252,0.01292,50.0,32.12,64.23,LOSS,-32.12,-64.23,131
89,TACUSDT,LONG,2026-07-02 06:00:00 UTC,1782972000000,1782972000,2026-07-07 15:59:59 UTC,1783439999999,1783439999,0.03444,0.02061,0.00372,0.01316,0.077,0.01316,50.0,30.9,61.79,LOSS,-30.9,-61.79,130
90,TACUSDT,LONG,2026-07-02 07:00:00 UTC,1782975600000,1782975600,2026-07-07 15:59:59 UTC,1783439999999,1783439999,0.03528,0.02061,0.00367,0.01326,0.07932,0.01326,50.0,31.21,62.41,LOSS,-31.21,-62.41,129
91,TACUSDT,LONG,2026-07-02 08:00:00 UTC,1782979200000,1782979200,2026-07-07 15:59:59 UTC,1783439999999,1783439999,0.03681,0.02061,0.00361,0.01339,0.08364,0.01339,50.0,31.81,63.62,LOSS,-31.81,-63.62,128
92,TACUSDT,LONG,2026-07-02 09:00:00 UTC,1782982800000,1782982800,2026-07-07 15:59:59 UTC,1783439999999,1783439999,0.03837,0.02061,0.00351,0.01358,0.08796,0.01358,50.0,32.31,64.61,LOSS,-32.31,-64.61,127
93,TACUSDT,LONG,2026-07-02 10:00:00 UTC,1782986400000,1782986400,2026-07-07 15:59:59 UTC,1783439999999,1783439999,0.03898,0.02061,0.00348,0.01364,0.08966,0.01364,50.0,32.5,65.01,LOSS,-32.5,-65.01,126
94,TACUSDT,LONG,2026-07-02 11:00:00 UTC,1782990000000,1782990000,2026-07-07 15:59:59 UTC,1783439999999,1783439999,0.03962,0.02061,0.00338,0.01385,0.09116,0.01385,50.0,32.52,65.03,LOSS,-32.52,-65.03,125
95,TACUSDT,LONG,2026-07-02 12:00:00 UTC,1782993600000,1782993600,2026-07-07 15:59:59 UTC,1783439999999,1783439999,0.04016,0.02061,0.00327,0.01407,0.09233,0.01407,50.0,32.48,64.96,LOSS,-32.48,-64.96,124
96,TACUSDT,LONG,2026-07-02 13:00:00 UTC,1782997200000,1782997200,2026-07-07 15:59:59 UTC,1783439999999,1783439999,0.03702,0.02061,0.00329,0.01403,0.083,0.01403,50.0,31.05,62.11,LOSS,-31.05,-62.11,123
97,TACUSDT,LONG,2026-07-02 14:00:00 UTC,1783000800000,1783000800,2026-07-07 15:59:59 UTC,1783439999999,1783439999,0.03046,0.02061,0.00373,0.01315,0.06508,0.01315,50.0,28.42,56.84,LOSS,-28.42,-56.84,122
98,TACUSDT,LONG,2026-07-02 15:00:00 UTC,1783004400000,1783004400,2026-07-07 15:59:59 UTC,1783439999999,1783439999,0.03342,0.02061,0.004,0.0126,0.07505,0.0126,50.0,31.14,62.29,LOSS,-31.14,-62.29,121
99,TACUSDT,LONG,2026-07-02 16:00:00 UTC,1783008000000,1783008000,2026-07-07 15:59:59 UTC,1783439999999,1783439999,0.03759,0.02061,0.00406,0.01249,0.08777,0.01249,50.0,33.38,66.76,LOSS,-33.38,-66.76,120
100,TACUSDT,LONG,2026-07-02 17:00:00 UTC,1783011600000,1783011600,2026-07-07 15:59:59 UTC,1783439999999,1783439999,0.03791,0.02061,0.00401,0.01258,0.08858,0.01258,50.0,33.41,66.82,LOSS,-33.41,-66.82,119
101,TACUSDT,LONG,2026-07-02 18:00:00 UTC,1783015200000,1783015200,2026-07-07 15:59:59 UTC,1783439999999,1783439999,0.03701,0.02061,0.00393,0.01275,0.08552,0.01275,50.0,32.77,65.54,LOSS,-32.77,-65.54,118
102,TACUSDT,LONG,2026-07-02 19:00:00 UTC,1783018800000,1783018800,2026-07-07 15:59:59 UTC,1783439999999,1783439999,0.03662,0.02138,0.00385,0.01368,0.08252,0.01368,50.0,31.33,62.66,LOSS,-31.33,-62.66,117
103,TACUSDT,LONG,2026-07-02 20:00:00 UTC,1783022400000,1783022400,2026-07-07 15:59:59 UTC,1783439999999,1783439999,0.0355,0.02138,0.00369,0.01401,0.07847,0.01401,50.0,30.26,60.53,LOSS,-30.26,-60.53,116
104,TACUSDT,LONG,2026-07-02 21:00:00 UTC,1783026000000,1783026000,2026-07-07 15:59:59 UTC,1783439999999,1783439999,0.03471,0.02139,0.00351,0.01436,0.07542,0.01436,50.0,29.32,58.63,LOSS,-29.32,-58.63,115
105,TACUSDT,LONG,2026-07-02 22:00:00 UTC,1783029600000,1783029600,2026-07-07 15:59:59 UTC,1783439999999,1783439999,0.03556,0.02151,0.0034,0.0147,0.07727,0.0147,50.0,29.33,58.65,LOSS,-29.33,-58.65,114
106,TACUSDT,LONG,2026-07-02 23:00:00 UTC,1783033200000,1783033200,2026-07-07 15:59:59 UTC,1783439999999,1783439999,0.03463,0.02163,0.00325,0.01514,0.07362,0.01514,50.0,28.15,56.3,LOSS,-28.15,-56.3,113
107,TACUSDT,LONG,2026-07-03 00:00:00 UTC,1783036800000,1783036800,2026-07-07 15:59:59 UTC,1783439999999,1783439999,0.03461,0.02173,0.00307,0.0156,0.07264,0.0156,50.0,27.47,54.94,LOSS,-27.47,-54.94,112
108,TACUSDT,LONG,2026-07-03 01:00:00 UTC,1783040400000,1783040400,2026-07-07 15:59:59 UTC,1783439999999,1783439999,0.03517,0.02173,0.00305,0.01562,0.07425,0.01562,50.0,27.79,55.58,LOSS,-27.79,-55.58,111
109,TACUSDT,LONG,2026-07-03 02:00:00 UTC,1783044000000,1783044000,2026-07-07 15:59:59 UTC,1783439999999,1783439999,0.03533,0.02173,0.00297,0.01578,0.07441,0.01578,50.0,27.66,55.32,LOSS,-27.66,-55.32,110
110,TACUSDT,LONG,2026-07-03 03:00:00 UTC,1783047600000,1783047600,2026-07-07 15:59:59 UTC,1783439999999,1783439999,0.0353,0.02173,0.00284,0.01605,0.07381,0.01605,50.0,27.27,54.53,LOSS,-27.27,-54.53,109
111,TACUSDT,LONG,2026-07-03 04:00:00 UTC,1783051200000,1783051200,2026-07-07 15:59:59 UTC,1783439999999,1783439999,0.03514,0.02173,0.00272,0.0163,0.07282,0.0163,50.0,26.81,53.62,LOSS,-26.81,-53.62,108
112,TACUSDT,LONG,2026-07-03 05:00:00 UTC,1783054800000,1783054800,2026-07-07 15:59:59 UTC,1783439999999,1783439999,0.03525,0.02173,0.00259,0.01656,0.07264,0.01656,50.0,26.52,53.03,LOSS,-26.52,-53.03,107
113,TACUSDT,LONG,2026-07-03 06:00:00 UTC,1783058400000,1783058400,2026-07-07 15:59:59 UTC,1783439999999,1783439999,0.03571,0.02173,0.0025,0.01673,0.07367,0.01673,50.0,26.57,53.15,LOSS,-26.57,-53.15,106
114,TACUSDT,LONG,2026-07-03 07:00:00 UTC,1783062000000,1783062000,2026-07-07 15:59:59 UTC,1783439999999,1783439999,0.03606,0.02173,0.00241,0.0169,0.07438,0.0169,50.0,26.57,53.13,LOSS,-26.57,-53.13,105
115,TACUSDT,LONG,2026-07-03 08:00:00 UTC,1783065600000,1783065600,2026-07-07 15:59:59 UTC,1783439999999,1783439999,0.03591,0.02173,0.00231,0.0171,0.07352,0.0171,50.0,26.19,52.37,LOSS,-26.19,-52.37,104
116,TACUSDT,LONG,2026-07-03 09:00:00 UTC,1783069200000,1783069200,2026-07-07 15:59:59 UTC,1783439999999,1783439999,0.03354,0.02173,0.00232,0.01709,0.06645,0.01709,50.0,24.53,49.05,LOSS,-24.53,-49.05,103
117,TACUSDT,LONG,2026-07-03 10:00:00 UTC,1783072800000,1783072800,2026-07-07 15:59:59 UTC,1783439999999,1783439999,0.03174,0.02173,0.00232,0.0171,0.06101,0.0171,50.0,23.06,46.12,LOSS,-23.06,-46.12,102
118,TACUSDT,LONG,2026-07-03 11:00:00 UTC,1783076400000,1783076400,2026-07-07 15:59:59 UTC,1783439999999,1783439999,0.03218,0.02173,0.00232,0.0171,0.06234,0.0171,50.0,23.43,46.87,LOSS,-23.43,-46.87,101
119,TACUSDT,LONG,2026-07-03 12:00:00 UTC,1783080000000,1783080000,2026-07-07 09:59:59 UTC,1783418399999,1783418399,0.03161,0.02787,0.00225,0.02336,0.04811,0.04811,50.0,13.05,26.1,WIN,26.1,52.19,94
120,TACUSDT,LONG,2026-07-03 13:00:00 UTC,1783083600000,1783083600,2026-07-07 09:59:59 UTC,1783418399999,1783418399,0.03096,0.02787,0.00217,0.02352,0.04585,0.04585,50.0,12.02,24.03,WIN,24.03,48.07,93
121,TACUSDT,LONG,2026-07-03 14:00:00 UTC,1783087200000,1783087200,2026-07-07 09:59:59 UTC,1783418399999,1783418399,0.03179,0.02787,0.00212,0.02362,0.04812,0.04812,50.0,12.85,25.7,WIN,25.7,51.39,92
122,TACUSDT,LONG,2026-07-03 15:00:00 UTC,1783090800000,1783090800,2026-07-07 09:59:59 UTC,1783418399999,1783418399,0.03124,0.02787,0.00203,0.0238,0.04613,0.04613,50.0,11.91,23.83,WIN,23.83,47.65,91
123,TACUSDT,LONG,2026-07-03 16:00:00 UTC,1783094400000,1783094400,2026-07-07 08:59:59 UTC,1783414799999,1783414799,0.03093,0.02787,0.00193,0.02401,0.04478,0.04478,50.0,11.19,22.38,WIN,22.38,44.76,89
124,TACUSDT,LONG,2026-07-03 17:00:00 UTC,1783098000000,1783098000,2026-07-07 08:59:59 UTC,1783414799999,1783414799,0.03044,0.02787,0.00188,0.02411,0.04311,0.04311,50.0,10.41,20.81,WIN,20.81,41.63,88
125,TACUSDT,LONG,2026-07-03 18:00:00 UTC,1783101600000,1783101600,2026-07-07 08:59:59 UTC,1783414799999,1783414799,0.03049,0.02787,0.00179,0.02428,0.0429,0.0429,50.0,10.18,20.36,WIN,20.36,40.72,87
126,TACUSDT,LONG,2026-07-03 19:00:00 UTC,1783105200000,1783105200,2026-07-04 11:59:59 UTC,1783166399999,1783166399,0.03004,0.02787,0.00174,0.02438,0.04137,0.04137,50.0,9.42,18.84,WIN,18.84,37.69,17
127,TACUSDT,LONG,2026-07-03 20:00:00 UTC,1783108800000,1783108800,2026-07-04 11:59:59 UTC,1783166399999,1783166399,0.03038,0.02787,0.00165,0.02456,0.04203,0.04203,50.0,9.58,19.17,WIN,19.17,38.34,16
128,TACUSDT,LONG,2026-07-03 21:00:00 UTC,1783112400000,1783112400,2026-07-04 11:59:59 UTC,1783166399999,1783166399,0.03011,0.02787,0.00157,0.02473,0.04089,0.04089,50.0,8.95,17.89,WIN,17.89,35.79,15
129,TACUSDT,LONG,2026-07-03 22:00:00 UTC,1783116000000,1783116000,2026-07-04 11:59:59 UTC,1783166399999,1783166399,0.03048,0.02787,0.00152,0.02483,0.04176,0.04176,50.0,9.26,18.52,WIN,18.52,37.04,14
130,TACUSDT,LONG,2026-07-03 23:00:00 UTC,1783119600000,1783119600,2026-07-04 11:59:59 UTC,1783166399999,1783166399,0.03023,0.02787,0.00145,0.02497,0.04074,0.04074,50.0,8.69,17.39,WIN,17.39,34.77,13
131,TACUSDT,LONG,2026-07-04 00:00:00 UTC,1783123200000,1783123200,2026-07-04 10:59:59 UTC,1783162799999,1783162799,0.03004,0.02787,0.00139,0.02509,0.03995,0.03995,50.0,8.24,16.48,WIN,16.48,32.95,11
132,TACUSDT,LONG,2026-07-04 01:00:00 UTC,1783126800000,1783126800,2026-07-04 10:59:59 UTC,1783162799999,1783162799,0.03032,0.02787,0.00134,0.02519,0.04057,0.04057,50.0,8.46,16.91,WIN,16.91,33.82,10
133,TACUSDT,LONG,2026-07-04 02:00:00 UTC,1783130400000,1783130400,2026-07-04 10:59:59 UTC,1783162799999,1783162799,0.03025,0.02787,0.00129,0.02529,0.04016,0.04016,50.0,8.19,16.38,WIN,16.38,32.76,9
134,TACUSDT,LONG,2026-07-04 03:00:00 UTC,1783134000000,1783134000,2026-07-04 10:59:59 UTC,1783162799999,1783162799,0.0302,0.02787,0.00125,0.02537,0.03987,0.03987,50.0,8.0,16.01,WIN,16.01,32.02,8
135,TACUSDT,LONG,2026-07-04 04:00:00 UTC,1783137600000,1783137600,2026-07-04 10:59:59 UTC,1783162799999,1783162799,0.03016,0.02787,0.0012,0.02547,0.03954,0.03954,50.0,7.78,15.55,WIN,15.55,31.11,7
136,TACUSDT,LONG,2026-07-04 05:00:00 UTC,1783141200000,1783141200,2026-07-04 10:59:59 UTC,1783162799999,1783162799,0.03034,0.02787,0.00115,0.02556,0.03988,0.03988,50.0,7.87,15.73,WIN,15.73,31.46,6
137,TACUSDT,LONG,2026-07-04 06:00:00 UTC,1783144800000,1783144800,2026-07-04 10:59:59 UTC,1783162799999,1783162799,0.03048,0.02787,0.00115,0.02557,0.0403,0.0403,50.0,8.06,16.11,WIN,16.11,32.23,5
138,TACUSDT,LONG,2026-07-04 07:00:00 UTC,1783148400000,1783148400,2026-07-07 08:59:59 UTC,1783414799999,1783414799,0.03135,0.02787,0.00122,0.02542,0.0432,0.0432,50.0,9.45,18.91,WIN,18.91,37.82,74
139,TACUSDT,LONG,2026-07-04 08:00:00 UTC,1783152000000,1783152000,2026-07-04 11:59:59 UTC,1783166399999,1783166399,0.03089,0.02787,0.00125,0.02537,0.04195,0.04195,50.0,8.95,17.89,WIN,17.89,35.79,4
140,TACUSDT,LONG,2026-07-04 09:00:00 UTC,1783155600000,1783155600,2026-07-07 15:59:59 UTC,1783439999999,1783439999,0.03605,0.02787,0.00158,0.0247,0.05876,0.0247,50.0,15.74,31.49,LOSS,-15.74,-31.49,79
141,TACUSDT,LONG,2026-07-04 10:00:00 UTC,1783159200000,1783159200,2026-07-07 11:59:59 UTC,1783425599999,1783425599,0.03401,0.02787,0.00188,0.02411,0.05382,0.05382,50.0,14.55,29.11,WIN,29.11,58.21,74
142,TACUSDT,LONG,2026-07-04 11:00:00 UTC,1783162800000,1783162800,2026-07-07 15:59:59 UTC,1783439999999,1783439999,0.04048,0.02787,0.00226,0.02335,0.07473,0.02335,50.0,21.16,42.31,LOSS,-21.16,-42.31,77
143,TACUSDT,LONG,2026-07-04 12:00:00 UTC,1783166400000,1783166400,2026-07-07 15:59:59 UTC,1783439999999,1783439999,0.04077,0.02787,0.00234,0.0232,0.07591,0.0232,50.0,21.55,43.1,LOSS,-21.55,-43.1,76
144,TACUSDT,LONG,2026-07-04 13:00:00 UTC,1783170000000,1783170000,2026-07-07 15:59:59 UTC,1783439999999,1783439999,0.03543,0.02787,0.00297,0.02193,0.06242,0.02193,50.0,19.05,38.09,LOSS,-19.05,-38.09,75
145,TACUSDT,LONG,2026-07-04 14:00:00 UTC,1783173600000,1783173600,2026-07-07 15:59:59 UTC,1783439999999,1783439999,0.03518,0.02787,0.00295,0.02197,0.0616,0.02197,50.0,18.77,37.54,LOSS,-18.77,-37.54,74
146,TACUSDT,LONG,2026-07-04 15:00:00 UTC,1783177200000,1783177200,2026-07-07 15:59:59 UTC,1783439999999,1783439999,0.03453,0.02787,0.00289,0.02208,0.05942,0.02208,50.0,18.02,36.05,LOSS,-18.02,-36.05,73
147,TACUSDT,LONG,2026-07-04 16:00:00 UTC,1783180800000,1783180800,2026-07-07 09:59:59 UTC,1783418399999,1783418399,0.03216,0.02787,0.00298,0.0219,0.05267,0.05267,50.0,15.95,31.9,WIN,31.9,63.79,66
148,TACUSDT,LONG,2026-07-04 17:00:00 UTC,1783184400000,1783184400,2026-07-07 11:59:59 UTC,1783425599999,1783425599,0.03278,0.02787,0.00287,0.02213,0.05406,0.05406,50.0,16.24,32.48,WIN,32.48,64.95,67
149,TACUSDT,LONG,2026-07-04 18:00:00 UTC,1783188000000,1783188000,2026-07-07 09:59:59 UTC,1783418399999,1783418399,0.03204,0.02787,0.00273,0.02241,0.05129,0.05129,50.0,15.02,30.04,WIN,30.04,60.09,64
150,TACUSDT,LONG,2026-07-04 19:00:00 UTC,1783191600000,1783191600,2026-07-07 09:59:59 UTC,1783418399999,1783418399,0.03198,0.02787,0.00258,0.02271,0.05053,0.05053,50.0,14.5,29.0,WIN,29.0,57.99,63
151,TACUSDT,LONG,2026-07-04 20:00:00 UTC,1783195200000,1783195200,2026-07-07 09:59:59 UTC,1783418399999,1783418399,0.03211,0.02787,0.00245,0.02297,0.05038,0.05038,50.0,14.23,28.45,WIN,28.45,56.9,62
152,TACUSDT,LONG,2026-07-04 21:00:00 UTC,1783198800000,1783198800,2026-07-07 09:59:59 UTC,1783418399999,1783418399,0.03172,0.02787,0.00235,0.02317,0.04882,0.04882,50.0,13.48,26.95,WIN,26.95,53.91,61
153,TACUSDT,LONG,2026-07-04 22:00:00 UTC,1783202400000,1783202400,2026-07-07 09:59:59 UTC,1783418399999,1783418399,0.03129,0.02787,0.00224,0.02338,0.04712,0.04712,50.0,12.64,25.29,WIN,25.29,50.58,60
154,TACUSDT,LONG,2026-07-04 23:00:00 UTC,1783206000000,1783206000,2026-07-07 08:59:59 UTC,1783414799999,1783414799,0.03081,0.02787,0.00213,0.0236,0.04524,0.04524,50.0,11.7,23.4,WIN,23.4,46.8,58
155,TACUSDT,LONG,2026-07-05 00:00:00 UTC,1783209600000,1783209600,2026-07-07 08:59:59 UTC,1783414799999,1783414799,0.03025,0.02787,0.00203,0.02381,0.04311,0.04311,50.0,10.64,21.28,WIN,21.28,42.55,57
156,TACUSDT,LONG,2026-07-05 01:00:00 UTC,1783213200000,1783213200,2026-07-07 08:59:59 UTC,1783414799999,1783414799,0.03005,0.02787,0.00193,0.02401,0.04214,0.04214,50.0,10.06,20.11,WIN,20.11,40.22,56
157,TACUSDT,LONG,2026-07-05 02:00:00 UTC,1783216800000,1783216800,2026-07-07 08:59:59 UTC,1783414799999,1783414799,0.02997,0.02787,0.00186,0.02415,0.0416,0.0416,50.0,9.71,19.41,WIN,19.41,38.83,55
158,TACUSDT,LONG,2026-07-05 03:00:00 UTC,1783220400000,1783220400,2026-07-07 08:59:59 UTC,1783414799999,1783414799,0.03011,0.02787,0.00177,0.02432,0.0417,0.0417,50.0,9.62,19.24,WIN,19.24,38.48,54
159,TACUSDT,LONG,2026-07-05 04:00:00 UTC,1783224000000,1783224000,2026-07-07 08:59:59 UTC,1783414799999,1783414799,0.03069,0.02787,0.0017,0.02446,0.04315,0.04315,50.0,10.15,20.3,WIN,20.3,40.6,53
160,TACUSDT,LONG,2026-07-05 05:00:00 UTC,1783227600000,1783227600,2026-07-07 08:59:59 UTC,1783414799999,1783414799,0.03039,0.02787,0.00165,0.02457,0.04204,0.04204,50.0,9.58,19.16,WIN,19.16,38.33,52
161,TACUSDT,LONG,2026-07-05 06:00:00 UTC,1783231200000,1783231200,2026-07-07 08:59:59 UTC,1783414799999,1783414799,0.03066,0.02787,0.00157,0.02474,0.04251,0.04251,50.0,9.66,19.32,WIN,19.32,38.64,51
162,TACUSDT,LONG,2026-07-05 07:00:00 UTC,1783234800000,1783234800,2026-07-07 08:59:59 UTC,1783414799999,1783414799,0.03004,0.02787,0.00152,0.02482,0.04048,0.04048,50.0,8.69,17.38,WIN,17.38,34.75,50
163,TACUSDT,LONG,2026-07-05 08:00:00 UTC,1783238400000,1783238400,2026-07-07 08:59:59 UTC,1783414799999,1783414799,0.03015,0.02787,0.00146,0.02495,0.04056,0.04056,50.0,8.63,17.26,WIN,17.26,34.51,49
164,TACUSDT,LONG,2026-07-05 09:00:00 UTC,1783242000000,1783242000,2026-07-07 08:59:59 UTC,1783414799999,1783414799,0.03096,0.02787,0.00143,0.02501,0.04286,0.04286,50.0,9.61,19.22,WIN,19.22,38.45,48
165,TACUSDT,LONG,2026-07-05 10:00:00 UTC,1783245600000,1783245600,2026-07-07 08:59:59 UTC,1783414799999,1783414799,0.03004,0.02787,0.00142,0.02502,0.04007,0.04007,50.0,8.35,16.7,WIN,16.7,33.4,47
166,TACUSDT,LONG,2026-07-05 11:00:00 UTC,1783249200000,1783249200,2026-07-07 08:59:59 UTC,1783414799999,1783414799,0.03013,0.02787,0.00139,0.02509,0.04022,0.04022,50.0,8.36,16.73,WIN,16.73,33.45,46
167,TACUSDT,LONG,2026-07-05 12:00:00 UTC,1783252800000,1783252800,2026-07-07 08:59:59 UTC,1783414799999,1783414799,0.03011,0.02787,0.00132,0.02523,0.03985,0.03985,50.0,8.09,16.19,WIN,16.19,32.37,45
168,TACUSDT,LONG,2026-07-05 13:00:00 UTC,1783256400000,1783256400,2026-07-07 08:59:59 UTC,1783414799999,1783414799,0.03001,0.02787,0.00125,0.02536,0.0393,0.0393,50.0,7.74,15.48,WIN,15.48,30.97,44
169,TACUSDT,LONG,2026-07-05 14:00:00 UTC,1783260000000,1783260000,2026-07-07 08:59:59 UTC,1783414799999,1783414799,0.0299,0.02787,0.00121,0.02546,0.03879,0.03879,50.0,7.43,14.87,WIN,14.87,29.73,43
170,TACUSDT,LONG,2026-07-05 15:00:00 UTC,1783263600000,1783263600,2026-07-07 08:59:59 UTC,1783414799999,1783414799,0.02982,0.02787,0.00122,0.02542,0.03861,0.03861,50.0,7.37,14.74,WIN,14.74,29.49,42
171,TACUSDT,LONG,2026-07-05 16:00:00 UTC,1783267200000,1783267200,2026-07-07 08:59:59 UTC,1783414799999,1783414799,0.03009,0.02787,0.00119,0.02548,0.0393,0.0393,50.0,7.65,15.3,WIN,15.3,30.6,41
172,TACUSDT,LONG,2026-07-05 17:00:00 UTC,1783270800000,1783270800,2026-07-07 08:59:59 UTC,1783414799999,1783414799,0.02993,0.02787,0.00115,0.02557,0.03866,0.03866,50.0,7.29,14.58,WIN,14.58,29.16,40
173,TACUSDT,LONG,2026-07-05 18:00:00 UTC,1783274400000,1783274400,2026-07-07 08:59:59 UTC,1783414799999,1783414799,0.03019,0.02787,0.00109,0.02568,0.03921,0.03921,50.0,7.47,14.93,WIN,14.93,29.86,39
174,TACUSDT,LONG,2026-07-05 19:00:00 UTC,1783278000000,1783278000,2026-07-07 08:59:59 UTC,1783414799999,1783414799,0.03125,0.02787,0.0011,0.02566,0.04243,0.04243,50.0,8.94,17.88,WIN,17.88,35.76,38
175,TACUSDT,LONG,2026-07-05 20:00:00 UTC,1783281600000,1783281600,2026-07-07 08:59:59 UTC,1783414799999,1783414799,0.03107,0.02787,0.00107,0.02572,0.04176,0.04176,50.0,8.6,17.2,WIN,17.2,34.41,37
176,TACUSDT,LONG,2026-07-05 21:00:00 UTC,1783285200000,1783285200,2026-07-07 08:59:59 UTC,1783414799999,1783414799,0.03115,0.02787,0.00103,0.02581,0.04184,0.04184,50.0,8.58,17.16,WIN,17.16,34.31,36
177,TACUSDT,LONG,2026-07-05 22:00:00 UTC,1783288800000,1783288800,2026-07-07 08:59:59 UTC,1783414799999,1783414799,0.03091,0.02787,0.00099,0.02588,0.04097,0.04097,50.0,8.14,16.27,WIN,16.27,32.54,35
178,TACUSDT,LONG,2026-07-05 23:00:00 UTC,1783292400000,1783292400,2026-07-07 08:59:59 UTC,1783414799999,1783414799,0.03116,0.02787,0.00096,0.02595,0.04157,0.04157,50.0,8.36,16.71,WIN,16.71,33.42,34
179,TACUSDT,LONG,2026-07-06 00:00:00 UTC,1783296000000,1783296000,2026-07-07 08:59:59 UTC,1783414799999,1783414799,0.03085,0.02787,0.00094,0.02599,0.04058,0.04058,50.0,7.88,15.76,WIN,15.76,31.51,33
180,TACUSDT,LONG,2026-07-06 01:00:00 UTC,1783299600000,1783299600,2026-07-07 08:59:59 UTC,1783414799999,1783414799,0.03078,0.02787,0.0009,0.02606,0.04022,0.04022,50.0,7.67,15.33,WIN,15.33,30.66,32
181,TACUSDT,LONG,2026-07-06 02:00:00 UTC,1783303200000,1783303200,2026-07-07 08:59:59 UTC,1783414799999,1783414799,0.03192,0.02787,0.00094,0.02598,0.0438,0.0438,50.0,9.3,18.61,WIN,18.61,37.21,31
182,TACUSDT,LONG,2026-07-06 03:00:00 UTC,1783306800000,1783306800,2026-07-07 08:59:59 UTC,1783414799999,1783414799,0.03137,0.02787,0.00094,0.02599,0.04214,0.04214,50.0,8.58,17.17,WIN,17.17,34.34,30
183,TACUSDT,LONG,2026-07-06 04:00:00 UTC,1783310400000,1783310400,2026-07-07 08:59:59 UTC,1783414799999,1783414799,0.03077,0.02787,0.00099,0.0259,0.04051,0.04051,50.0,7.91,15.83,WIN,15.83,31.66,29
184,TACUSDT,LONG,2026-07-06 05:00:00 UTC,1783314000000,1783314000,2026-07-07 08:59:59 UTC,1783414799999,1783414799,0.03024,0.02787,0.00097,0.02593,0.03886,0.03886,50.0,7.13,14.25,WIN,14.25,28.5,28
185,TACUSDT,LONG,2026-07-06 06:00:00 UTC,1783317600000,1783317600,2026-07-07 08:59:59 UTC,1783414799999,1783414799,0.02987,0.02787,0.00094,0.02598,0.03765,0.03765,50.0,6.51,13.02,WIN,13.02,26.03,27
186,TACUSDT,LONG,2026-07-06 07:00:00 UTC,1783321200000,1783321200,2026-07-07 08:59:59 UTC,1783414799999,1783414799,0.02963,0.02787,0.00091,0.02605,0.0368,0.0368,50.0,6.05,12.09,WIN,12.09,24.18,26
187,TACUSDT,LONG,2026-07-06 08:00:00 UTC,1783324800000,1783324800,2026-07-07 08:59:59 UTC,1783414799999,1783414799,0.02956,0.02787,0.00087,0.02614,0.03641,0.03641,50.0,5.79,11.58,WIN,11.58,23.16,25
188,TACUSDT,LONG,2026-07-06 09:00:00 UTC,1783328400000,1783328400,2026-07-07 08:59:59 UTC,1783414799999,1783414799,0.03038,0.02787,0.00087,0.02612,0.03889,0.03889,50.0,7.01,14.01,WIN,14.01,28.02,24
189,TACUSDT,LONG,2026-07-06 10:00:00 UTC,1783332000000,1783332000,2026-07-07 08:59:59 UTC,1783414799999,1783414799,0.02988,0.02787,0.00088,0.0261,0.03744,0.03744,50.0,6.32,12.65,WIN,12.65,25.3,23
190,TACUSDT,LONG,2026-07-06 11:00:00 UTC,1783335600000,1783335600,2026-07-07 08:59:59 UTC,1783414799999,1783414799,0.03036,0.02787,0.00087,0.02612,0.03884,0.03884,50.0,6.98,13.96,WIN,13.96,27.93,22
191,TACUSDT,LONG,2026-07-06 12:00:00 UTC,1783339200000,1783339200,2026-07-07 08:59:59 UTC,1783414799999,1783414799,0.03024,0.02787,0.00086,0.02614,0.03844,0.03844,50.0,6.78,13.56,WIN,13.56,27.12,21
192,TACUSDT,LONG,2026-07-06 13:00:00 UTC,1783342800000,1783342800,2026-07-07 08:59:59 UTC,1783414799999,1783414799,0.03022,0.02787,0.00088,0.0261,0.03844,0.03844,50.0,6.81,13.61,WIN,13.61,27.23,20
193,TACUSDT,LONG,2026-07-06 14:00:00 UTC,1783346400000,1783346400,2026-07-07 08:59:59 UTC,1783414799999,1783414799,0.02998,0.02787,0.00086,0.02614,0.03766,0.03766,50.0,6.4,12.81,WIN,12.81,25.61,19
194,TACUSDT,LONG,2026-07-06 15:00:00 UTC,1783350000000,1783350000,2026-07-07 08:59:59 UTC,1783414799999,1783414799,0.03012,0.02787,0.00085,0.02617,0.03801,0.03801,50.0,6.55,13.1,WIN,13.1,26.19,18
195,TACUSDT,LONG,2026-07-06 16:00:00 UTC,1783353600000,1783353600,2026-07-07 08:59:59 UTC,1783414799999,1783414799,0.03047,0.02787,0.00083,0.02621,0.03897,0.03897,50.0,6.98,13.96,WIN,13.96,27.92,17
196,TACUSDT,LONG,2026-07-06 17:00:00 UTC,1783357200000,1783357200,2026-07-07 08:59:59 UTC,1783414799999,1783414799,0.03096,0.02787,0.00084,0.02619,0.04049,0.04049,50.0,7.7,15.39,WIN,15.39,30.79,16
197,TACUSDT,LONG,2026-07-06 18:00:00 UTC,1783360800000,1783360800,2026-07-07 08:59:59 UTC,1783414799999,1783414799,0.03146,0.02916,0.00084,0.02748,0.03943,0.03943,50.0,6.33,12.67,WIN,12.67,25.33,15
198,TACUSDT,LONG,2026-07-06 19:00:00 UTC,1783364400000,1783364400,2026-07-07 08:59:59 UTC,1783414799999,1783414799,0.03193,0.02916,0.00087,0.02743,0.04093,0.04093,50.0,7.05,14.1,WIN,14.1,28.2,14
199,TACUSDT,LONG,2026-07-06 20:00:00 UTC,1783368000000,1783368000,2026-07-07 08:59:59 UTC,1783414799999,1783414799,0.03175,0.02916,0.00087,0.02743,0.0404,0.0404,50.0,6.81,13.62,WIN,13.62,27.23,13
200,TACUSDT,LONG,2026-07-06 21:00:00 UTC,1783371600000,1783371600,2026-07-07 08:59:59 UTC,1783414799999,1783414799,0.03183,0.02916,0.00088,0.0274,0.0407,0.0407,50.0,6.96,13.93,WIN,13.93,27.85,12
201,TACUSDT,LONG,2026-07-06 22:00:00 UTC,1783375200000,1783375200,2026-07-07 08:59:59 UTC,1783414799999,1783414799,0.03132,0.02916,0.0009,0.02736,0.03923,0.03923,50.0,6.32,12.63,WIN,12.63,25.26,11
202,TACUSDT,LONG,2026-07-06 23:00:00 UTC,1783378800000,1783378800,2026-07-07 08:59:59 UTC,1783414799999,1783414799,0.03169,0.02916,0.00089,0.02738,0.04031,0.04031,50.0,6.8,13.59,WIN,13.59,27.19,10
203,TACUSDT,LONG,2026-07-07 00:00:00 UTC,1783382400000,1783382400,2026-07-07 08:59:59 UTC,1783414799999,1783414799,0.03232,0.02916,0.00088,0.0274,0.04216,0.04216,50.0,7.62,15.23,WIN,15.23,30.46,9
204,TACUSDT,LONG,2026-07-07 01:00:00 UTC,1783386000000,1783386000,2026-07-07 08:59:59 UTC,1783414799999,1783414799,0.03291,0.02916,0.00088,0.02741,0.04392,0.04392,50.0,8.36,16.73,WIN,16.73,33.45,8
205,TACUSDT,LONG,2026-07-07 02:00:00 UTC,1783389600000,1783389600,2026-07-07 08:59:59 UTC,1783414799999,1783414799,0.03307,0.02916,0.0009,0.02737,0.04447,0.04447,50.0,8.62,17.24,WIN,17.24,34.48,7
206,TACUSDT,LONG,2026-07-07 03:00:00 UTC,1783393200000,1783393200,2026-07-07 08:59:59 UTC,1783414799999,1783414799,0.03277,0.02916,0.00093,0.02731,0.04371,0.04371,50.0,8.34,16.69,WIN,16.69,33.37,6
207,TACUSDT,LONG,2026-07-07 04:00:00 UTC,1783396800000,1783396800,2026-07-07 08:59:59 UTC,1783414799999,1783414799,0.03292,0.02916,0.00093,0.0273,0.04415,0.04415,50.0,8.53,17.07,WIN,17.07,34.14,5
208,TACUSDT,LONG,2026-07-07 05:00:00 UTC,1783400400000,1783400400,2026-07-07 08:59:59 UTC,1783414799999,1783414799,0.03247,0.02916,0.00094,0.02728,0.04283,0.04283,50.0,7.98,15.96,WIN,15.96,31.91,4
209,TACUSDT,LONG,2026-07-07 06:00:00 UTC,1783404000000,1783404000,2026-07-07 08:59:59 UTC,1783414799999,1783414799,0.03168,0.02916,0.00095,0.02726,0.04051,0.04051,50.0,6.97,13.94,WIN,13.94,27.88,3
210,TACUSDT,LONG,2026-07-07 07:00:00 UTC,1783407600000,1783407600,2026-07-07 08:59:59 UTC,1783414799999,1783414799,0.03195,0.02916,0.00092,0.02732,0.04119,0.04119,50.0,7.23,14.47,WIN,14.47,28.94,2
211,TACUSDT,LONG,2026-07-07 08:00:00 UTC,1783411200000,1783411200,2026-07-07 09:59:59 UTC,1783418399999,1783418399,0.0345,0.02916,0.00109,0.02698,0.04954,0.04954,50.0,10.9,21.79,WIN,21.79,43.59,2
212,TACUSDT,LONG,2026-07-07 09:00:00 UTC,1783414800000,1783414800,2026-07-07 15:59:59 UTC,1783439999999,1783439999,0.0451,0.02916,0.00181,0.02555,0.08419,0.02555,50.0,21.67,43.34,LOSS,-21.67,-43.34,7
213,TACUSDT,LONG,2026-07-07 10:00:00 UTC,1783418400000,1783418400,2026-07-07 15:59:59 UTC,1783439999999,1783439999,0.05063,0.02916,0.00237,0.02443,0.10303,0.02443,50.0,25.88,51.75,LOSS,-25.88,-51.75,6
214,TACUSDT,LONG,2026-07-07 11:00:00 UTC,1783422000000,1783422000,2026-07-07 15:59:59 UTC,1783439999999,1783439999,0.05288,0.02916,0.00248,0.02421,0.11022,0.02421,50.0,27.11,54.22,LOSS,-27.11,-54.22,5
215,TACUSDT,LONG,2026-07-07 12:00:00 UTC,1783425600000,1783425600,2026-07-07 15:59:59 UTC,1783439999999,1783439999,0.05145,0.02916,0.00274,0.02368,0.10699,0.02368,50.0,26.99,53.98,LOSS,-26.99,-53.98,4
216,TACUSDT,LONG,2026-07-07 13:00:00 UTC,1783429200000,1783429200,2026-07-07 15:59:59 UTC,1783439999999,1783439999,0.04999,0.02916,0.00283,0.0235,0.10296,0.0235,50.0,26.49,52.98,LOSS,-26.49,-52.98,3
217,TACUSDT,LONG,2026-07-07 14:00:00 UTC,1783432800000,1783432800,2026-07-07 15:59:59 UTC,1783439999999,1783439999,0.04723,0.02916,0.00303,0.02311,0.09548,0.02311,50.0,25.54,51.08,LOSS,-25.54,-51.08,2
218,TACUSDT,LONG,2026-07-07 15:00:00 UTC,1783436400000,1783436400,2026-07-07 15:59:59 UTC,1783439999999,1783439999,0.05029,0.02916,0.00322,0.02272,0.10542,0.02272,50.0,27.41,54.81,LOSS,-27.41,-54.81,1
257,TACUSDT,LONG,2026-07-09 06:00:00 UTC,1783576800000,1783576800,2026-08-22 20:59:59 UTC,1787432399999,1787432399,0.00261,0.00236,0.00063,0.0011,0.00561,0.0011,50.0,28.83,57.66,LOSS,-28.83,-57.66,1071
258,TACUSDT,LONG,2026-07-09 07:00:00 UTC,1783580400000,1783580400,2026-08-22 20:59:59 UTC,1787432399999,1787432399,0.00262,0.00236,0.00059,0.00118,0.00549,0.00118,50.0,27.42,54.84,LOSS,-27.42,-54.84,1070
259,TACUSDT,LONG,2026-07-09 08:00:00 UTC,1783584000000,1783584000,2026-08-22 20:59:59 UTC,1787432399999,1787432399,0.00262,0.00236,0.00055,0.00126,0.00534,0.00126,50.0,25.98,51.97,LOSS,-25.98,-51.97,1069
260,TACUSDT,LONG,2026-07-09 09:00:00 UTC,1783587600000,1783587600,2026-08-22 20:59:59 UTC,1787432399999,1787432399,0.00271,0.00236,0.00052,0.00131,0.00549,0.00131,50.0,25.72,51.44,LOSS,-25.72,-51.44,1068
261,TACUSDT,LONG,2026-07-09 10:00:00 UTC,1783591200000,1783591200,2026-07-10 00:59:59 UTC,1783645199999,1783645199,0.00262,0.00236,0.0005,0.00136,0.00514,0.00514,50.0,24.05,48.1,WIN,48.1,96.19,15
262,TACUSDT,LONG,2026-07-09 11:00:00 UTC,1783594800000,1783594800,2026-07-10 00:59:59 UTC,1783645199999,1783645199,0.00266,0.00236,0.00048,0.00141,0.00518,0.00518,50.0,23.59,47.19,WIN,47.19,94.37,14
263,TACUSDT,LONG,2026-07-09 12:00:00 UTC,1783598400000,1783598400,2026-07-09 23:59:59 UTC,1783641599999,1783641599,0.00265,0.00236,0.00046,0.00144,0.00506,0.00506,50.0,22.8,45.6,WIN,45.6,91.19,12
264,TACUSDT,LONG,2026-07-09 13:00:00 UTC,1783602000000,1783602000,2026-07-09 23:59:59 UTC,1783641599999,1783641599,0.00264,0.00236,0.00043,0.00149,0.00493,0.00493,50.0,21.74,43.48,WIN,43.48,86.95,11
265,TACUSDT,LONG,2026-07-09 14:00:00 UTC,1783605600000,1783605600,2026-07-09 23:59:59 UTC,1783641599999,1783641599,0.00268,0.00236,0.00041,0.00154,0.00496,0.00496,50.0,21.32,42.63,WIN,42.63,85.26,10
266,TACUSDT,LONG,2026-07-09 15:00:00 UTC,1783609200000,1783609200,2026-07-10 00:59:59 UTC,1783645199999,1783645199,0.00275,0.00236,0.0004,0.00157,0.00511,0.00511,50.0,21.47,42.93,WIN,42.93,85.86,10
267,TACUSDT,LONG,2026-07-09 16:00:00 UTC,1783612800000,1783612800,2026-08-22 20:59:59 UTC,1787432399999,1787432399,0.00291,0.00236,0.00038,0.00159,0.00553,0.00159,50.0,22.56,45.13,LOSS,-22.56,-45.13,1061
268,TACUSDT,LONG,2026-07-09 17:00:00 UTC,1783616400000,1783616400,2026-08-22 20:59:59 UTC,1787432399999,1787432399,0.00298,0.00236,0.00038,0.00161,0.00571,0.00161,50.0,23.01,46.02,LOSS,-23.01,-46.02,1060
269,TACUSDT,LONG,2026-07-09 18:00:00 UTC,1783620000000,1783620000,2026-08-22 20:59:59 UTC,1787432399999,1787432399,0.00369,0.00236,0.00042,0.00153,0.00801,0.00153,50.0,29.29,58.58,LOSS,-29.29,-58.58,1059
270,TACUSDT,LONG,2026-07-09 19:00:00 UTC,1783623600000,1783623600,2026-08-22 20:59:59 UTC,1787432399999,1787432399,0.00358,0.00236,0.00043,0.00151,0.00773,0.00151,50.0,28.96,57.93,LOSS,-28.96,-57.93,1058
271,TACUSDT,LONG,2026-07-09 20:00:00 UTC,1783627200000,1783627200,2026-08-22 20:59:59 UTC,1787432399999,1787432399,0.00364,0.00236,0.00042,0.00152,0.00788,0.00152,50.0,29.12,58.24,LOSS,-29.12,-58.24,1057
272,TACUSDT,LONG,2026-07-09 21:00:00 UTC,1783630800000,1783630800,2026-08-22 20:59:59 UTC,1787432399999,1787432399,0.00453,0.00236,0.00046,0.00143,0.01071,0.00143,50.0,34.19,68.39,LOSS,-34.19,-68.39,1056
273,TACUSDT,LONG,2026-07-09 22:00:00 UTC,1783634400000,1783634400,2026-08-22 20:59:59 UTC,1787432399999,1787432399,0.00405,0.00236,0.00048,0.0014,0.00936,0.0014,50.0,32.76,65.51,LOSS,-32.76,-65.51,1055
274,TACUSDT,LONG,2026-07-09 23:00:00 UTC,1783638000000,1783638000,2026-08-22 20:59:59 UTC,1787432399999,1787432399,0.00463,0.00236,0.0005,0.00136,0.01118,0.00136,50.0,35.35,70.7,LOSS,-35.35,-70.7,1054
275,TACUSDT,LONG,2026-07-10 00:00:00 UTC,1783641600000,1783641600,2026-08-22 20:59:59 UTC,1787432399999,1787432399,0.00476,0.00236,0.00052,0.00133,0.01163,0.00133,50.0,36.06,72.12,LOSS,-36.06,-72.12,1053
276,TACUSDT,LONG,2026-07-10 01:00:00 UTC,1783645200000,1783645200,2026-08-22 20:59:59 UTC,1787432399999,1787432399,0.0051,0.00236,0.00052,0.00132,0.01266,0.00132,50.0,37.04,74.07,LOSS,-37.04,-74.07,1052
277,TACUSDT,LONG,2026-07-10 02:00:00 UTC,1783648800000,1783648800,2026-08-22 20:59:59 UTC,1787432399999,1787432399,0.00417,0.00236,0.00059,0.00118,0.01014,0.00118,50.0,35.85,71.69,LOSS,-35.85,-71.69,1051
278,TACUSDT,LONG,2026-07-10 03:00:00 UTC,1783652400000,1783652400,2026-08-22 20:59:59 UTC,1787432399999,1787432399,0.00434,0.00236,0.00057,0.00121,0.01061,0.00121,50.0,36.06,72.12,LOSS,-36.06,-72.12,1050
279,TACUSDT,LONG,2026-07-10 04:00:00 UTC,1783656000000,1783656000,2026-08-22 20:59:59 UTC,1787432399999,1787432399,0.00435,0.00236,0.00055,0.00126,0.01053,0.00126,50.0,35.54,71.09,LOSS,-35.54,-71.09,1049
280,TACUSDT,LONG,2026-07-10 05:00:00 UTC,1783659600000,1783659600,2026-08-22 20:59:59 UTC,1787432399999,1787432399,0.00483,0.00236,0.00056,0.00123,0.01201,0.00123,50.0,37.24,74.48,LOSS,-37.24,-74.48,1048
281,TACUSDT,LONG,2026-07-10 06:00:00 UTC,1783663200000,1783663200,2026-08-22 20:59:59 UTC,1787432399999,1787432399,0.00438,0.00236,0.00057,0.00121,0.01071,0.00121,50.0,36.17,72.34,LOSS,-36.17,-72.34,1047
282,TACUSDT,LONG,2026-07-10 07:00:00 UTC,1783666800000,1783666800,2026-08-22 20:59:59 UTC,1787432399999,1787432399,0.00435,0.00236,0.00056,0.00124,0.01057,0.00124,50.0,35.71,71.43,LOSS,-35.71,-71.43,1046
283,TACUSDT,LONG,2026-07-10 08:00:00 UTC,1783670400000,1783670400,2026-08-22 20:59:59 UTC,1787432399999,1787432399,0.00404,0.00236,0.00056,0.00125,0.00962,0.00125,50.0,34.58,69.15,LOSS,-34.58,-69.15,1045
284,TACUSDT,LONG,2026-07-10 09:00:00 UTC,1783674000000,1783674000,2026-08-22 20:59:59 UTC,1787432399999,1787432399,0.00402,0.00236,0.00054,0.00129,0.00947,0.00129,50.0,33.95,67.89,LOSS,-33.95,-67.89,1044
285,TACUSDT,LONG,2026-07-10 10:00:00 UTC,1783677600000,1783677600,2026-08-22 20:59:59 UTC,1787432399999,1787432399,0.0042,0.00236,0.00052,0.00133,0.00996,0.00133,50.0,34.24,68.47,LOSS,-34.24,-68.47,1043
286,TACUSDT,LONG,2026-07-10 11:00:00 UTC,1783681200000,1783681200,2026-08-22 20:59:59 UTC,1787432399999,1787432399,0.00404,0.00236,0.0005,0.00136,0.0094,0.00136,50.0,33.21,66.42,LOSS,-33.21,-66.42,1042
287,TACUSDT,LONG,2026-07-10 12:00:00 UTC,1783684800000,1783684800,2026-08-22 20:59:59 UTC,1787432399999,1787432399,0.00399,0.00236,0.00048,0.0014,0.00916,0.0014,50.0,32.42,64.85,LOSS,-32.42,-64.85,1041
288,TACUSDT,LONG,2026-07-10 13:00:00 UTC,1783688400000,1783688400,2026-08-22 20:59:59 UTC,1787432399999,1787432399,0.00396,0.00236,0.00046,0.00144,0.009,0.00144,50.0,31.82,63.64,LOSS,-31.82,-63.64,1040
289,TACUSDT,LONG,2026-07-10 14:00:00 UTC,1783692000000,1783692000,2026-08-22 20:59:59 UTC,1787432399999,1787432399,0.0038,0.00236,0.00044,0.00147,0.00846,0.00147,50.0,30.66,61.32,LOSS,-30.66,-61.32,1039
290,TACUSDT,LONG,2026-07-10 15:00:00 UTC,1783695600000,1783695600,2026-08-22 20:59:59 UTC,1787432399999,1787432399,0.00375,0.00236,0.00043,0.00151,0.00823,0.00151,50.0,29.9,59.79,LOSS,-29.9,-59.79,1038
291,TACUSDT,LONG,2026-07-10 16:00:00 UTC,1783699200000,1783699200,2026-08-22 20:59:59 UTC,1787432399999,1787432399,0.0038,0.00236,0.0004,0.00155,0.00829,0.00155,50.0,29.57,59.15,LOSS,-29.57,-59.15,1037
292,TACUSDT,LONG,2026-07-10 17:00:00 UTC,1783702800000,1783702800,2026-08-22 20:59:59 UTC,1787432399999,1787432399,0.00411,0.00236,0.00041,0.00155,0.00925,0.00155,50.0,31.21,62.42,LOSS,-31.21,-62.42,1036
293,TACUSDT,LONG,2026-07-10 18:00:00 UTC,1783706400000,1783706400,2026-08-22 20:59:59 UTC,1787432399999,1787432399,0.00419,0.00236,0.0004,0.00155,0.00945,0.00155,50.0,31.45,62.9,LOSS,-31.45,-62.9,1035
294,TACUSDT,LONG,2026-07-10 19:00:00 UTC,1783710000000,1783710000,2026-08-22 20:59:59 UTC,1787432399999,1787432399,0.00419,0.00236,0.00039,0.00159,0.00941,0.00159,50.0,31.08,62.15,LOSS,-31.08,-62.15,1034
295,TACUSDT,LONG,2026-07-10 20:00:00 UTC,1783713600000,1783713600,2026-08-22 20:59:59 UTC,1787432399999,1787432399,0.00426,0.00236,0.00037,0.00161,0.00955,0.00161,50.0,31.09,62.18,LOSS,-31.09,-62.18,1033
296,TACUSDT,LONG,2026-07-10 21:00:00 UTC,1783717200000,1783717200,2026-08-22 20:59:59 UTC,1787432399999,1787432399,0.00432,0.00236,0.00036,0.00164,0.00969,0.00164,50.0,31.01,62.03,LOSS,-31.01,-62.03,1032
297,TACUSDT,LONG,2026-07-10 22:00:00 UTC,1783720800000,1783720800,2026-08-22 20:59:59 UTC,1787432399999,1787432399,0.00434,0.00236,0.00034,0.00168,0.00967,0.00168,50.0,30.69,61.39,LOSS,-30.69,-61.39,1031
298,TACUSDT,LONG,2026-07-10 23:00:00 UTC,1783724400000,1783724400,2026-08-22 20:59:59 UTC,1787432399999,1787432399,0.00391,0.00236,0.00037,0.00162,0.0085,0.00162,50.0,29.31,58.62,LOSS,-29.31,-58.62,1030
299,TACUSDT,LONG,2026-07-11 00:00:00 UTC,1783728000000,1783728000,2026-08-22 20:59:59 UTC,1787432399999,1787432399,0.00393,0.00236,0.00035,0.00165,0.00849,0.00165,50.0,28.97,57.94,LOSS,-28.97,-57.94,1029
300,TACUSDT,LONG,2026-07-11 01:00:00 UTC,1783731600000,1783731600,2026-08-22 20:59:59 UTC,1787432399999,1787432399,0.00382,0.00236,0.00034,0.00168,0.00811,0.00168,50.0,28.03,56.06,LOSS,-28.03,-56.06,1028
301,TACUSDT,LONG,2026-07-11 02:00:00 UTC,1783735200000,1783735200,2026-08-22 20:59:59 UTC,1787432399999,1787432399,0.00385,0.00236,0.00032,0.00171,0.00812,0.00171,50.0,27.76,55.53,LOSS,-27.76,-55.53,1027
302,TACUSDT,LONG,2026-07-11 03:00:00 UTC,1783738800000,1783738800,2026-08-22 20:59:59 UTC,1787432399999,1787432399,0.0038,0.00236,0.00031,0.00175,0.00792,0.00175,50.0,27.05,54.1,LOSS,-27.05,-54.1,1026
303,TACUSDT,LONG,2026-07-11 04:00:00 UTC,1783742400000,1783742400,2026-08-22 20:59:59 UTC,1787432399999,1787432399,0.00366,0.00236,0.00031,0.00175,0.00748,0.00175,50.0,26.12,52.24,LOSS,-26.12,-52.24,1025
304,TACUSDT,LONG,2026-07-11 05:00:00 UTC,1783746000000,1783746000,2026-08-22 20:59:59 UTC,1787432399999,1787432399,0.0035,0.00236,0.0003,0.00176,0.00698,0.00176,50.0,24.85,49.69,LOSS,-24.85,-49.69,1024
305,TACUSDT,LONG,2026-07-11 06:00:00 UTC,1783749600000,1783749600,2026-08-22 20:59:59 UTC,1787432399999,1787432399,0.0034,0.00236,0.0003,0.00177,0.00667,0.00177,50.0,24.03,48.05,LOSS,-24.03,-48.05,1023
306,TACUSDT,LONG,2026-07-11 07:00:00 UTC,1783753200000,1783753200,2026-08-22 20:59:59 UTC,1787432399999,1787432399,0.00335,0.00236,0.00028,0.00179,0.00646,0.00179,50.0,23.23,46.46,LOSS,-23.23,-46.46,1022
307,TACUSDT,LONG,2026-07-11 08:00:00 UTC,1783756800000,1783756800,2026-08-22 20:59:59 UTC,1787432399999,1787432399,0.00343,0.00236,0.00027,0.00181,0.00666,0.00181,50.0,23.59,47.17,LOSS,-23.59,-47.17,1021
308,TACUSDT,LONG,2026-07-11 09:00:00 UTC,1783760400000,1783760400,2026-08-22 20:59:59 UTC,1787432399999,1787432399,0.00345,0.00236,0.00026,0.00184,0.00669,0.00184,50.0,23.43,46.86,LOSS,-23.43,-46.86,1020
309,TACUSDT,LONG,2026-07-11 10:00:00 UTC,1783764000000,1783764000,2026-08-22 20:59:59 UTC,1787432399999,1787432399,0.00339,0.00236,0.00025,0.00185,0.00648,0.00185,50.0,22.73,45.46,LOSS,-22.73,-45.46,1019
310,TACUSDT,LONG,2026-07-11 11:00:00 UTC,1783767600000,1783767600,2026-08-22 19:59:59 UTC,1787428799999,1787428799,0.00344,0.00236,0.00025,0.00187,0.00658,0.00187,50.0,22.84,45.68,LOSS,-22.84,-45.68,1017
311,TACUSDT,LONG,2026-07-11 12:00:00 UTC,1783771200000,1783771200,2026-08-22 19:59:59 UTC,1787428799999,1787428799,0.0034,0.00236,0.00024,0.00189,0.00643,0.00189,50.0,22.24,44.47,LOSS,-22.24,-44.47,1016
312,TACUSDT,LONG,2026-07-11 13:00:00 UTC,1783774800000,1783774800,2026-08-22 19:59:59 UTC,1787428799999,1787428799,0.00338,0.00236,0.00022,0.00192,0.0063,0.00192,50.0,21.64,43.29,LOSS,-21.64,-43.29,1015
313,TACUSDT,LONG,2026-07-11 14:00:00 UTC,1783778400000,1783778400,2026-08-22 19:59:59 UTC,1787428799999,1787428799,0.00334,0.00236,0.00021,0.00194,0.00613,0.00194,50.0,20.95,41.9,LOSS,-20.95,-41.9,1014
314,TACUSDT,LONG,2026-07-11 15:00:00 UTC,1783782000000,1783782000,2026-08-22 19:59:59 UTC,1787428799999,1787428799,0.00339,0.00236,0.0002,0.00195,0.00625,0.00195,50.0,21.14,42.28,LOSS,-21.14,-42.28,1013
315,TACUSDT,LONG,2026-07-11 16:00:00 UTC,1783785600000,1783785600,2026-08-22 19:59:59 UTC,1787428799999,1787428799,0.00342,0.00236,0.00019,0.00197,0.00632,0.00197,50.0,21.18,42.35,LOSS,-21.18,-42.35,1012
316,TACUSDT,LONG,2026-07-11 17:00:00 UTC,1783789200000,1783789200,2026-08-22 19:59:59 UTC,1787428799999,1787428799,0.0034,0.00236,0.00019,0.00198,0.00624,0.00198,50.0,20.85,41.71,LOSS,-20.85,-41.71,1011
317,TACUSDT,LONG,2026-07-11 18:00:00 UTC,1783792800000,1783792800,2026-08-22 19:59:59 UTC,1787428799999,1787428799,0.00355,0.00236,0.00019,0.00198,0.00668,0.00198,50.0,22.05,44.1,LOSS,-22.05,-44.1,1010
318,TACUSDT,LONG,2026-07-11 19:00:00 UTC,1783796400000,1783796400,2026-08-22 19:59:59 UTC,1787428799999,1787428799,0.00359,0.00236,0.00019,0.00199,0.00681,0.00199,50.0,22.38,44.75,LOSS,-22.38,-44.75,1009
319,TACUSDT,LONG,2026-07-11 20:00:00 UTC,1783800000000,1783800000,2026-08-22 19:59:59 UTC,1787428799999,1787428799,0.00362,0.00236,0.00018,0.002,0.00686,0.002,50.0,22.38,44.76,LOSS,-22.38,-44.76,1008
320,TACUSDT,LONG,2026-07-11 21:00:00 UTC,1783803600000,1783803600,2026-08-22 19:59:59 UTC,1787428799999,1787428799,0.00385,0.00236,0.00019,0.00199,0.00759,0.00199,50.0,24.25,48.51,LOSS,-24.25,-48.51,1007
321,TACUSDT,LONG,2026-07-11 22:00:00 UTC,1783807200000,1783807200,2026-08-22 19:59:59 UTC,1787428799999,1787428799,0.0039,0.00236,0.00019,0.00199,0.00773,0.00199,50.0,24.52,49.04,LOSS,-24.52,-49.04,1006
322,TACUSDT,LONG,2026-07-11 23:00:00 UTC,1783810800000,1783810800,2026-08-22 19:59:59 UTC,1787428799999,1787428799,0.00375,0.00236,0.00019,0.00199,0.00727,0.00199,50.0,23.5,47.01,LOSS,-23.5,-47.01,1005
323,TACUSDT,LONG,2026-07-12 00:00:00 UTC,1783814400000,1783814400,2026-08-22 19:59:59 UTC,1787428799999,1787428799,0.00371,0.00236,0.00018,0.00199,0.00713,0.00199,50.0,23.1,46.21,LOSS,-23.1,-46.21,1004
324,TACUSDT,LONG,2026-07-12 01:00:00 UTC,1783818000000,1783818000,2026-08-22 19:59:59 UTC,1787428799999,1787428799,0.00352,0.00236,0.0002,0.00196,0.00665,0.00196,50.0,22.17,44.34,LOSS,-22.17,-44.34,1003
325,TACUSDT,LONG,2026-07-12 02:00:00 UTC,1783821600000,1783821600,2026-08-22 19:59:59 UTC,1787428799999,1787428799,0.00339,0.00236,0.0002,0.00196,0.00625,0.00196,50.0,21.06,42.12,LOSS,-21.06,-42.12,1002
326,TACUSDT,LONG,2026-07-12 03:00:00 UTC,1783825200000,1783825200,2026-08-22 19:59:59 UTC,1787428799999,1787428799,0.00346,0.00236,0.00019,0.00197,0.00643,0.00197,50.0,21.46,42.92,LOSS,-21.46,-42.92,1001
327,TACUSDT,LONG,2026-07-12 04:00:00 UTC,1783828800000,1783828800,2026-08-22 19:59:59 UTC,1787428799999,1787428799,0.00354,0.00236,0.00019,0.00198,0.00665,0.00198,50.0,22.03,44.05,LOSS,-22.03,-44.05,1000
328,TACUSDT,LONG,2026-07-12 05:00:00 UTC,1783832400000,1783832400,2026-08-22 19:59:59 UTC,1787428799999,1787428799,0.00348,0.00236,0.00019,0.00198,0.00648,0.00198,50.0,21.52,43.04,LOSS,-21.52,-43.04,999
329,TACUSDT,LONG,2026-07-12 06:00:00 UTC,1783836000000,1783836000,2026-08-22 19:59:59 UTC,1787428799999,1787428799,0.00366,0.00236,0.00019,0.00198,0.00701,0.00198,50.0,22.91,45.81,LOSS,-22.91,-45.81,998
330,TACUSDT,LONG,2026-07-12 07:00:00 UTC,1783839600000,1783839600,2026-08-22 19:59:59 UTC,1787428799999,1787428799,0.00355,0.00236,0.00019,0.00198,0.00667,0.00198,50.0,22.05,44.09,LOSS,-22.05,-44.09,997
331,TACUSDT,LONG,2026-07-12 08:00:00 UTC,1783843200000,1783843200,2026-08-22 19:59:59 UTC,1787428799999,1787428799,0.00341,0.00236,0.00019,0.00199,0.00627,0.00199,50.0,20.89,41.79,LOSS,-20.89,-41.79,996
332,TACUSDT,LONG,2026-07-12 09:00:00 UTC,1783846800000,1783846800,2026-08-22 19:59:59 UTC,1787428799999,1787428799,0.00337,0.00236,0.00019,0.00198,0.00614,0.00198,50.0,20.55,41.11,LOSS,-20.55,-41.11,995
333,TACUSDT,LONG,2026-07-12 10:00:00 UTC,1783850400000,1783850400,2026-08-22 19:59:59 UTC,1787428799999,1787428799,0.00345,0.00236,0.00018,0.002,0.00637,0.002,50.0,21.1,42.2,LOSS,-21.1,-42.2,994
334,TACUSDT,LONG,2026-07-12 11:00:00 UTC,1783854000000,1783854000,2026-08-22 19:59:59 UTC,1787428799999,1787428799,0.00348,0.00236,0.00018,0.00201,0.00642,0.00201,50.0,21.12,42.23,LOSS,-21.12,-42.23,993
335,TACUSDT,LONG,2026-07-12 12:00:00 UTC,1783857600000,1783857600,2026-08-22 19:59:59 UTC,1787428799999,1787428799,0.00339,0.00236,0.00017,0.00202,0.00614,0.00202,50.0,20.23,40.47,LOSS,-20.23,-40.47,992
336,TACUSDT,LONG,2026-07-12 13:00:00 UTC,1783861200000,1783861200,2026-08-22 19:59:59 UTC,1787428799999,1787428799,0.00334,0.00236,0.00016,0.00203,0.00595,0.00203,50.0,19.56,39.13,LOSS,-19.56,-39.13,991
337,TACUSDT,LONG,2026-07-12 14:00:00 UTC,1783864800000,1783864800,2026-08-22 19:59:59 UTC,1787428799999,1787428799,0.00313,0.00236,0.00018,0.002,0.00538,0.002,50.0,18.03,36.07,LOSS,-18.03,-36.07,990
338,TACUSDT,LONG,2026-07-12 15:00:00 UTC,1783868400000,1783868400,2026-08-22 19:59:59 UTC,1787428799999,1787428799,0.00309,0.00236,0.00017,0.00201,0.00524,0.00201,50.0,17.39,34.77,LOSS,-17.39,-34.77,989
339,TACUSDT,LONG,2026-07-12 16:00:00 UTC,1783872000000,1783872000,2026-08-22 19:59:59 UTC,1787428799999,1787428799,0.00312,0.00236,0.00017,0.00203,0.00532,0.00203,50.0,17.55,35.09,LOSS,-17.55,-35.09,988
340,TACUSDT,LONG,2026-07-12 17:00:00 UTC,1783875600000,1783875600,2026-08-22 19:59:59 UTC,1787428799999,1787428799,0.0031,0.00236,0.00016,0.00204,0.00522,0.00204,50.0,17.07,34.15,LOSS,-17.07,-34.15,987
341,TACUSDT,LONG,2026-07-12 18:00:00 UTC,1783879200000,1783879200,2026-08-22 19:59:59 UTC,1787428799999,1787428799,0.00323,0.00236,0.00016,0.00204,0.00561,0.00204,50.0,18.37,36.74,LOSS,-18.37,-36.74,986
342,TACUSDT,LONG,2026-07-12 19:00:00 UTC,1783882800000,1783882800,2026-08-22 19:59:59 UTC,1787428799999,1787428799,0.00317,0.00236,0.00015,0.00205,0.00541,0.00205,50.0,17.65,35.3,LOSS,-17.65,-35.3,985
343,TACUSDT,LONG,2026-07-12 20:00:00 UTC,1783886400000,1783886400,2026-08-22 19:59:59 UTC,1787428799999,1787428799,0.00316,0.00236,0.00015,0.00207,0.00534,0.00207,50.0,17.29,34.58,LOSS,-17.29,-34.58,984
344,TACUSDT,LONG,2026-07-12 21:00:00 UTC,1783890000000,1783890000,2026-08-22 19:59:59 UTC,1787428799999,1787428799,0.00317,0.00236,0.00014,0.00208,0.00534,0.00208,50.0,17.16,34.31,LOSS,-17.16,-34.31,983
345,TACUSDT,LONG,2026-07-12 22:00:00 UTC,1783893600000,1783893600,2026-08-22 19:59:59 UTC,1787428799999,1787428799,0.00309,0.00236,0.00014,0.00208,0.0051,0.00208,50.0,16.29,32.58,LOSS,-16.29,-32.58,982
346,TACUSDT,LONG,2026-07-12 23:00:00 UTC,1783897200000,1783897200,2026-08-22 19:59:59 UTC,1787428799999,1787428799,0.00299,0.00236,0.00014,0.00208,0.00483,0.00208,50.0,15.31,30.62,LOSS,-15.31,-30.62,981
347,TACUSDT,LONG,2026-07-13 00:00:00 UTC,1783900800000,1783900800,2026-08-22 19:59:59 UTC,1787428799999,1787428799,0.003,0.00236,0.00014,0.00209,0.00482,0.00209,50.0,15.21,30.41,LOSS,-15.21,-30.41,980
348,TACUSDT,LONG,2026-07-13 01:00:00 UTC,1783904400000,1783904400,2026-08-22 19:59:59 UTC,1787428799999,1787428799,0.00298,0.00236,0.00013,0.00209,0.00475,0.00209,50.0,14.89,29.77,LOSS,-14.89,-29.77,979
349,TACUSDT,LONG,2026-07-13 02:00:00 UTC,1783908000000,1783908000,2026-08-22 19:59:59 UTC,1787428799999,1787428799,0.00291,0.00236,0.00013,0.0021,0.00455,0.0021,50.0,14.01,28.02,LOSS,-14.01,-28.02,978
350,TACUSDT,LONG,2026-07-13 03:00:00 UTC,1783911600000,1783911600,2026-08-22 19:59:59 UTC,1787428799999,1787428799,0.003,0.00236,0.00014,0.00208,0.00484,0.00208,50.0,15.31,30.62,LOSS,-15.31,-30.62,977
351,TACUSDT,LONG,2026-07-13 04:00:00 UTC,1783915200000,1783915200,2026-08-22 19:59:59 UTC,1787428799999,1787428799,0.00297,0.00236,0.00013,0.00209,0.00474,0.00209,50.0,14.85,29.71,LOSS,-14.85,-29.71,976
352,TACUSDT,LONG,2026-07-13 05:00:00 UTC,1783918800000,1783918800,2026-08-22 19:59:59 UTC,1787428799999,1787428799,0.00304,0.00242,0.00013,0.00215,0.00482,0.00215,50.0,14.65,29.3,LOSS,-14.65,-29.3,975
353,TACUSDT,LONG,2026-07-13 06:00:00 UTC,1783922400000,1783922400,2026-08-22 19:59:59 UTC,1787428799999,1787428799,0.00307,0.00242,0.00013,0.00216,0.00487,0.00216,50.0,14.76,29.52,LOSS,-14.76,-29.52,974
354,TACUSDT,LONG,2026-07-13 07:00:00 UTC,1783926000000,1783926000,2026-08-22 19:59:59 UTC,1787428799999,1787428799,0.00299,0.00242,0.00013,0.00216,0.00465,0.00216,50.0,13.89,27.78,LOSS,-13.89,-27.78,973
355,TACUSDT,LONG,2026-07-13 08:00:00 UTC,1783929600000,1783929600,2026-08-22 19:59:59 UTC,1787428799999,1787428799,0.0029,0.0025,0.00013,0.00225,0.0042,0.00225,50.0,11.25,22.5,LOSS,-11.25,-22.5,972
356,TACUSDT,LONG,2026-07-13 09:00:00 UTC,1783933200000,1783933200,2026-08-19 09:59:59 UTC,1787133599999,1787133599,0.00287,0.00252,0.00012,0.00227,0.00407,0.00227,50.0,10.43,20.87,LOSS,-10.43,-20.87,889
357,TACUSDT,LONG,2026-07-13 10:00:00 UTC,1783936800000,1783936800,2026-08-19 09:59:59 UTC,1787133599999,1787133599,0.00285,0.00252,0.00012,0.00228,0.00398,0.00228,50.0,9.94,19.89,LOSS,-9.94,-19.89,888
358,TACUSDT,LONG,2026-07-13 11:00:00 UTC,1783940400000,1783940400,2026-08-19 09:59:59 UTC,1787133599999,1787133599,0.0028,0.00252,0.00012,0.00228,0.00382,0.00228,50.0,9.17,18.35,LOSS,-9.17,-18.35,887
359,TACUSDT,LONG,2026-07-13 12:00:00 UTC,1783944000000,1783944000,2026-08-19 09:59:59 UTC,1787133599999,1787133599,0.00282,0.00252,0.00011,0.00229,0.00389,0.00229,50.0,9.47,18.95,LOSS,-9.47,-18.95,886
360,TACUSDT,LONG,2026-07-13 13:00:00 UTC,1783947600000,1783947600,2026-08-19 09:59:59 UTC,1787133599999,1787133599,0.0028,0.00252,0.00011,0.00229,0.00383,0.00229,50.0,9.13,18.26,LOSS,-9.13,-18.26,885
361,TACUSDT,LONG,2026-07-13 14:00:00 UTC,1783951200000,1783951200,2026-07-16 21:59:59 UTC,1784239199999,1784239199,0.00278,0.00254,0.00011,0.00232,0.00369,0.00369,50.0,8.21,16.42,WIN,16.42,32.85,80
362,TACUSDT,LONG,2026-07-13 15:00:00 UTC,1783954800000,1783954800,2026-07-16 21:59:59 UTC,1784239199999,1784239199,0.00279,0.00255,0.00011,0.00234,0.00368,0.00368,50.0,8.06,16.12,WIN,16.12,32.23,79
363,TACUSDT,LONG,2026-07-13 16:00:00 UTC,1783958400000,1783958400,2026-07-16 16:59:59 UTC,1784221199999,1784221199,0.00271,0.00255,0.00011,0.00233,0.00346,0.00346,50.0,6.91,13.81,WIN,13.81,27.62,73
364,TACUSDT,LONG,2026-07-13 17:00:00 UTC,1783962000000,1783962000,2026-07-15 15:59:59 UTC,1784131199999,1784131199,0.0027,0.00261,0.00011,0.00239,0.0033,0.0033,50.0,5.64,11.28,WIN,11.28,22.55,47
365,TACUSDT,LONG,2026-07-13 18:00:00 UTC,1783965600000,1783965600,2026-07-14 16:59:59 UTC,1784048399999,1784048399,0.00262,0.00261,0.00011,0.0024,0.00307,0.00307,50.0,4.25,8.49,WIN,8.49,16.98,23
366,TACUSDT,LONG,2026-07-13 19:00:00 UTC,1783969200000,1783969200,2026-07-14 16:59:59 UTC,1784048399999,1784048399,0.00264,0.00261,0.0001,0.0024,0.00311,0.00311,50.0,4.48,8.97,WIN,8.97,17.94,22
367,TACUSDT,LONG,2026-07-13 20:00:00 UTC,1783972800000,1783972800,2026-07-15 15:59:59 UTC,1784131199999,1784131199,0.00271,0.00261,0.0001,0.0024,0.00333,0.00333,50.0,5.73,11.46,WIN,11.46,22.92,44
368,TACUSDT,LONG,2026-07-13 21:00:00 UTC,1783976400000,1783976400,2026-07-16 17:59:59 UTC,1784224799999,1784224799,0.00279,0.00261,0.00011,0.0024,0.00357,0.00357,50.0,7.01,14.03,WIN,14.03,28.05,69
369,TACUSDT,LONG,2026-07-13 22:00:00 UTC,1783980000000,1783980000,2026-07-16 17:59:59 UTC,1784224799999,1784224799,0.00277,0.00261,0.0001,0.0024,0.00352,0.00352,50.0,6.74,13.49,WIN,13.49,26.98,68
370,TACUSDT,LONG,2026-07-13 23:00:00 UTC,1783983600000,1783983600,2026-07-16 17:59:59 UTC,1784224799999,1784224799,0.00279,0.00261,0.0001,0.0024,0.00356,0.00356,50.0,6.91,13.83,WIN,13.83,27.65,67
371,TACUSDT,LONG,2026-07-14 00:00:00 UTC,1783987200000,1783987200,2026-07-16 17:59:59 UTC,1784224799999,1784224799,0.00277,0.00261,0.0001,0.00241,0.0035,0.0035,50.0,6.59,13.19,WIN,13.19,26.37,66
372,TACUSDT,LONG,2026-07-14 01:00:00 UTC,1783990800000,1783990800,2026-07-16 21:59:59 UTC,1784239199999,1784239199,0.00285,0.00261,0.0001,0.00241,0.00373,0.00373,50.0,7.74,15.48,WIN,15.48,30.95,69
373,TACUSDT,LONG,2026-07-14 02:00:00 UTC,1783994400000,1783994400,2026-07-16 17:59:59 UTC,1784224799999,1784224799,0.0028,0.00261,0.0001,0.00241,0.00358,0.00358,50.0,6.98,13.96,WIN,13.96,27.93,64
374,TACUSDT,LONG,2026-07-14 03:00:00 UTC,1783998000000,1783998000,2026-07-16 16:59:59 UTC,1784221199999,1784221199,0.00276,0.00261,0.0001,0.00241,0.00346,0.00346,50.0,6.33,12.67,WIN,12.67,25.34,62
375,TACUSDT,LONG,2026-07-14 04:00:00 UTC,1784001600000,1784001600,2026-07-16 17:59:59 UTC,1784224799999,1784224799,0.00279,0.00261,0.0001,0.00241,0.00355,0.00355,50.0,6.79,13.58,WIN,13.58,27.15,62
376,TACUSDT,LONG,2026-07-14 05:00:00 UTC,1784005200000,1784005200,2026-07-16 21:59:59 UTC,1784239199999,1784239199,0.00283,0.00261,0.0001,0.0024,0.00369,0.00369,50.0,7.56,15.12,WIN,15.12,30.23,65
377,TACUSDT,LONG,2026-07-14 06:00:00 UTC,1784008800000,1784008800,2026-08-19 09:59:59 UTC,1787133599999,1787133599,0.00288,0.00261,0.0001,0.0024,0.00385,0.0024,50.0,8.37,16.74,LOSS,-8.37,-16.74,868
378,TACUSDT,LONG,2026-07-14 07:00:00 UTC,1784012400000,1784012400,2026-07-16 19:59:59 UTC,1784231999999,1784231999,0.0028,0.00261,0.0001,0.0024,0.00359,0.00359,50.0,7.09,14.17,WIN,14.17,28.34,61
379,TACUSDT,LONG,2026-07-14 08:00:00 UTC,1784016000000,1784016000,2026-07-16 16:59:59 UTC,1784221199999,1784221199,0.00275,0.00261,0.0001,0.0024,0.00344,0.00344,50.0,6.3,12.6,WIN,12.6,25.21,57
380,TACUSDT,LONG,2026-07-14 09:00:00 UTC,1784019600000,1784019600,2026-07-16 17:59:59 UTC,1784224799999,1784224799,0.00278,0.00261,0.0001,0.00241,0.00352,0.00352,50.0,6.67,13.35,WIN,13.35,26.7,57
381,TACUSDT,LONG,2026-07-14 10:00:00 UTC,1784023200000,1784023200,2026-07-16 16:59:59 UTC,1784221199999,1784221199,0.00274,0.00261,0.0001,0.00241,0.00341,0.00341,50.0,6.08,12.16,WIN,12.16,24.32,55
382,TACUSDT,LONG,2026-07-14 11:00:00 UTC,1784026800000,1784026800,2026-07-16 16:59:59 UTC,1784221199999,1784221199,0.00276,0.00261,0.0001,0.00241,0.00348,0.00348,50.0,6.47,12.93,WIN,12.93,25.87,54
383,TACUSDT,LONG,2026-07-14 12:00:00 UTC,1784030400000,1784030400,2026-07-16 21:59:59 UTC,1784239199999,1784239199,0.00285,0.00261,0.00011,0.00239,0.00375,0.00375,50.0,7.93,15.86,WIN,15.86,31.72,58
384,TACUSDT,LONG,2026-07-14 13:00:00 UTC,1784034000000,1784034000,2026-08-19 09:59:59 UTC,1787133599999,1787133599,0.00288,0.00261,0.00011,0.00239,0.00384,0.00239,50.0,8.4,16.81,LOSS,-8.4,-16.81,861
385,TACUSDT,LONG,2026-07-14 14:00:00 UTC,1784037600000,1784037600,2026-07-16 17:59:59 UTC,1784224799999,1784224799,0.00278,0.00261,0.00011,0.00239,0.00358,0.00358,50.0,7.12,14.24,WIN,14.24,28.47,52
386,TACUSDT,LONG,2026-07-14 15:00:00 UTC,1784041200000,1784041200,2026-07-16 21:59:59 UTC,1784239199999,1784239199,0.00285,0.00261,0.00011,0.00238,0.00378,0.00378,50.0,8.19,16.38,WIN,16.38,32.77,55
387,TACUSDT,LONG,2026-07-14 16:00:00 UTC,1784044800000,1784044800,2026-08-19 09:59:59 UTC,1787133599999,1787133599,0.00291,0.00261,0.00011,0.00238,0.00396,0.00238,50.0,9.05,18.1,LOSS,-9.05,-18.1,858
388,TACUSDT,LONG,2026-07-14 17:00:00 UTC,1784048400000,1784048400,2026-08-19 09:59:59 UTC,1787133599999,1787133599,0.00313,0.00261,0.00012,0.00236,0.00467,0.00236,50.0,12.31,24.63,LOSS,-12.31,-24.63,857
389,TACUSDT,LONG,2026-07-14 18:00:00 UTC,1784052000000,1784052000,2026-08-19 09:59:59 UTC,1787133599999,1787133599,0.00308,0.00261,0.00012,0.00236,0.00453,0.00236,50.0,11.71,23.41,LOSS,-11.71,-23.41,856
390,TACUSDT,LONG,2026-07-14 19:00:00 UTC,1784055600000,1784055600,2026-08-19 09:59:59 UTC,1787133599999,1787133599,0.0031,0.00261,0.00012,0.00236,0.00459,0.00236,50.0,11.94,23.88,LOSS,-11.94,-23.88,855
391,TACUSDT,LONG,2026-07-14 20:00:00 UTC,1784059200000,1784059200,2026-08-19 09:59:59 UTC,1787133599999,1787133599,0.0031,0.00261,0.00012,0.00236,0.00457,0.00236,50.0,11.88,23.77,LOSS,-11.88,-23.77,854
392,TACUSDT,LONG,2026-07-14 21:00:00 UTC,1784062800000,1784062800,2026-08-19 09:59:59 UTC,1787133599999,1787133599,0.00288,0.00261,0.00014,0.00234,0.00397,0.00234,50.0,9.42,18.84,LOSS,-9.42,-18.84,853
393,TACUSDT,LONG,2026-07-14 22:00:00 UTC,1784066400000,1784066400,2026-08-19 09:59:59 UTC,1787133599999,1787133599,0.00284,0.00261,0.00013,0.00234,0.00384,0.00234,50.0,8.75,17.49,LOSS,-8.75,-17.49,852
394,TACUSDT,LONG,2026-07-14 23:00:00 UTC,1784070000000,1784070000,2026-08-19 09:59:59 UTC,1787133599999,1787133599,0.00289,0.00261,0.00013,0.00235,0.00396,0.00235,50.0,9.29,18.58,LOSS,-9.29,-18.58,851
395,TACUSDT,LONG,2026-07-15 00:00:00 UTC,1784073600000,1784073600,2026-08-19 09:59:59 UTC,1787133599999,1787133599,0.00285,0.00261,0.00012,0.00236,0.00384,0.00236,50.0,8.64,17.29,LOSS,-8.64,-17.29,850
396,TACUSDT,LONG,2026-07-15 01:00:00 UTC,1784077200000,1784077200,2026-08-19 09:59:59 UTC,1787133599999,1787133599,0.00292,0.00261,0.00012,0.00236,0.00404,0.00236,50.0,9.58,19.16,LOSS,-9.58,-19.16,849
397,TACUSDT,LONG,2026-07-15 02:00:00 UTC,1784080800000,1784080800,2026-08-19 09:59:59 UTC,1787133599999,1787133599,0.00287,0.00261,0.00012,0.00236,0.00389,0.00236,50.0,8.87,17.74,LOSS,-8.87,-17.74,848
398,TACUSDT,LONG,2026-07-15 03:00:00 UTC,1784084400000,1784084400,2026-07-16 17:59:59 UTC,1784224799999,1784224799,0.00276,0.00261,0.00013,0.00235,0.00358,0.00358,50.0,7.4,14.79,WIN,14.79,29.59,39
399,TACUSDT,LONG,2026-07-15 04:00:00 UTC,1784088000000,1784088000,2026-07-16 21:59:59 UTC,1784239199999,1784239199,0.00279,0.00261,0.00012,0.00236,0.00366,0.00366,50.0,7.76,15.53,WIN,15.53,31.05,42
400,TACUSDT,LONG,2026-07-15 05:00:00 UTC,1784091600000,1784091600,2026-07-16 21:59:59 UTC,1784239199999,1784239199,0.00278,0.00261,0.00012,0.00236,0.00362,0.00362,50.0,7.55,15.09,WIN,15.09,30.18,41
401,TACUSDT,LONG,2026-07-15 06:00:00 UTC,1784095200000,1784095200,2026-07-16 21:59:59 UTC,1784239199999,1784239199,0.00281,0.00261,0.00012,0.00237,0.00369,0.00369,50.0,7.87,15.74,WIN,15.74,31.47,40
402,TACUSDT,LONG,2026-07-15 07:00:00 UTC,1784098800000,1784098800,2026-07-16 21:59:59 UTC,1784239199999,1784239199,0.00284,0.00261,0.00012,0.00237,0.00378,0.00378,50.0,8.26,16.52,WIN,16.52,33.03,39
403,TACUSDT,LONG,2026-07-15 08:00:00 UTC,1784102400000,1784102400,2026-07-16 21:59:59 UTC,1784239199999,1784239199,0.00282,0.00261,0.00012,0.00237,0.00372,0.00372,50.0,8.0,15.99,WIN,15.99,31.99,38
404,TACUSDT,LONG,2026-07-15 09:00:00 UTC,1784106000000,1784106000,2026-08-19 09:59:59 UTC,1787133599999,1787133599,0.00293,0.00261,0.00013,0.00236,0.00406,0.00236,50.0,9.74,19.47,LOSS,-9.74,-19.47,841
405,TACUSDT,LONG,2026-07-15 10:00:00 UTC,1784109600000,1784109600,2026-08-19 09:59:59 UTC,1787133599999,1787133599,0.00294,0.00261,0.00012,0.00236,0.00411,0.00236,50.0,9.9,19.8,LOSS,-9.9,-19.8,840
406,TACUSDT,LONG,2026-07-15 11:00:00 UTC,1784113200000,1784113200,2026-08-19 09:59:59 UTC,1787133599999,1787133599,0.00298,0.00261,0.00012,0.00236,0.00421,0.00236,50.0,10.36,20.73,LOSS,-10.36,-20.73,839
407,TACUSDT,LONG,2026-07-15 12:00:00 UTC,1784116800000,1784116800,2026-08-19 09:59:59 UTC,1787133599999,1787133599,0.00297,0.00261,0.00012,0.00236,0.00419,0.00236,50.0,10.27,20.54,LOSS,-10.27,-20.54,838
408,TACUSDT,LONG,2026-07-15 13:00:00 UTC,1784120400000,1784120400,2026-08-19 09:59:59 UTC,1787133599999,1787133599,0.00304,0.00261,0.00012,0.00236,0.00441,0.00236,50.0,11.21,22.42,LOSS,-11.21,-22.42,837
409,TACUSDT,LONG,2026-07-15 14:00:00 UTC,1784124000000,1784124000,2026-08-19 09:59:59 UTC,1787133599999,1787133599,0.00305,0.00261,0.00012,0.00236,0.00442,0.00236,50.0,11.22,22.44,LOSS,-11.22,-22.44,836
410,TACUSDT,LONG,2026-07-15 15:00:00 UTC,1784127600000,1784127600,2026-08-19 09:59:59 UTC,1787133599999,1787133599,0.00311,0.00261,0.00012,0.00237,0.0046,0.00237,50.0,11.96,23.91,LOSS,-11.96,-23.91,835
411,TACUSDT,LONG,2026-07-15 16:00:00 UTC,1784131200000,1784131200,2026-08-19 09:59:59 UTC,1787133599999,1787133599,0.00304,0.00261,0.00014,0.00233,0.00447,0.00233,50.0,11.74,23.49,LOSS,-11.74,-23.49,834
412,TACUSDT,LONG,2026-07-15 17:00:00 UTC,1784134800000,1784134800,2026-08-19 09:59:59 UTC,1787133599999,1787133599,0.00292,0.00261,0.00015,0.00232,0.00412,0.00232,50.0,10.29,20.58,LOSS,-10.29,-20.58,833
413,TACUSDT,LONG,2026-07-15 18:00:00 UTC,1784138400000,1784138400,2026-08-19 09:59:59 UTC,1787133599999,1787133599,0.00301,0.00261,0.00015,0.00231,0.00441,0.00231,50.0,11.61,23.23,LOSS,-11.61,-23.23,832
414,TACUSDT,LONG,2026-07-15 19:00:00 UTC,1784142000000,1784142000,2026-08-19 09:59:59 UTC,1787133599999,1787133599,0.00307,0.00261,0.00014,0.00232,0.00456,0.00232,50.0,12.19,24.38,LOSS,-12.19,-24.38,831
415,TACUSDT,LONG,2026-07-15 20:00:00 UTC,1784145600000,1784145600,2026-08-19 09:59:59 UTC,1787133599999,1787133599,0.00306,0.00261,0.00014,0.00233,0.00452,0.00233,50.0,11.94,23.88,LOSS,-11.94,-23.88,830
416,TACUSDT,LONG,2026-07-15 21:00:00 UTC,1784149200000,1784149200,2026-08-19 09:59:59 UTC,1787133599999,1787133599,0.00304,0.00261,0.00014,0.00233,0.00445,0.00233,50.0,11.62,23.25,LOSS,-11.62,-23.25,829
417,TACUSDT,LONG,2026-07-15 22:00:00 UTC,1784152800000,1784152800,2026-08-19 09:59:59 UTC,1787133599999,1787133599,0.00299,0.00261,0.00013,0.00234,0.00429,0.00234,50.0,10.83,21.67,LOSS,-10.83,-21.67,828
418,TACUSDT,LONG,2026-07-15 23:00:00 UTC,1784156400000,1784156400,2026-08-19 09:59:59 UTC,1787133599999,1787133599,0.00299,0.00261,0.00013,0.00236,0.00426,0.00236,50.0,10.63,21.26,LOSS,-10.63,-21.26,827
419,TACUSDT,LONG,2026-07-16 00:00:00 UTC,1784160000000,1784160000,2026-08-19 09:59:59 UTC,1787133599999,1787133599,0.00295,0.00261,0.00012,0.00236,0.00413,0.00236,50.0,9.98,19.97,LOSS,-9.98,-19.97,826
420,TACUSDT,LONG,2026-07-16 01:00:00 UTC,1784163600000,1784163600,2026-08-19 09:59:59 UTC,1787133599999,1787133599,0.00291,0.00261,0.00012,0.00236,0.004,0.00236,50.0,9.38,18.76,LOSS,-9.38,-18.76,825
421,TACUSDT,LONG,2026-07-16 02:00:00 UTC,1784167200000,1784167200,2026-08-19 09:59:59 UTC,1787133599999,1787133599,0.00291,0.00261,0.00012,0.00237,0.00398,0.00237,50.0,9.28,18.56,LOSS,-9.28,-18.56,824
422,TACUSDT,LONG,2026-07-16 03:00:00 UTC,1784170800000,1784170800,2026-08-19 09:59:59 UTC,1787133599999,1787133599,0.00302,0.00261,0.00013,0.00236,0.00436,0.00236,50.0,11.04,22.08,LOSS,-11.04,-22.08,823
423,TACUSDT,LONG,2026-07-16 04:00:00 UTC,1784174400000,1784174400,2026-08-19 09:59:59 UTC,1787133599999,1787133599,0.00314,0.00261,0.00013,0.00235,0.00471,0.00235,50.0,12.52,25.03,LOSS,-12.52,-25.03,822
424,TACUSDT,LONG,2026-07-16 05:00:00 UTC,1784178000000,1784178000,2026-08-19 09:59:59 UTC,1787133599999,1787133599,0.00302,0.00261,0.00013,0.00234,0.00437,0.00234,50.0,11.16,22.33,LOSS,-11.16,-22.33,821
425,TACUSDT,LONG,2026-07-16 06:00:00 UTC,1784181600000,1784181600,2026-08-19 09:59:59 UTC,1787133599999,1787133599,0.00292,0.00261,0.00013,0.00234,0.00407,0.00234,50.0,9.86,19.73,LOSS,-9.86,-19.73,820
426,TACUSDT,LONG,2026-07-16 07:00:00 UTC,1784185200000,1784185200,2026-08-19 09:59:59 UTC,1787133599999,1787133599,0.00298,0.00261,0.00013,0.00234,0.00425,0.00234,50.0,10.66,21.32,LOSS,-10.66,-21.32,819
427,TACUSDT,LONG,2026-07-16 08:00:00 UTC,1784188800000,1784188800,2026-08-19 09:59:59 UTC,1787133599999,1787133599,0.00303,0.00261,0.00013,0.00234,0.00441,0.00234,50.0,11.34,22.68,LOSS,-11.34,-22.68,818
428,TACUSDT,LONG,2026-07-16 09:00:00 UTC,1784192400000,1784192400,2026-08-19 09:59:59 UTC,1787133599999,1787133599,0.00297,0.00261,0.00013,0.00234,0.00422,0.00234,50.0,10.55,21.1,LOSS,-10.55,-21.1,817
429,TACUSDT,LONG,2026-07-16 10:00:00 UTC,1784196000000,1784196000,2026-08-19 09:59:59 UTC,1787133599999,1787133599,0.00299,0.00261,0.00013,0.00235,0.00428,0.00235,50.0,10.74,21.48,LOSS,-10.74,-21.48,816
430,TACUSDT,LONG,2026-07-16 11:00:00 UTC,1784199600000,1784199600,2026-08-19 09:59:59 UTC,1787133599999,1787133599,0.00305,0.00261,0.00013,0.00235,0.00444,0.00235,50.0,11.39,22.79,LOSS,-11.39,-22.79,815
431,TACUSDT,LONG,2026-07-16 12:00:00 UTC,1784203200000,1784203200,2026-08-19 09:59:59 UTC,1787133599999,1787133599,0.00309,0.00261,0.00012,0.00236,0.00454,0.00236,50.0,11.78,23.57,LOSS,-11.78,-23.57,814
432,TACUSDT,LONG,2026-07-16 13:00:00 UTC,1784206800000,1784206800,2026-08-19 09:59:59 UTC,1787133599999,1787133599,0.003,0.00261,0.00012,0.00236,0.00428,0.00236,50.0,10.67,21.35,LOSS,-10.67,-21.35,813
433,TACUSDT,LONG,2026-07-16 14:00:00 UTC,1784210400000,1784210400,2026-08-19 09:59:59 UTC,1787133599999,1787133599,0.00304,0.00261,0.00012,0.00236,0.00441,0.00236,50.0,11.21,22.42,LOSS,-11.21,-22.42,812
434,TACUSDT,LONG,2026-07-16 15:00:00 UTC,1784214000000,1784214000,2026-08-19 09:59:59 UTC,1787133599999,1787133599,0.00312,0.00261,0.00012,0.00236,0.00464,0.00236,50.0,12.2,24.4,LOSS,-12.2,-24.4,811
435,TACUSDT,LONG,2026-07-16 16:00:00 UTC,1784217600000,1784217600,2026-08-19 09:59:59 UTC,1787133599999,1787133599,0.00314,0.00261,0.00012,0.00236,0.0047,0.00236,50.0,12.43,24.85,LOSS,-12.43,-24.85,810
436,TACUSDT,LONG,2026-07-16 17:00:00 UTC,1784221200000,1784221200,2026-08-19 09:59:59 UTC,1787133599999,1787133599,0.00338,0.00261,0.00014,0.00232,0.0055,0.00232,50.0,15.67,31.34,LOSS,-15.67,-31.34,809
437,TACUSDT,LONG,2026-07-16 18:00:00 UTC,1784224800000,1784224800,2026-08-19 09:59:59 UTC,1787133599999,1787133599,0.00351,0.00261,0.00015,0.00231,0.00591,0.00231,50.0,17.1,34.19,LOSS,-17.1,-34.19,808
438,TACUSDT,LONG,2026-07-16 19:00:00 UTC,1784228400000,1784228400,2026-08-19 09:59:59 UTC,1787133599999,1787133599,0.00343,0.00261,0.00016,0.00229,0.0057,0.00229,50.0,16.59,33.18,LOSS,-16.59,-33.18,807
439,TACUSDT,LONG,2026-07-16 20:00:00 UTC,1784232000000,1784232000,2026-08-19 09:59:59 UTC,1787133599999,1787133599,0.00344,0.00261,0.00017,0.00227,0.00578,0.00227,50.0,16.96,33.93,LOSS,-16.96,-33.93,806
440,TACUSDT,LONG,2026-07-16 21:00:00 UTC,1784235600000,1784235600,2026-08-19 09:59:59 UTC,1787133599999,1787133599,0.00351,0.00261,0.00017,0.00227,0.006,0.00227,50.0,17.65,35.3,LOSS,-17.65,-35.3,805
441,TACUSDT,LONG,2026-07-16 22:00:00 UTC,1784239200000,1784239200,2026-08-19 09:59:59 UTC,1787133599999,1787133599,0.00358,0.00261,0.00018,0.00226,0.00623,0.00226,50.0,18.5,37.0,LOSS,-18.5,-37.0,804
442,TACUSDT,LONG,2026-07-16 23:00:00 UTC,1784242800000,1784242800,2026-08-22 19:59:59 UTC,1787428799999,1787428799,0.00369,0.00261,0.00018,0.00225,0.00656,0.00225,50.0,19.47,38.94,LOSS,-19.47,-38.94,885
443,TACUSDT,LONG,2026-07-17 00:00:00 UTC,1784246400000,1784246400,2026-08-22 19:59:59 UTC,1787428799999,1787428799,0.00366,0.00261,0.00019,0.00222,0.00653,0.00222,50.0,19.63,39.27,LOSS,-19.63,-39.27,884
444,TACUSDT,LONG,2026-07-17 01:00:00 UTC,1784250000000,1784250000,2026-08-22 19:59:59 UTC,1787428799999,1787428799,0.0037,0.00261,0.00019,0.00222,0.00665,0.00222,50.0,19.98,39.96,LOSS,-19.98,-39.96,883
445,TACUSDT,LONG,2026-07-17 02:00:00 UTC,1784253600000,1784253600,2026-08-22 19:59:59 UTC,1787428799999,1787428799,0.0037,0.00261,0.00019,0.00222,0.00665,0.00222,50.0,19.94,39.87,LOSS,-19.94,-39.87,882
446,TACUSDT,LONG,2026-07-17 03:00:00 UTC,1784257200000,1784257200,2026-08-22 19:59:59 UTC,1787428799999,1787428799,0.00356,0.00261,0.0002,0.00221,0.00626,0.00221,50.0,18.93,37.86,LOSS,-18.93,-37.86,881
447,TACUSDT,LONG,2026-07-17 04:00:00 UTC,1784260800000,1784260800,2026-08-22 19:59:59 UTC,1787428799999,1787428799,0.00335,0.00261,0.0002,0.0022,0.00566,0.0022,50.0,17.18,34.35,LOSS,-17.18,-34.35,880
448,TACUSDT,LONG,2026-07-17 05:00:00 UTC,1784264400000,1784264400,2026-08-22 19:59:59 UTC,1787428799999,1787428799,0.00346,0.00261,0.0002,0.0022,0.00596,0.0022,50.0,18.12,36.25,LOSS,-18.12,-36.25,879
449,TACUSDT,LONG,2026-07-17 06:00:00 UTC,1784268000000,1784268000,2026-08-22 19:59:59 UTC,1787428799999,1787428799,0.00353,0.00261,0.0002,0.0022,0.00619,0.0022,50.0,18.79,37.58,LOSS,-18.79,-37.58,878
450,TACUSDT,LONG,2026-07-17 07:00:00 UTC,1784271600000,1784271600,2026-08-22 19:59:59 UTC,1787428799999,1787428799,0.00359,0.00261,0.0002,0.00221,0.00634,0.00221,50.0,19.24,38.47,LOSS,-19.24,-38.47,877
451,TACUSDT,LONG,2026-07-17 08:00:00 UTC,1784275200000,1784275200,2026-08-22 19:59:59 UTC,1787428799999,1787428799,0.00366,0.00261,0.0002,0.00221,0.00656,0.00221,50.0,19.78,39.55,LOSS,-19.78,-39.55,876
452,TACUSDT,LONG,2026-07-17 09:00:00 UTC,1784278800000,1784278800,2026-08-22 19:59:59 UTC,1787428799999,1787428799,0.00347,0.00261,0.00021,0.00219,0.00602,0.00219,50.0,18.4,36.79,LOSS,-18.4,-36.79,875
453,TACUSDT,LONG,2026-07-17 10:00:00 UTC,1784282400000,1784282400,2026-08-22 19:59:59 UTC,1787428799999,1787428799,0.00352,0.00261,0.0002,0.0022,0.00615,0.0022,50.0,18.69,37.39,LOSS,-18.69,-37.39,874
454,TACUSDT,LONG,2026-07-17 11:00:00 UTC,1784286000000,1784286000,2026-08-22 19:59:59 UTC,1787428799999,1787428799,0.00338,0.00261,0.0002,0.0022,0.00575,0.0022,50.0,17.48,34.96,LOSS,-17.48,-34.96,873
455,TACUSDT,LONG,2026-07-17 12:00:00 UTC,1784289600000,1784289600,2026-08-22 19:59:59 UTC,1787428799999,1787428799,0.0034,0.00261,0.00019,0.00222,0.00575,0.00222,50.0,17.33,34.65,LOSS,-17.33,-34.65,872
456,TACUSDT,LONG,2026-07-17 13:00:00 UTC,1784293200000,1784293200,2026-08-22 19:59:59 UTC,1787428799999,1787428799,0.00348,0.00261,0.00019,0.00222,0.00601,0.00222,50.0,18.14,36.28,LOSS,-18.14,-36.28,871
457,TACUSDT,LONG,2026-07-17 14:00:00 UTC,1784296800000,1784296800,2026-08-22 19:59:59 UTC,1787428799999,1787428799,0.00311,0.00261,0.00021,0.00218,0.00495,0.00218,50.0,14.85,29.71,LOSS,-14.85,-29.71,870
458,TACUSDT,LONG,2026-07-17 15:00:00 UTC,1784300400000,1784300400,2026-08-22 19:59:59 UTC,1787428799999,1787428799,0.0032,0.00261,0.00021,0.00219,0.00522,0.00219,50.0,15.78,31.55,LOSS,-15.78,-31.55,869
459,TACUSDT,LONG,2026-07-17 16:00:00 UTC,1784304000000,1784304000,2026-08-22 19:59:59 UTC,1787428799999,1787428799,0.00326,0.00261,0.0002,0.0022,0.00537,0.0022,50.0,16.19,32.39,LOSS,-16.19,-32.39,868
460,TACUSDT,LONG,2026-07-17 17:00:00 UTC,1784307600000,1784307600,2026-08-22 19:59:59 UTC,1787428799999,1787428799,0.00319,0.00261,0.0002,0.00221,0.00513,0.00221,50.0,15.27,30.54,LOSS,-15.27,-30.54,867
461,TACUSDT,LONG,2026-07-17 18:00:00 UTC,1784311200000,1784311200,2026-08-22 19:59:59 UTC,1787428799999,1787428799,0.00317,0.00261,0.00019,0.00223,0.00503,0.00223,50.0,14.74,29.48,LOSS,-14.74,-29.48,866
462,TACUSDT,LONG,2026-07-17 19:00:00 UTC,1784314800000,1784314800,2026-08-22 19:59:59 UTC,1787428799999,1787428799,0.00314,0.00261,0.00018,0.00225,0.00492,0.00225,50.0,14.21,28.42,LOSS,-14.21,-28.42,865
463,TACUSDT,LONG,2026-07-17 20:00:00 UTC,1784318400000,1784318400,2026-08-19 09:59:59 UTC,1787133599999,1787133599,0.00311,0.00261,0.00017,0.00226,0.0048,0.00226,50.0,13.58,27.15,LOSS,-13.58,-27.15,782
464,TACUSDT,LONG,2026-07-17 21:00:00 UTC,1784322000000,1784322000,2026-08-19 09:59:59 UTC,1787133599999,1787133599,0.0031,0.00261,0.00017,0.00227,0.00476,0.00227,50.0,13.35,26.71,LOSS,-13.35,-26.71,781
465,TACUSDT,LONG,2026-07-17 22:00:00 UTC,1784325600000,1784325600,2026-08-19 09:59:59 UTC,1787133599999,1787133599,0.00328,0.00261,0.00017,0.00227,0.0053,0.00227,50.0,15.43,30.86,LOSS,-15.43,-30.86,780
466,TACUSDT,LONG,2026-07-17 23:00:00 UTC,1784329200000,1784329200,2026-08-19 09:59:59 UTC,1787133599999,1787133599,0.00319,0.00262,0.00017,0.00229,0.005,0.00229,50.0,14.17,28.35,LOSS,-14.17,-28.35,779
467,TACUSDT,LONG,2026-07-18 00:00:00 UTC,1784332800000,1784332800,2026-08-19 09:59:59 UTC,1787133599999,1787133599,0.00326,0.00268,0.00016,0.00236,0.00504,0.00236,50.0,13.75,27.49,LOSS,-13.75,-27.49,778
468,TACUSDT,LONG,2026-07-18 01:00:00 UTC,1784336400000,1784336400,2026-08-19 09:59:59 UTC,1787133599999,1787133599,0.00322,0.00269,0.00016,0.00238,0.0049,0.00238,50.0,13.05,26.1,LOSS,-13.05,-26.1,777
469,TACUSDT,LONG,2026-07-18 02:00:00 UTC,1784340000000,1784340000,2026-08-19 09:59:59 UTC,1787133599999,1787133599,0.00325,0.00269,0.00015,0.00239,0.00497,0.00239,50.0,13.23,26.46,LOSS,-13.23,-26.46,776
470,TACUSDT,LONG,2026-07-18 03:00:00 UTC,1784343600000,1784343600,2026-08-19 09:59:59 UTC,1787133599999,1787133599,0.00323,0.00269,0.00015,0.00239,0.00491,0.00239,50.0,12.98,25.95,LOSS,-12.98,-25.95,775
471,TACUSDT,LONG,2026-07-18 04:00:00 UTC,1784347200000,1784347200,2026-08-19 09:59:59 UTC,1787133599999,1787133599,0.00328,0.00269,0.00014,0.0024,0.00502,0.0024,50.0,13.3,26.61,LOSS,-13.3,-26.61,774
472,TACUSDT,LONG,2026-07-18 05:00:00 UTC,1784350800000,1784350800,2026-08-19 09:59:59 UTC,1787133599999,1787133599,0.00316,0.00269,0.00015,0.0024,0.00467,0.0024,50.0,11.96,23.92,LOSS,-11.96,-23.92,773
473,TACUSDT,LONG,2026-07-18 06:00:00 UTC,1784354400000,1784354400,2026-08-19 09:59:59 UTC,1787133599999,1787133599,0.00315,0.00269,0.00014,0.00241,0.00464,0.00241,50.0,11.79,23.59,LOSS,-11.79,-23.59,772
474,TACUSDT,LONG,2026-07-18 07:00:00 UTC,1784358000000,1784358000,2026-08-19 09:59:59 UTC,1787133599999,1787133599,0.00331,0.00269,0.00015,0.0024,0.00514,0.0024,50.0,13.8,27.59,LOSS,-13.8,-27.59,771
475,TACUSDT,LONG,2026-07-18 08:00:00 UTC,1784361600000,1784361600,2026-08-19 07:59:59 UTC,1787126399999,1787126399,0.00327,0.00271,0.00014,0.00242,0.00498,0.00242,50.0,13.02,26.04,LOSS,-13.02,-26.04,768
476,TACUSDT,LONG,2026-07-18 09:00:00 UTC,1784365200000,1784365200,2026-08-19 07:59:59 UTC,1787126399999,1787126399,0.00326,0.00271,0.00014,0.00243,0.00493,0.00243,50.0,12.79,25.58,LOSS,-12.79,-25.58,767
477,TACUSDT,LONG,2026-07-18 10:00:00 UTC,1784368800000,1784368800,2026-08-19 09:59:59 UTC,1787133599999,1787133599,0.00349,0.00271,0.00015,0.0024,0.00566,0.0024,50.0,15.55,31.1,LOSS,-15.55,-31.1,768
478,TACUSDT,LONG,2026-07-18 11:00:00 UTC,1784372400000,1784372400,2026-08-19 09:59:59 UTC,1787133599999,1787133599,0.00335,0.00271,0.00015,0.0024,0.00524,0.0024,50.0,14.15,28.29,LOSS,-14.15,-28.29,767
479,TACUSDT,LONG,2026-07-18 12:00:00 UTC,1784376000000,1784376000,2026-08-19 09:59:59 UTC,1787133599999,1787133599,0.00344,0.00271,0.00015,0.0024,0.00551,0.0024,50.0,15.09,30.18,LOSS,-15.09,-30.18,766
480,TACUSDT,LONG,2026-07-18 13:00:00 UTC,1784379600000,1784379600,2026-08-19 09:59:59 UTC,1787133599999,1787133599,0.00341,0.00271,0.00015,0.00241,0.00541,0.00241,50.0,14.66,29.33,LOSS,-14.66,-29.33,765
481,TACUSDT,LONG,2026-07-18 14:00:00 UTC,1784383200000,1784383200,2026-08-19 09:59:59 UTC,1787133599999,1787133599,0.00365,0.00271,0.00016,0.00239,0.00618,0.00239,50.0,17.28,34.55,LOSS,-17.28,-34.55,764
482,TACUSDT,LONG,2026-07-18 15:00:00 UTC,1784386800000,1784386800,2026-08-19 09:59:59 UTC,1787133599999,1787133599,0.00362,0.00274,0.00017,0.0024,0.00607,0.0024,50.0,16.85,33.7,LOSS,-16.85,-33.7,763
483,TACUSDT,LONG,2026-07-18 16:00:00 UTC,1784390400000,1784390400,2026-08-19 09:59:59 UTC,1787133599999,1787133599,0.00358,0.00274,0.00016,0.00241,0.0059,0.00241,50.0,16.25,32.5,LOSS,-16.25,-32.5,762
484,TACUSDT,LONG,2026-07-18 17:00:00 UTC,1784394000000,1784394000,2026-08-19 07:59:59 UTC,1787126399999,1787126399,0.00356,0.00274,0.00016,0.00242,0.00584,0.00242,50.0,16.0,32.0,LOSS,-16.0,-32.0,759
485,TACUSDT,LONG,2026-07-18 18:00:00 UTC,1784397600000,1784397600,2026-08-19 07:59:59 UTC,1787126399999,1787126399,0.00364,0.00274,0.00015,0.00243,0.00607,0.00243,50.0,16.69,33.38,LOSS,-16.69,-33.38,758
486,TACUSDT,LONG,2026-07-18 19:00:00 UTC,1784401200000,1784401200,2026-08-19 07:59:59 UTC,1787126399999,1787126399,0.00353,0.00274,0.00016,0.00242,0.00574,0.00242,50.0,15.69,31.38,LOSS,-15.69,-31.38,757
487,TACUSDT,LONG,2026-07-18 20:00:00 UTC,1784404800000,1784404800,2026-08-19 07:59:59 UTC,1787126399999,1787126399,0.00348,0.00274,0.00015,0.00243,0.00557,0.00243,50.0,15.06,30.12,LOSS,-15.06,-30.12,756
488,TACUSDT,LONG,2026-07-18 21:00:00 UTC,1784408400000,1784408400,2026-08-19 07:59:59 UTC,1787126399999,1787126399,0.00343,0.00274,0.00015,0.00243,0.00541,0.00243,50.0,14.48,28.96,LOSS,-14.48,-28.96,755
489,TACUSDT,LONG,2026-07-18 22:00:00 UTC,1784412000000,1784412000,2026-08-19 07:59:59 UTC,1787126399999,1787126399,0.0035,0.00274,0.00015,0.00243,0.00565,0.00243,50.0,15.3,30.6,LOSS,-15.3,-30.6,754
490,TACUSDT,LONG,2026-07-18 23:00:00 UTC,1784415600000,1784415600,2026-08-19 07:59:59 UTC,1787126399999,1787126399,0.00354,0.00274,0.00015,0.00244,0.00575,0.00244,50.0,15.52,31.03,LOSS,-15.52,-31.03,753
491,TACUSDT,LONG,2026-07-19 00:00:00 UTC,1784419200000,1784419200,2026-08-19 07:59:59 UTC,1787126399999,1787126399,0.00345,0.00274,0.00014,0.00245,0.00546,0.00245,50.0,14.53,29.06,LOSS,-14.53,-29.06,752
492,TACUSDT,LONG,2026-07-19 01:00:00 UTC,1784422800000,1784422800,2026-08-19 07:59:59 UTC,1787126399999,1787126399,0.00347,0.00274,0.00014,0.00245,0.0055,0.00245,50.0,14.68,29.36,LOSS,-14.68,-29.36,751
493,TACUSDT,LONG,2026-07-19 02:00:00 UTC,1784426400000,1784426400,2026-08-19 07:59:59 UTC,1787126399999,1787126399,0.00348,0.00274,0.00014,0.00245,0.00555,0.00245,50.0,14.84,29.67,LOSS,-14.84,-29.67,750
494,TACUSDT,LONG,2026-07-19 03:00:00 UTC,1784430000000,1784430000,2026-08-19 07:59:59 UTC,1787126399999,1787126399,0.00337,0.00274,0.00015,0.00244,0.00522,0.00244,50.0,13.74,27.47,LOSS,-13.74,-27.47,749
495,TACUSDT,LONG,2026-07-19 04:00:00 UTC,1784433600000,1784433600,2026-08-19 07:59:59 UTC,1787126399999,1787126399,0.00337,0.00274,0.00014,0.00245,0.00522,0.00245,50.0,13.72,27.43,LOSS,-13.72,-27.43,748
496,TACUSDT,LONG,2026-07-19 05:00:00 UTC,1784437200000,1784437200,2026-08-19 07:59:59 UTC,1787126399999,1787126399,0.00351,0.00274,0.00015,0.00244,0.00566,0.00244,50.0,15.3,30.59,LOSS,-15.3,-30.59,747
497,TACUSDT,LONG,2026-07-19 06:00:00 UTC,1784440800000,1784440800,2026-08-19 07:59:59 UTC,1787126399999,1787126399,0.00348,0.00274,0.00014,0.00245,0.00554,0.00245,50.0,14.83,29.65,LOSS,-14.83,-29.65,746
498,TACUSDT,LONG,2026-07-19 07:00:00 UTC,1784444400000,1784444400,2026-08-19 07:59:59 UTC,1787126399999,1787126399,0.00356,0.00274,0.00014,0.00245,0.00578,0.00245,50.0,15.63,31.26,LOSS,-15.63,-31.26,745
499,TACUSDT,LONG,2026-07-19 08:00:00 UTC,1784448000000,1784448000,2026-08-19 07:59:59 UTC,1787126399999,1787126399,0.00352,0.00275,0.00014,0.00247,0.00562,0.00247,50.0,14.94,29.88,LOSS,-14.94,-29.88,744
500,TACUSDT,LONG,2026-07-19 09:00:00 UTC,1784451600000,1784451600,2026-08-19 07:59:59 UTC,1787126399999,1787126399,0.00349,0.00275,0.00014,0.00247,0.00553,0.00247,50.0,14.64,29.28,LOSS,-14.64,-29.28,743
501,TACUSDT,LONG,2026-07-19 10:00:00 UTC,1784455200000,1784455200,2026-08-19 07:59:59 UTC,1787126399999,1787126399,0.00343,0.00277,0.00014,0.00249,0.0053,0.00249,50.0,13.64,27.28,LOSS,-13.64,-27.28,742
502,TACUSDT,LONG,2026-07-19 11:00:00 UTC,1784458800000,1784458800,2026-08-19 07:59:59 UTC,1787126399999,1787126399,0.00341,0.00277,0.00014,0.0025,0.00524,0.0025,50.0,13.4,26.81,LOSS,-13.4,-26.81,741
503,TACUSDT,LONG,2026-07-19 12:00:00 UTC,1784462400000,1784462400,2026-08-19 07:59:59 UTC,1787126399999,1787126399,0.00339,0.00277,0.00013,0.00251,0.00516,0.00251,50.0,13.04,26.08,LOSS,-13.04,-26.08,740
504,TACUSDT,LONG,2026-07-19 13:00:00 UTC,1784466000000,1784466000,2026-08-14 11:59:59 UTC,1786708799999,1786708799,0.00338,0.00284,0.00013,0.00259,0.00495,0.00259,50.0,11.62,23.25,LOSS,-11.62,-23.25,623
505,TACUSDT,LONG,2026-07-19 14:00:00 UTC,1784469600000,1784469600,2026-08-14 11:59:59 UTC,1786708799999,1786708799,0.00339,0.00284,0.00012,0.00259,0.00499,0.00259,50.0,11.77,23.54,LOSS,-11.77,-23.54,622
506,TACUSDT,LONG,2026-07-19 15:00:00 UTC,1784473200000,1784473200,2026-08-14 11:59:59 UTC,1786708799999,1786708799,0.00337,0.00284,0.00012,0.0026,0.00492,0.0026,50.0,11.49,22.98,LOSS,-11.49,-22.98,621
507,TACUSDT,LONG,2026-07-19 16:00:00 UTC,1784476800000,1784476800,2026-08-14 11:59:59 UTC,1786708799999,1786708799,0.00336,0.00284,0.00012,0.0026,0.00489,0.0026,50.0,11.3,22.6,LOSS,-11.3,-22.6,620
508,TACUSDT,LONG,2026-07-19 17:00:00 UTC,1784480400000,1784480400,2026-08-14 10:59:59 UTC,1786705199999,1786705199,0.00333,0.00284,0.00012,0.00261,0.00479,0.00261,50.0,10.9,21.8,LOSS,-10.9,-21.8,618
509,TACUSDT,LONG,2026-07-19 18:00:00 UTC,1784484000000,1784484000,2026-08-14 10:59:59 UTC,1786705199999,1786705199,0.0034,0.00284,0.00012,0.00261,0.00498,0.00261,50.0,11.64,23.28,LOSS,-11.64,-23.28,617
510,TACUSDT,LONG,2026-07-19 19:00:00 UTC,1784487600000,1784487600,2026-08-14 11:59:59 UTC,1786708799999,1786708799,0.00328,0.00284,0.00012,0.00261,0.00464,0.00261,50.0,10.33,20.67,LOSS,-10.33,-20.67,617
511,TACUSDT,LONG,2026-07-19 20:00:00 UTC,1784491200000,1784491200,2026-08-14 10:59:59 UTC,1786705199999,1786705199,0.0033,0.00284,0.00012,0.00261,0.00469,0.00261,50.0,10.49,20.99,LOSS,-10.49,-20.99,615
512,TACUSDT,LONG,2026-07-19 21:00:00 UTC,1784494800000,1784494800,2026-08-14 10:59:59 UTC,1786705199999,1786705199,0.00343,0.00286,0.00012,0.00261,0.00509,0.00261,50.0,12.02,24.04,LOSS,-12.02,-24.04,614
513,TACUSDT,LONG,2026-07-19 22:00:00 UTC,1784498400000,1784498400,2026-08-14 10:59:59 UTC,1786705199999,1786705199,0.00343,0.00286,0.00012,0.00261,0.00508,0.00261,50.0,12.0,23.99,LOSS,-12.0,-23.99,613
514,TACUSDT,LONG,2026-07-19 23:00:00 UTC,1784502000000,1784502000,2026-08-14 10:59:59 UTC,1786705199999,1786705199,0.00338,0.00286,0.00012,0.00261,0.0049,0.00261,50.0,11.29,22.58,LOSS,-11.29,-22.58,612
515,TACUSDT,LONG,2026-07-20 00:00:00 UTC,1784505600000,1784505600,2026-08-14 10:59:59 UTC,1786705199999,1786705199,0.0034,0.00286,0.00012,0.00262,0.00497,0.00262,50.0,11.51,23.01,LOSS,-11.51,-23.01,611
516,TACUSDT,LONG,2026-07-20 01:00:00 UTC,1784509200000,1784509200,2026-08-14 10:59:59 UTC,1786705199999,1786705199,0.00335,0.00286,0.00012,0.00262,0.00481,0.00262,50.0,10.9,21.8,LOSS,-10.9,-21.8,610
517,TACUSDT,LONG,2026-07-20 02:00:00 UTC,1784512800000,1784512800,2026-08-14 10:59:59 UTC,1786705199999,1786705199,0.00336,0.00286,0.00012,0.00262,0.00482,0.00262,50.0,10.92,21.85,LOSS,-10.92,-21.85,609
518,TACUSDT,LONG,2026-07-20 03:00:00 UTC,1784516400000,1784516400,2026-08-14 08:59:59 UTC,1786697999999,1786697999,0.00343,0.00286,0.00012,0.00262,0.00505,0.00262,50.0,11.77,23.54,LOSS,-11.77,-23.54,606
519,TACUSDT,LONG,2026-07-20 04:00:00 UTC,1784520000000,1784520000,2026-08-14 08:59:59 UTC,1786697999999,1786697999,0.0034,0.00286,0.00011,0.00263,0.00493,0.00263,50.0,11.31,22.63,LOSS,-11.31,-22.63,605
520,TACUSDT,LONG,2026-07-20 05:00:00 UTC,1784523600000,1784523600,2026-08-14 08:59:59 UTC,1786697999999,1786697999,0.00345,0.00286,0.00012,0.00263,0.00509,0.00263,50.0,11.9,23.8,LOSS,-11.9,-23.8,604
521,TACUSDT,LONG,2026-07-20 06:00:00 UTC,1784527200000,1784527200,2026-08-13 20:59:59 UTC,1786654799999,1786654799,0.00335,0.00288,0.00012,0.00264,0.00477,0.00264,50.0,10.59,21.17,LOSS,-10.59,-21.17,591
522,TACUSDT,LONG,2026-07-20 07:00:00 UTC,1784530800000,1784530800,2026-08-13 20:59:59 UTC,1786654799999,1786654799,0.00342,0.00289,0.00012,0.00266,0.00494,0.00266,50.0,11.1,22.2,LOSS,-11.1,-22.2,590
523,TACUSDT,LONG,2026-07-20 08:00:00 UTC,1784534400000,1784534400,2026-08-13 20:59:59 UTC,1786654799999,1786654799,0.00335,0.00289,0.00012,0.00266,0.00473,0.00266,50.0,10.33,20.66,LOSS,-10.33,-20.66,589
524,TACUSDT,LONG,2026-07-20 09:00:00 UTC,1784538000000,1784538000,2026-08-13 20:59:59 UTC,1786654799999,1786654799,0.00339,0.00289,0.00012,0.00266,0.00487,0.00266,50.0,10.88,21.77,LOSS,-10.88,-21.77,588
525,TACUSDT,LONG,2026-07-20 10:00:00 UTC,1784541600000,1784541600,2026-08-13 20:59:59 UTC,1786654799999,1786654799,0.00336,0.00289,0.00011,0.00266,0.00477,0.00266,50.0,10.43,20.87,LOSS,-10.43,-20.87,587
526,TACUSDT,LONG,2026-07-20 11:00:00 UTC,1784545200000,1784545200,2026-08-13 20:59:59 UTC,1786654799999,1786654799,0.0033,0.00293,0.00011,0.00271,0.00449,0.00271,50.0,9.02,18.04,LOSS,-9.02,-18.04,586
527,TACUSDT,LONG,2026-07-20 12:00:00 UTC,1784548800000,1784548800,2026-08-13 20:59:59 UTC,1786654799999,1786654799,0.00336,0.00293,0.00011,0.00271,0.00465,0.00271,50.0,9.61,19.22,LOSS,-9.61,-19.22,585
528,TACUSDT,LONG,2026-07-20 13:00:00 UTC,1784552400000,1784552400,2026-08-13 20:59:59 UTC,1786654799999,1786654799,0.00324,0.00293,0.00011,0.00271,0.0043,0.00271,50.0,8.22,16.45,LOSS,-8.22,-16.45,584
529,TACUSDT,LONG,2026-07-20 14:00:00 UTC,1784556000000,1784556000,2026-08-13 15:59:59 UTC,1786636799999,1786636799,0.00329,0.00297,0.00011,0.00275,0.00438,0.00275,50.0,8.25,16.49,LOSS,-8.25,-16.49,578
530,TACUSDT,LONG,2026-07-20 15:00:00 UTC,1784559600000,1784559600,2026-08-13 15:59:59 UTC,1786636799999,1786636799,0.00331,0.00297,0.00011,0.00276,0.00442,0.00276,50.0,8.36,16.72,LOSS,-8.36,-16.72,577
531,TACUSDT,LONG,2026-07-20 16:00:00 UTC,1784563200000,1784563200,2026-08-13 15:59:59 UTC,1786636799999,1786636799,0.00334,0.00297,0.00011,0.00276,0.00451,0.00276,50.0,8.75,17.51,LOSS,-8.75,-17.51,576
532,TACUSDT,LONG,2026-07-20 17:00:00 UTC,1784566800000,1784566800,2026-08-13 15:59:59 UTC,1786636799999,1786636799,0.00342,0.00297,0.00011,0.00275,0.00474,0.00275,50.0,9.71,19.43,LOSS,-9.71,-19.43,575
533,TACUSDT,LONG,2026-07-20 18:00:00 UTC,1784570400000,1784570400,2026-08-13 15:59:59 UTC,1786636799999,1786636799,0.00342,0.00303,0.00011,0.00281,0.00465,0.00281,50.0,8.94,17.89,LOSS,-8.94,-17.89,574
534,TACUSDT,LONG,2026-07-20 19:00:00 UTC,1784574000000,1784574000,2026-08-11 17:59:59 UTC,1786471199999,1786471199,0.00339,0.00304,0.00011,0.00283,0.00453,0.00283,50.0,8.37,16.74,LOSS,-8.37,-16.74,527
535,TACUSDT,LONG,2026-07-20 20:00:00 UTC,1784577600000,1784577600,2026-08-11 17:59:59 UTC,1786471199999,1786471199,0.0032,0.00307,0.00012,0.00283,0.00394,0.00283,50.0,5.79,11.58,LOSS,-5.79,-11.58,526
536,TACUSDT,LONG,2026-07-20 21:00:00 UTC,1784581200000,1784581200,2026-07-21 14:59:59 UTC,1784645999999,1784645999,0.0032,0.00307,0.00011,0.00284,0.00393,0.00284,50.0,5.65,11.3,LOSS,-5.65,-11.3,18
537,TACUSDT,LONG,2026-07-20 22:00:00 UTC,1784584800000,1784584800,2026-07-21 14:59:59 UTC,1784645999999,1784645999,0.00321,0.00307,0.00011,0.00285,0.00395,0.00285,50.0,5.74,11.48,LOSS,-5.74,-11.48,17
538,TACUSDT,LONG,2026-07-20 23:00:00 UTC,1784588400000,1784588400,2026-07-21 14:59:59 UTC,1784645999999,1784645999,0.00318,0.00307,0.00011,0.00286,0.00382,0.00286,50.0,5.05,10.1,LOSS,-5.05,-10.1,16
539,TACUSDT,LONG,2026-07-21 00:00:00 UTC,1784592000000,1784592000,2026-07-21 14:59:59 UTC,1784645999999,1784645999,0.00315,0.00307,0.0001,0.00286,0.00372,0.00286,50.0,4.56,9.12,LOSS,-4.56,-9.12,15
540,TACUSDT,LONG,2026-07-21 01:00:00 UTC,1784595600000,1784595600,2026-07-21 14:59:59 UTC,1784645999999,1784645999,0.00313,0.00307,0.0001,0.00287,0.00365,0.00287,50.0,4.16,8.33,LOSS,-4.16,-8.33,14
541,TACUSDT,LONG,2026-07-21 02:00:00 UTC,1784599200000,1784599200,2026-07-21 14:59:59 UTC,1784645999999,1784645999,0.00326,0.00307,0.0001,0.00286,0.00405,0.00286,50.0,6.1,12.2,LOSS,-6.1,-12.2,13
542,TACUSDT,LONG,2026-07-21 03:00:00 UTC,1784602800000,1784602800,2026-07-21 14:59:59 UTC,1784645999999,1784645999,0.00317,0.00307,0.00011,0.00286,0.0038,0.00286,50.0,4.96,9.92,LOSS,-4.96,-9.92,12
543,TACUSDT,LONG,2026-07-21 04:00:00 UTC,1784606400000,1784606400,2026-07-21 14:59:59 UTC,1784645999999,1784645999,0.00319,0.00307,0.0001,0.00287,0.00384,0.00287,50.0,5.09,10.18,LOSS,-5.09,-10.18,11
544,TACUSDT,LONG,2026-07-21 05:00:00 UTC,1784610000000,1784610000,2026-07-21 14:59:59 UTC,1784645999999,1784645999,0.00315,0.00307,0.0001,0.00287,0.00372,0.00287,50.0,4.46,8.92,LOSS,-4.46,-8.92,10
545,TACUSDT,LONG,2026-07-21 06:00:00 UTC,1784613600000,1784613600,2026-07-21 14:59:59 UTC,1784645999999,1784645999,0.00319,0.00307,0.0001,0.00288,0.00382,0.00288,50.0,4.93,9.86,LOSS,-4.93,-9.86,9
546,TACUSDT,LONG,2026-07-21 07:00:00 UTC,1784617200000,1784617200,2026-07-21 14:59:59 UTC,1784645999999,1784645999,0.00316,0.00307,9e-05,0.00288,0.00373,0.00288,50.0,4.47,8.94,LOSS,-4.47,-8.94,8
547,TACUSDT,LONG,2026-07-21 08:00:00 UTC,1784620800000,1784620800,2026-07-21 14:59:59 UTC,1784645999999,1784645999,0.00317,0.00307,0.0001,0.00287,0.00377,0.00287,50.0,4.72,9.45,LOSS,-4.72,-9.45,7
548,TACUSDT,LONG,2026-07-21 09:00:00 UTC,1784624400000,1784624400,2026-07-24 15:59:59 UTC,1784908799999,1784908799,0.003,0.00293,0.00011,0.00271,0.00357,0.00357,50.0,4.75,9.5,WIN,9.5,18.99,79
549,TACUSDT,LONG,2026-07-21 10:00:00 UTC,1784628000000,1784628000,2026-07-22 11:59:59 UTC,1784721599999,1784721599,0.00299,0.00293,0.00011,0.00272,0.00352,0.00352,50.0,4.46,8.91,WIN,8.91,17.83,26
550,TACUSDT,LONG,2026-07-21 11:00:00 UTC,1784631600000,1784631600,2026-07-22 11:59:59 UTC,1784721599999,1784721599,0.00299,0.00293,0.0001,0.00273,0.00353,0.00353,50.0,4.45,8.91,WIN,8.91,17.81,25
551,TACUSDT,LONG,2026-07-21 12:00:00 UTC,1784635200000,1784635200,2026-07-22 03:59:59 UTC,1784692799999,1784692799,0.00298,0.00293,0.0001,0.00273,0.00347,0.00347,50.0,4.12,8.25,WIN,8.25,16.5,16
552,TACUSDT,LONG,2026-07-21 13:00:00 UTC,1784638800000,1784638800,2026-07-22 02:59:59 UTC,1784689199999,1784689199,0.00291,0.0029,0.0001,0.0027,0.00335,0.00335,50.0,3.73,7.46,WIN,7.46,14.93,14
553,TACUSDT,LONG,2026-07-21 14:00:00 UTC,1784642400000,1784642400,2026-07-22 03:59:59 UTC,1784692799999,1784692799,0.00295,0.00289,0.0001,0.0027,0.00345,0.00345,50.0,4.22,8.44,WIN,8.44,16.87,14
554,TACUSDT,LONG,2026-07-21 15:00:00 UTC,1784646000000,1784646000,2026-07-22 03:59:59 UTC,1784692799999,1784692799,0.0029,0.00284,0.0001,0.00264,0.00341,0.00341,50.0,4.39,8.77,WIN,8.77,17.55,13
555,TACUSDT,LONG,2026-07-21 16:00:00 UTC,1784649600000,1784649600,2026-07-24 15:59:59 UTC,1784908799999,1784908799,0.00296,0.00284,0.0001,0.00264,0.00359,0.00359,50.0,5.34,10.68,WIN,10.68,21.35,72
556,TACUSDT,LONG,2026-07-21 17:00:00 UTC,1784653200000,1784653200,2026-07-25 02:59:59 UTC,1784948399999,1784948399,0.003,0.00284,0.0001,0.00265,0.0037,0.0037,50.0,5.87,11.75,WIN,11.75,23.5,82
557,TACUSDT,LONG,2026-07-21 18:00:00 UTC,1784656800000,1784656800,2026-08-13 20:59:59 UTC,1786654799999,1786654799,0.00307,0.00284,0.0001,0.00265,0.00392,0.00265,50.0,6.91,13.82,LOSS,-6.91,-13.82,555
558,TACUSDT,LONG,2026-07-21 19:00:00 UTC,1784660400000,1784660400,2026-08-13 20:59:59 UTC,1786654799999,1786654799,0.00307,0.00284,9e-05,0.00265,0.0039,0.00265,50.0,6.77,13.54,LOSS,-6.77,-13.54,554
559,TACUSDT,LONG,2026-07-21 20:00:00 UTC,1784664000000,1784664000,2026-08-13 20:59:59 UTC,1786654799999,1786654799,0.00314,0.00284,0.0001,0.00264,0.00413,0.00264,50.0,7.88,15.77,LOSS,-7.88,-15.77,553
560,TACUSDT,LONG,2026-07-21 21:00:00 UTC,1784667600000,1784667600,2026-08-13 20:59:59 UTC,1786654799999,1786654799,0.00323,0.00284,0.0001,0.00264,0.00439,0.00264,50.0,9.05,18.1,LOSS,-9.05,-18.1,552
561,TACUSDT,LONG,2026-07-21 22:00:00 UTC,1784671200000,1784671200,2026-08-13 20:59:59 UTC,1786654799999,1786654799,0.00323,0.00284,0.0001,0.00265,0.00438,0.00265,50.0,8.99,17.97,LOSS,-8.99,-17.97,551
562,TACUSDT,LONG,2026-07-21 23:00:00 UTC,1784674800000,1784674800,2026-08-13 20:59:59 UTC,1786654799999,1786654799,0.00326,0.00284,0.0001,0.00264,0.0045,0.00264,50.0,9.46,18.92,LOSS,-9.46,-18.92,550
563,TACUSDT,LONG,2026-07-22 00:00:00 UTC,1784678400000,1784678400,2026-08-13 20:59:59 UTC,1786654799999,1786654799,0.00324,0.00284,0.0001,0.00264,0.00442,0.00264,50.0,9.18,18.36,LOSS,-9.18,-18.36,549
564,TACUSDT,LONG,2026-07-22 01:00:00 UTC,1784682000000,1784682000,2026-08-13 20:59:59 UTC,1786654799999,1786654799,0.0032,0.00284,0.0001,0.00264,0.00431,0.00264,50.0,8.67,17.33,LOSS,-8.67,-17.33,548
565,TACUSDT,LONG,2026-07-22 02:00:00 UTC,1784685600000,1784685600,2026-08-13 20:59:59 UTC,1786654799999,1786654799,0.00325,0.00284,0.0001,0.00265,0.00444,0.00265,50.0,9.23,18.47,LOSS,-9.23,-18.47,547
566,TACUSDT,LONG,2026-07-22 03:00:00 UTC,1784689200000,1784689200,2026-08-13 20:59:59 UTC,1786654799999,1786654799,0.00339,0.00284,0.0001,0.00264,0.00488,0.00264,50.0,11.05,22.1,LOSS,-11.05,-22.1,546
567,TACUSDT,LONG,2026-07-22 04:00:00 UTC,1784692800000,1784692800,2026-08-14 08:59:59 UTC,1786697999999,1786697999,0.0034,0.00284,0.0001,0.00263,0.00493,0.00263,50.0,11.25,22.51,LOSS,-11.25,-22.51,557
568,TACUSDT,LONG,2026-07-22 05:00:00 UTC,1784696400000,1784696400,2026-08-14 08:59:59 UTC,1786697999999,1786697999,0.00343,0.00284,0.0001,0.00263,0.00501,0.00263,50.0,11.58,23.17,LOSS,-11.58,-23.17,556
569,TACUSDT,LONG,2026-07-22 06:00:00 UTC,1784700000000,1784700000,2026-08-14 08:59:59 UTC,1786697999999,1786697999,0.00344,0.00284,0.0001,0.00263,0.00505,0.00263,50.0,11.74,23.48,LOSS,-11.74,-23.48,555
570,TACUSDT,LONG,2026-07-22 07:00:00 UTC,1784703600000,1784703600,2026-08-14 08:59:59 UTC,1786697999999,1786697999,0.00338,0.00284,0.00011,0.00263,0.00489,0.00263,50.0,11.14,22.28,LOSS,-11.14,-22.28,554
571,TACUSDT,LONG,2026-07-22 08:00:00 UTC,1784707200000,1784707200,2026-08-14 08:59:59 UTC,1786697999999,1786697999,0.00338,0.00284,0.00011,0.00263,0.00488,0.00263,50.0,11.11,22.21,LOSS,-11.11,-22.21,553
572,TACUSDT,LONG,2026-07-22 09:00:00 UTC,1784710800000,1784710800,2026-08-14 08:59:59 UTC,1786697999999,1786697999,0.00333,0.00284,0.0001,0.00263,0.00472,0.00263,50.0,10.44,20.88,LOSS,-10.44,-20.88,552
573,TACUSDT,LONG,2026-07-22 10:00:00 UTC,1784714400000,1784714400,2026-08-14 08:59:59 UTC,1786697999999,1786697999,0.00332,0.00284,0.0001,0.00263,0.00469,0.00263,50.0,10.33,20.67,LOSS,-10.33,-20.67,551
574,TACUSDT,LONG,2026-07-22 11:00:00 UTC,1784718000000,1784718000,2026-08-14 10:59:59 UTC,1786705199999,1786705199,0.00344,0.00284,0.00011,0.00262,0.00508,0.00262,50.0,11.9,23.81,LOSS,-11.9,-23.81,552
575,TACUSDT,LONG,2026-07-22 12:00:00 UTC,1784721600000,1784721600,2026-08-14 10:59:59 UTC,1786705199999,1786705199,0.00337,0.00284,0.00011,0.00261,0.0049,0.00261,50.0,11.33,22.66,LOSS,-11.33,-22.66,551
576,TACUSDT,LONG,2026-07-22 13:00:00 UTC,1784725200000,1784725200,2026-08-14 11:59:59 UTC,1786708799999,1786708799,0.00343,0.00284,0.00012,0.00261,0.00507,0.00261,50.0,11.99,23.98,LOSS,-11.99,-23.98,551
577,TACUSDT,LONG,2026-07-22 14:00:00 UTC,1784728800000,1784728800,2026-08-14 11:59:59 UTC,1786708799999,1786708799,0.00343,0.00284,0.00012,0.0026,0.00509,0.0026,50.0,12.09,24.19,LOSS,-12.09,-24.19,550
578,TACUSDT,LONG,2026-07-22 15:00:00 UTC,1784732400000,1784732400,2026-08-14 10:59:59 UTC,1786705199999,1786705199,0.00348,0.00284,0.00012,0.00261,0.00522,0.00261,50.0,12.51,25.03,LOSS,-12.51,-25.03,548
579,TACUSDT,LONG,2026-07-22 16:00:00 UTC,1784736000000,1784736000,2026-08-14 10:59:59 UTC,1786705199999,1786705199,0.00348,0.00284,0.00012,0.00261,0.00521,0.00261,50.0,12.49,24.98,LOSS,-12.49,-24.98,547
580,TACUSDT,LONG,2026-07-22 17:00:00 UTC,1784739600000,1784739600,2026-08-14 11:59:59 UTC,1786708799999,1786708799,0.0034,0.00284,0.00012,0.0026,0.00501,0.0026,50.0,11.83,23.66,LOSS,-11.83,-23.66,547
581,TACUSDT,LONG,2026-07-22 18:00:00 UTC,1784743200000,1784743200,2026-08-14 11:59:59 UTC,1786708799999,1786708799,0.00343,0.00284,0.00012,0.0026,0.00509,0.0026,50.0,12.09,24.17,LOSS,-12.09,-24.17,546
582,TACUSDT,LONG,2026-07-22 19:00:00 UTC,1784746800000,1784746800,2026-08-14 10:59:59 UTC,1786705199999,1786705199,0.00342,0.00284,0.00011,0.00261,0.00504,0.00261,50.0,11.83,23.66,LOSS,-11.83,-23.66,544
583,TACUSDT,LONG,2026-07-22 20:00:00 UTC,1784750400000,1784750400,2026-08-14 11:59:59 UTC,1786708799999,1786708799,0.00334,0.00284,0.00012,0.00261,0.0048,0.00261,50.0,10.98,21.95,LOSS,-10.98,-21.95,544
584,TACUSDT,LONG,2026-07-22 21:00:00 UTC,1784754000000,1784754000,2026-08-14 10:59:59 UTC,1786705199999,1786705199,0.00337,0.00284,0.00011,0.00261,0.00488,0.00261,50.0,11.24,22.48,LOSS,-11.24,-22.48,542
585,TACUSDT,LONG,2026-07-22 22:00:00 UTC,1784757600000,1784757600,2026-08-14 10:59:59 UTC,1786705199999,1786705199,0.00336,0.00284,0.00011,0.00262,0.00482,0.00262,50.0,10.94,21.88,LOSS,-10.94,-21.88,541
586,TACUSDT,LONG,2026-07-22 23:00:00 UTC,1784761200000,1784761200,2026-08-14 08:59:59 UTC,1786697999999,1786697999,0.00337,0.00284,0.0001,0.00263,0.00484,0.00263,50.0,10.92,21.84,LOSS,-10.92,-21.84,538
587,TACUSDT,LONG,2026-07-23 00:00:00 UTC,1784764800000,1784764800,2026-08-13 20:59:59 UTC,1786654799999,1786654799,0.00334,0.00284,0.0001,0.00264,0.00475,0.00264,50.0,10.51,21.01,LOSS,-10.51,-21.01,525
588,TACUSDT,LONG,2026-07-23 01:00:00 UTC,1784768400000,1784768400,2026-08-13 20:59:59 UTC,1786654799999,1786654799,0.00335,0.00284,0.0001,0.00265,0.00475,0.00265,50.0,10.47,20.95,LOSS,-10.47,-20.95,524
589,TACUSDT,LONG,2026-07-23 02:00:00 UTC,1784772000000,1784772000,2026-08-13 20:59:59 UTC,1786654799999,1786654799,0.00338,0.00284,0.0001,0.00265,0.00485,0.00265,50.0,10.83,21.66,LOSS,-10.83,-21.66,523
590,TACUSDT,LONG,2026-07-23 03:00:00 UTC,1784775600000,1784775600,2026-08-13 20:59:59 UTC,1786654799999,1786654799,0.00336,0.00284,9e-05,0.00265,0.00476,0.00265,50.0,10.46,20.91,LOSS,-10.46,-20.91,522
591,TACUSDT,LONG,2026-07-23 04:00:00 UTC,1784779200000,1784779200,2026-08-13 20:59:59 UTC,1786654799999,1786654799,0.00332,0.00284,9e-05,0.00266,0.00465,0.00266,50.0,9.98,19.97,LOSS,-9.98,-19.97,521
592,TACUSDT,LONG,2026-07-23 05:00:00 UTC,1784782800000,1784782800,2026-08-13 20:59:59 UTC,1786654799999,1786654799,0.00335,0.00284,9e-05,0.00266,0.00474,0.00266,50.0,10.38,20.75,LOSS,-10.38,-20.75,520
593,TACUSDT,LONG,2026-07-23 06:00:00 UTC,1784786400000,1784786400,2026-08-13 20:59:59 UTC,1786654799999,1786654799,0.0034,0.00284,9e-05,0.00266,0.00487,0.00266,50.0,10.88,21.76,LOSS,-10.88,-21.76,519
594,TACUSDT,LONG,2026-07-23 07:00:00 UTC,1784790000000,1784790000,2026-08-13 20:59:59 UTC,1786654799999,1786654799,0.00336,0.00284,9e-05,0.00266,0.00477,0.00266,50.0,10.44,20.88,LOSS,-10.44,-20.88,518
595,TACUSDT,LONG,2026-07-23 08:00:00 UTC,1784793600000,1784793600,2026-08-13 20:59:59 UTC,1786654799999,1786654799,0.00333,0.00284,9e-05,0.00266,0.00468,0.00266,50.0,10.11,20.22,LOSS,-10.11,-20.22,517
596,TACUSDT,LONG,2026-07-23 09:00:00 UTC,1784797200000,1784797200,2026-08-13 20:59:59 UTC,1786654799999,1786654799,0.0034,0.00284,9e-05,0.00266,0.00488,0.00266,50.0,10.87,21.74,LOSS,-10.87,-21.74,516
597,TACUSDT,LONG,2026-07-23 10:00:00 UTC,1784800800000,1784800800,2026-08-13 20:59:59 UTC,1786654799999,1786654799,0.0034,0.00284,9e-05,0.00267,0.00487,0.00267,50.0,10.8,21.6,LOSS,-10.8,-21.6,515
598,TACUSDT,LONG,2026-07-23 11:00:00 UTC,1784804400000,1784804400,2026-08-13 20:59:59 UTC,1786654799999,1786654799,0.00336,0.00284,9e-05,0.00267,0.00476,0.00267,50.0,10.35,20.71,LOSS,-10.35,-20.71,514
599,TACUSDT,LONG,2026-07-23 12:00:00 UTC,1784808000000,1784808000,2026-08-13 20:59:59 UTC,1786654799999,1786654799,0.00338,0.00284,9e-05,0.00267,0.00479,0.00267,50.0,10.46,20.93,LOSS,-10.46,-20.93,513
600,TACUSDT,LONG,2026-07-23 13:00:00 UTC,1784811600000,1784811600,2026-08-13 20:59:59 UTC,1786654799999,1786654799,0.00343,0.00284,9e-05,0.00267,0.00496,0.00267,50.0,11.13,22.25,LOSS,-11.13,-22.25,512
601,TACUSDT,LONG,2026-07-23 14:00:00 UTC,1784815200000,1784815200,2026-08-13 20:59:59 UTC,1786654799999,1786654799,0.00342,0.00284,9e-05,0.00267,0.00492,0.00267,50.0,10.99,21.98,LOSS,-10.99,-21.98,511
602,TACUSDT,LONG,2026-07-23 15:00:00 UTC,1784818800000,1784818800,2026-08-13 20:59:59 UTC,1786654799999,1786654799,0.00344,0.00284,9e-05,0.00267,0.00499,0.00267,50.0,11.25,22.5,LOSS,-11.25,-22.5,510
603,TACUSDT,LONG,2026-07-23 16:00:00 UTC,1784822400000,1784822400,2026-08-13 20:59:59 UTC,1786654799999,1786654799,0.00336,0.00284,9e-05,0.00266,0.00477,0.00266,50.0,10.48,20.95,LOSS,-10.48,-20.95,509
604,TACUSDT,LONG,2026-07-23 17:00:00 UTC,1784826000000,1784826000,2026-08-13 20:59:59 UTC,1786654799999,1786654799,0.00328,0.00284,9e-05,0.00265,0.00454,0.00265,50.0,9.58,19.15,LOSS,-9.58,-19.15,508
605,TACUSDT,LONG,2026-07-23 18:00:00 UTC,1784829600000,1784829600,2026-08-13 20:59:59 UTC,1786654799999,1786654799,0.00329,0.00284,9e-05,0.00266,0.00456,0.00266,50.0,9.63,19.26,LOSS,-9.63,-19.26,507
606,TACUSDT,LONG,2026-07-23 19:00:00 UTC,1784833200000,1784833200,2026-08-13 20:59:59 UTC,1786654799999,1786654799,0.00333,0.00284,9e-05,0.00266,0.00467,0.00266,50.0,10.08,20.16,LOSS,-10.08,-20.16,506
607,TACUSDT,LONG,2026-07-23 20:00:00 UTC,1784836800000,1784836800,2026-08-13 20:59:59 UTC,1786654799999,1786654799,0.00331,0.00284,9e-05,0.00266,0.00462,0.00266,50.0,9.84,19.69,LOSS,-9.84,-19.69,505
608,TACUSDT,LONG,2026-07-23 21:00:00 UTC,1784840400000,1784840400,2026-08-13 20:59:59 UTC,1786654799999,1786654799,0.00337,0.00284,9e-05,0.00266,0.00479,0.00266,50.0,10.55,21.1,LOSS,-10.55,-21.1,504
609,TACUSDT,LONG,2026-07-23 22:00:00 UTC,1784844000000,1784844000,2026-08-13 20:59:59 UTC,1786654799999,1786654799,0.00335,0.00284,9e-05,0.00266,0.00472,0.00266,50.0,10.26,20.53,LOSS,-10.26,-20.53,503
610,TACUSDT,LONG,2026-07-23 23:00:00 UTC,1784847600000,1784847600,2026-08-13 20:59:59 UTC,1786654799999,1786654799,0.0034,0.00284,9e-05,0.00266,0.00487,0.00266,50.0,10.81,21.63,LOSS,-10.81,-21.63,502
611,TACUSDT,LONG,2026-07-24 00:00:00 UTC,1784851200000,1784851200,2026-08-13 20:59:59 UTC,1786654799999,1786654799,0.0034,0.00284,9e-05,0.00266,0.00486,0.00266,50.0,10.77,21.55,LOSS,-10.77,-21.55,501
612,TACUSDT,LONG,2026-07-24 01:00:00 UTC,1784854800000,1784854800,2026-08-13 20:59:59 UTC,1786654799999,1786654799,0.00336,0.00284,9e-05,0.00267,0.00476,0.00267,50.0,10.38,20.75,LOSS,-10.38,-20.75,500
613,TACUSDT,LONG,2026-07-24 02:00:00 UTC,1784858400000,1784858400,2026-08-13 20:59:59 UTC,1786654799999,1786654799,0.00338,0.00284,9e-05,0.00267,0.00481,0.00267,50.0,10.53,21.06,LOSS,-10.53,-21.06,499
614,TACUSDT,LONG,2026-07-24 03:00:00 UTC,1784862000000,1784862000,2026-08-13 20:59:59 UTC,1786654799999,1786654799,0.00343,0.00284,8e-05,0.00267,0.00495,0.00267,50.0,11.07,22.13,LOSS,-11.07,-22.13,498
615,TACUSDT,LONG,2026-07-24 04:00:00 UTC,1784865600000,1784865600,2026-08-13 20:59:59 UTC,1786654799999,1786654799,0.00343,0.00284,8e-05,0.00268,0.00495,0.00268,50.0,11.03,22.06,LOSS,-11.03,-22.06,497
616,TACUSDT,LONG,2026-07-24 05:00:00 UTC,1784869200000,1784869200,2026-08-13 20:59:59 UTC,1786654799999,1786654799,0.00343,0.00284,8e-05,0.00268,0.00492,0.00268,50.0,10.9,21.8,LOSS,-10.9,-21.8,496
617,TACUSDT,LONG,2026-07-24 06:00:00 UTC,1784872800000,1784872800,2026-08-13 20:59:59 UTC,1786654799999,1786654799,0.00347,0.00284,8e-05,0.00269,0.00503,0.00269,50.0,11.28,22.56,LOSS,-11.28,-22.56,495
618,TACUSDT,LONG,2026-07-24 07:00:00 UTC,1784876400000,1784876400,2026-08-13 20:59:59 UTC,1786654799999,1786654799,0.00339,0.00284,8e-05,0.00268,0.0048,0.00268,50.0,10.43,20.86,LOSS,-10.43,-20.86,494
619,TACUSDT,LONG,2026-07-24 08:00:00 UTC,1784880000000,1784880000,2026-08-13 20:59:59 UTC,1786654799999,1786654799,0.00336,0.00284,8e-05,0.00268,0.00472,0.00268,50.0,10.09,20.19,LOSS,-10.09,-20.19,493
620,TACUSDT,LONG,2026-07-24 09:00:00 UTC,1784883600000,1784883600,2026-08-13 20:59:59 UTC,1786654799999,1786654799,0.00344,0.00284,8e-05,0.00268,0.00496,0.00268,50.0,11.04,22.08,LOSS,-11.04,-22.08,492
621,TACUSDT,LONG,2026-07-24 10:00:00 UTC,1784887200000,1784887200,2026-08-13 20:59:59 UTC,1786654799999,1786654799,0.00346,0.00284,8e-05,0.00268,0.00501,0.00268,50.0,11.24,22.48,LOSS,-11.24,-22.48,491
622,TACUSDT,LONG,2026-07-24 11:00:00 UTC,1784890800000,1784890800,2026-08-13 20:59:59 UTC,1786654799999,1786654799,0.00349,0.00284,8e-05,0.00267,0.00511,0.00267,50.0,11.67,23.34,LOSS,-11.67,-23.34,490
623,TACUSDT,LONG,2026-07-24 12:00:00 UTC,1784894400000,1784894400,2026-08-13 20:59:59 UTC,1786654799999,1786654799,0.00344,0.00284,9e-05,0.00267,0.00499,0.00267,50.0,11.24,22.47,LOSS,-11.24,-22.47,489
624,TACUSDT,LONG,2026-07-24 13:00:00 UTC,1784898000000,1784898000,2026-08-13 20:59:59 UTC,1786654799999,1786654799,0.00346,0.00284,8e-05,0.00267,0.00504,0.00267,50.0,11.43,22.85,LOSS,-11.43,-22.85,488
625,TACUSDT,LONG,2026-07-24 14:00:00 UTC,1784901600000,1784901600,2026-08-13 20:59:59 UTC,1786654799999,1786654799,0.00345,0.00284,8e-05,0.00268,0.00499,0.00268,50.0,11.2,22.39,LOSS,-11.2,-22.39,487
626,TACUSDT,LONG,2026-07-24 15:00:00 UTC,1784905200000,1784905200,2026-08-13 20:59:59 UTC,1786654799999,1786654799,0.0035,0.00284,8e-05,0.00267,0.00515,0.00267,50.0,11.78,23.56,LOSS,-11.78,-23.56,486
627,TACUSDT,LONG,2026-07-24 16:00:00 UTC,1784908800000,1784908800,2026-08-13 20:59:59 UTC,1786654799999,1786654799,0.00357,0.00284,9e-05,0.00266,0.00539,0.00266,50.0,12.71,25.42,LOSS,-12.71,-25.42,485
628,TACUSDT,LONG,2026-07-24 17:00:00 UTC,1784912400000,1784912400,2026-08-13 20:59:59 UTC,1786654799999,1786654799,0.00354,0.00284,9e-05,0.00266,0.00531,0.00266,50.0,12.46,24.92,LOSS,-12.46,-24.92,484
629,TACUSDT,LONG,2026-07-24 18:00:00 UTC,1784916000000,1784916000,2026-08-13 20:59:59 UTC,1786654799999,1786654799,0.00351,0.00284,9e-05,0.00266,0.0052,0.00266,50.0,12.06,24.11,LOSS,-12.06,-24.11,483
630,TACUSDT,LONG,2026-07-24 19:00:00 UTC,1784919600000,1784919600,2026-08-13 20:59:59 UTC,1786654799999,1786654799,0.00357,0.00284,9e-05,0.00266,0.0054,0.00266,50.0,12.78,25.56,LOSS,-12.78,-25.56,482
631,TACUSDT,LONG,2026-07-24 20:00:00 UTC,1784923200000,1784923200,2026-08-13 20:59:59 UTC,1786654799999,1786654799,0.00357,0.00284,9e-05,0.00266,0.00538,0.00266,50.0,12.67,25.35,LOSS,-12.67,-25.35,481
632,TACUSDT,LONG,2026-07-24 21:00:00 UTC,1784926800000,1784926800,2026-08-13 20:59:59 UTC,1786654799999,1786654799,0.00351,0.00284,9e-05,0.00266,0.00519,0.00266,50.0,12.01,24.01,LOSS,-12.01,-24.01,480
633,TACUSDT,LONG,2026-07-24 22:00:00 UTC,1784930400000,1784930400,2026-08-13 20:59:59 UTC,1786654799999,1786654799,0.00349,0.00284,9e-05,0.00267,0.00515,0.00267,50.0,11.83,23.66,LOSS,-11.83,-23.66,479
634,TACUSDT,LONG,2026-07-24 23:00:00 UTC,1784934000000,1784934000,2026-08-13 20:59:59 UTC,1786654799999,1786654799,0.00352,0.00284,9e-05,0.00266,0.00524,0.00266,50.0,12.2,24.39,LOSS,-12.2,-24.39,478
635,TACUSDT,LONG,2026-07-25 00:00:00 UTC,1784937600000,1784937600,2026-08-13 20:59:59 UTC,1786654799999,1786654799,0.00351,0.00284,9e-05,0.00267,0.0052,0.00267,50.0,12.01,24.03,LOSS,-12.01,-24.03,477
636,TACUSDT,LONG,2026-07-25 01:00:00 UTC,1784941200000,1784941200,2026-08-13 20:59:59 UTC,1786654799999,1786654799,0.00357,0.00284,9e-05,0.00267,0.00537,0.00267,50.0,12.6,25.19,LOSS,-12.6,-25.19,476
637,TACUSDT,LONG,2026-07-25 02:00:00 UTC,1784944800000,1784944800,2026-08-13 20:59:59 UTC,1786654799999,1786654799,0.00367,0.00284,9e-05,0.00267,0.00567,0.00267,50.0,13.67,27.34,LOSS,-13.67,-27.34,475
638,TACUSDT,LONG,2026-07-25 03:00:00 UTC,1784948400000,1784948400,2026-08-13 20:59:59 UTC,1786654799999,1786654799,0.00364,0.00284,9e-05,0.00266,0.0056,0.00266,50.0,13.44,26.87,LOSS,-13.44,-26.87,474
639,TACUSDT,LONG,2026-07-25 04:00:00 UTC,1784952000000,1784952000,2026-08-13 20:59:59 UTC,1786654799999,1786654799,0.00365,0.00284,9e-05,0.00267,0.00561,0.00267,50.0,13.45,26.91,LOSS,-13.45,-26.91,473
640,TACUSDT,LONG,2026-07-25 05:00:00 UTC,1784955600000,1784955600,2026-08-13 20:59:59 UTC,1786654799999,1786654799,0.0036,0.00284,9e-05,0.00266,0.00546,0.00266,50.0,12.95,25.9,LOSS,-12.95,-25.9,472
641,TACUSDT,LONG,2026-07-25 06:00:00 UTC,1784959200000,1784959200,2026-08-13 20:59:59 UTC,1786654799999,1786654799,0.00359,0.00284,9e-05,0.00267,0.00543,0.00267,50.0,12.84,25.67,LOSS,-12.84,-25.67,471
642,TACUSDT,LONG,2026-07-25 07:00:00 UTC,1784962800000,1784962800,2026-08-13 20:59:59 UTC,1786654799999,1786654799,0.00357,0.00284,9e-05,0.00267,0.00536,0.00267,50.0,12.59,25.17,LOSS,-12.59,-25.17,470
643,TACUSDT,LONG,2026-07-25 08:00:00 UTC,1784966400000,1784966400,2026-08-13 20:59:59 UTC,1786654799999,1786654799,0.00357,0.00284,0.0001,0.00265,0.00541,0.00265,50.0,12.92,25.84,LOSS,-12.92,-25.84,469
644,TACUSDT,LONG,2026-07-25 09:00:00 UTC,1784970000000,1784970000,2026-08-14 08:59:59 UTC,1786697999999,1786697999,0.00341,0.00284,0.00011,0.00263,0.00497,0.00263,50.0,11.48,22.96,LOSS,-11.48,-22.96,480
645,TACUSDT,LONG,2026-07-25 10:00:00 UTC,1784973600000,1784973600,2026-08-14 10:59:59 UTC,1786705199999,1786705199,0.00344,0.00284,0.00011,0.00262,0.00507,0.00262,50.0,11.87,23.74,LOSS,-11.87,-23.74,481
646,TACUSDT,LONG,2026-07-25 11:00:00 UTC,1784977200000,1784977200,2026-08-14 10:59:59 UTC,1786705199999,1786705199,0.00333,0.00284,0.00012,0.00261,0.00477,0.00261,50.0,10.8,21.59,LOSS,-10.8,-21.59,480
647,TACUSDT,LONG,2026-07-25 12:00:00 UTC,1784980800000,1784980800,2026-08-14 10:59:59 UTC,1786705199999,1786705199,0.00332,0.00284,0.00011,0.00262,0.00472,0.00262,50.0,10.56,21.12,LOSS,-10.56,-21.12,479
648,TACUSDT,LONG,2026-07-25 13:00:00 UTC,1784984400000,1784984400,2026-08-14 10:59:59 UTC,1786705199999,1786705199,0.00341,0.00284,0.00011,0.00262,0.005,0.00262,50.0,11.63,23.26,LOSS,-11.63,-23.26,478
649,TACUSDT,LONG,2026-07-25 14:00:00 UTC,1784988000000,1784988000,2026-08-14 10:59:59 UTC,1786705199999,1786705199,0.00344,0.00284,0.00011,0.00262,0.00508,0.00262,50.0,11.92,23.83,LOSS,-11.92,-23.83,477
650,TACUSDT,LONG,2026-07-25 15:00:00 UTC,1784991600000,1784991600,2026-08-14 08:59:59 UTC,1786697999999,1786697999,0.00344,0.00284,0.00011,0.00263,0.00507,0.00263,50.0,11.85,23.69,LOSS,-11.85,-23.69,474
651,TACUSDT,LONG,2026-07-25 16:00:00 UTC,1784995200000,1784995200,2026-08-14 08:59:59 UTC,1786697999999,1786697999,0.0034,0.00284,0.0001,0.00263,0.00494,0.00263,50.0,11.32,22.65,LOSS,-11.32,-22.65,473
652,TACUSDT,LONG,2026-07-25 17:00:00 UTC,1784998800000,1784998800,2026-08-14 08:59:59 UTC,1786697999999,1786697999,0.00347,0.00284,0.0001,0.00263,0.00515,0.00263,50.0,12.1,24.2,LOSS,-12.1,-24.2,472
653,TACUSDT,LONG,2026-07-25 18:00:00 UTC,1785002400000,1785002400,2026-08-14 08:59:59 UTC,1786697999999,1786697999,0.00348,0.00284,0.0001,0.00263,0.00517,0.00263,50.0,12.13,24.26,LOSS,-12.13,-24.26,471
654,TACUSDT,LONG,2026-07-25 19:00:00 UTC,1785006000000,1785006000,2026-08-13 20:59:59 UTC,1786654799999,1786654799,0.00348,0.00287,0.0001,0.00267,0.0051,0.00267,50.0,11.61,23.22,LOSS,-11.61,-23.22,458
655,TACUSDT,LONG,2026-07-25 20:00:00 UTC,1785009600000,1785009600,2026-08-13 18:59:59 UTC,1786647599999,1786647599,0.00353,0.00293,0.0001,0.00273,0.00514,0.00273,50.0,11.34,22.68,LOSS,-11.34,-22.68,455
656,TACUSDT,LONG,2026-07-25 21:00:00 UTC,1785013200000,1785013200,2026-08-13 15:59:59 UTC,1786636799999,1786636799,0.00351,0.00298,0.0001,0.00279,0.00496,0.00279,50.0,10.28,20.56,LOSS,-10.28,-20.56,451
657,TACUSDT,LONG,2026-07-25 22:00:00 UTC,1785016800000,1785016800,2026-08-11 17:59:59 UTC,1786471199999,1786471199,0.00348,0.00301,9e-05,0.00283,0.00479,0.00283,50.0,9.4,18.8,LOSS,-9.4,-18.8,404
658,TACUSDT,LONG,2026-07-25 23:00:00 UTC,1785020400000,1785020400,2026-08-11 17:59:59 UTC,1786471199999,1786471199,0.0035,0.00304,9e-05,0.00286,0.00479,0.00286,50.0,9.21,18.41,LOSS,-9.21,-18.41,403
659,TACUSDT,LONG,2026-07-26 00:00:00 UTC,1785024000000,1785024000,2026-08-11 06:59:59 UTC,1786431599999,1786431599,0.00345,0.00311,9e-05,0.00293,0.00451,0.00293,50.0,7.62,15.25,LOSS,-7.62,-15.25,391
660,TACUSDT,LONG,2026-07-26 01:00:00 UTC,1785027600000,1785027600,2026-07-29 03:59:59 UTC,1785297599999,1785297599,0.00347,0.00316,9e-05,0.00298,0.00443,0.00298,50.0,6.98,13.95,LOSS,-6.98,-13.95,75
661,TACUSDT,LONG,2026-07-26 02:00:00 UTC,1785031200000,1785031200,2026-07-29 03:59:59 UTC,1785297599999,1785297599,0.00346,0.00316,9e-05,0.00299,0.00442,0.00299,50.0,6.88,13.76,LOSS,-6.88,-13.76,74
662,TACUSDT,LONG,2026-07-26 03:00:00 UTC,1785034800000,1785034800,2026-07-29 03:59:59 UTC,1785297599999,1785297599,0.00346,0.00316,8e-05,0.003,0.00439,0.003,50.0,6.71,13.42,LOSS,-6.71,-13.42,73
663,TACUSDT,LONG,2026-07-26 04:00:00 UTC,1785038400000,1785038400,2026-07-29 03:59:59 UTC,1785297599999,1785297599,0.00341,0.00316,8e-05,0.003,0.00422,0.003,50.0,5.99,11.97,LOSS,-5.99,-11.97,72
664,TACUSDT,LONG,2026-07-26 05:00:00 UTC,1785042000000,1785042000,2026-07-27 21:59:59 UTC,1785189599999,1785189599,0.00338,0.00319,8e-05,0.00303,0.00409,0.00303,50.0,5.24,10.48,LOSS,-5.24,-10.48,41
665,TACUSDT,LONG,2026-07-26 06:00:00 UTC,1785045600000,1785045600,2026-07-27 21:59:59 UTC,1785189599999,1785189599,0.00332,0.00324,8e-05,0.00308,0.0038,0.00308,50.0,3.6,7.2,LOSS,-3.6,-7.2,40
666,TACUSDT,LONG,2026-07-26 07:00:00 UTC,1785049200000,1785049200,2026-07-27 21:59:59 UTC,1785189599999,1785189599,0.00329,0.00325,8e-05,0.00309,0.00368,0.00309,50.0,3.03,6.05,LOSS,-3.03,-6.05,39
667,TACUSDT,LONG,2026-07-26 08:00:00 UTC,1785052800000,1785052800,2026-07-27 21:59:59 UTC,1785189599999,1785189599,0.0034,0.00325,8e-05,0.00308,0.00404,0.00308,50.0,4.72,9.45,LOSS,-4.72,-9.45,38
668,TACUSDT,LONG,2026-07-26 09:00:00 UTC,1785056400000,1785056400,2026-07-27 21:59:59 UTC,1785189599999,1785189599,0.0034,0.00325,8e-05,0.00308,0.00404,0.00308,50.0,4.68,9.36,LOSS,-4.68,-9.36,37
669,TACUSDT,LONG,2026-07-26 10:00:00 UTC,1785060000000,1785060000,2026-07-27 21:59:59 UTC,1785189599999,1785189599,0.00345,0.00325,8e-05,0.00308,0.00421,0.00308,50.0,5.46,10.93,LOSS,-5.46,-10.93,36
670,TACUSDT,LONG,2026-07-26 11:00:00 UTC,1785063600000,1785063600,2026-07-27 21:59:59 UTC,1785189599999,1785189599,0.00347,0.00325,8e-05,0.00308,0.00425,0.00308,50.0,5.6,11.2,LOSS,-5.6,-11.2,35
671,TACUSDT,LONG,2026-07-26 12:00:00 UTC,1785067200000,1785067200,2026-07-27 21:59:59 UTC,1785189599999,1785189599,0.00344,0.00325,8e-05,0.00308,0.00417,0.00308,50.0,5.27,10.53,LOSS,-5.27,-10.53,34
672,TACUSDT,LONG,2026-07-26 13:00:00 UTC,1785070800000,1785070800,2026-07-27 21:59:59 UTC,1785189599999,1785189599,0.00347,0.00325,8e-05,0.00308,0.00423,0.00308,50.0,5.54,11.08,LOSS,-5.54,-11.08,33
673,TACUSDT,LONG,2026-07-26 14:00:00 UTC,1785074400000,1785074400,2026-07-27 21:59:59 UTC,1785189599999,1785189599,0.00347,0.00325,8e-05,0.00309,0.00421,0.00309,50.0,5.38,10.77,LOSS,-5.38,-10.77,32
674,TACUSDT,LONG,2026-07-26 15:00:00 UTC,1785078000000,1785078000,2026-07-27 21:59:59 UTC,1785189599999,1785189599,0.00348,0.00325,8e-05,0.0031,0.00426,0.0031,50.0,5.56,11.11,LOSS,-5.56,-11.11,31
675,TACUSDT,LONG,2026-07-26 16:00:00 UTC,1785081600000,1785081600,2026-07-27 21:59:59 UTC,1785189599999,1785189599,0.00341,0.00325,8e-05,0.0031,0.00405,0.0031,50.0,4.64,9.28,LOSS,-4.64,-9.28,30
676,TACUSDT,LONG,2026-07-26 17:00:00 UTC,1785085200000,1785085200,2026-07-27 21:59:59 UTC,1785189599999,1785189599,0.00345,0.00325,8e-05,0.0031,0.00417,0.0031,50.0,5.16,10.31,LOSS,-5.16,-10.31,29
677,TACUSDT,LONG,2026-07-26 18:00:00 UTC,1785088800000,1785088800,2026-07-27 21:59:59 UTC,1785189599999,1785189599,0.00344,0.00325,7e-05,0.00311,0.00411,0.00311,50.0,4.88,9.76,LOSS,-4.88,-9.76,28
678,TACUSDT,LONG,2026-07-26 19:00:00 UTC,1785092400000,1785092400,2026-07-27 21:59:59 UTC,1785189599999,1785189599,0.00343,0.00325,7e-05,0.00311,0.00406,0.00311,50.0,4.61,9.23,LOSS,-4.61,-9.23,27
679,TACUSDT,LONG,2026-07-26 20:00:00 UTC,1785096000000,1785096000,2026-07-27 21:59:59 UTC,1785189599999,1785189599,0.00342,0.00325,7e-05,0.00312,0.00403,0.00312,50.0,4.45,8.9,LOSS,-4.45,-8.9,26
680,TACUSDT,LONG,2026-07-26 21:00:00 UTC,1785099600000,1785099600,2026-07-27 21:59:59 UTC,1785189599999,1785189599,0.00342,0.00325,7e-05,0.00312,0.004,0.00312,50.0,4.3,8.6,LOSS,-4.3,-8.6,25
681,TACUSDT,LONG,2026-07-26 22:00:00 UTC,1785103200000,1785103200,2026-07-27 21:59:59 UTC,1785189599999,1785189599,0.00343,0.00325,7e-05,0.00312,0.00406,0.00312,50.0,4.54,9.08,LOSS,-4.54,-9.08,24
682,TACUSDT,LONG,2026-07-26 23:00:00 UTC,1785106800000,1785106800,2026-07-27 21:59:59 UTC,1785189599999,1785189599,0.00353,0.00325,7e-05,0.00311,0.00437,0.00311,50.0,5.93,11.87,LOSS,-5.93,-11.87,23
683,TACUSDT,LONG,2026-07-27 00:00:00 UTC,1785110400000,1785110400,2026-07-27 21:59:59 UTC,1785189599999,1785189599,0.00358,0.00325,7e-05,0.00311,0.00451,0.00311,50.0,6.51,13.02,LOSS,-6.51,-13.02,22
684,TACUSDT,LONG,2026-07-27 01:00:00 UTC,1785114000000,1785114000,2026-07-27 21:59:59 UTC,1785189599999,1785189599,0.00352,0.00325,7e-05,0.00311,0.00433,0.00311,50.0,5.76,11.51,LOSS,-5.76,-11.51,21
685,TACUSDT,LONG,2026-07-27 02:00:00 UTC,1785117600000,1785117600,2026-07-27 21:59:59 UTC,1785189599999,1785189599,0.0035,0.00325,7e-05,0.00311,0.00429,0.00311,50.0,5.61,11.22,LOSS,-5.61,-11.22,20
686,TACUSDT,LONG,2026-07-27 03:00:00 UTC,1785121200000,1785121200,2026-07-27 21:59:59 UTC,1785189599999,1785189599,0.00352,0.00325,7e-05,0.00311,0.00434,0.00311,50.0,5.78,11.57,LOSS,-5.78,-11.57,19
687,TACUSDT,LONG,2026-07-27 04:00:00 UTC,1785124800000,1785124800,2026-07-27 21:59:59 UTC,1785189599999,1785189599,0.00347,0.00325,7e-05,0.00311,0.00418,0.00311,50.0,5.12,10.25,LOSS,-5.12,-10.25,18
688,TACUSDT,LONG,2026-07-27 05:00:00 UTC,1785128400000,1785128400,2026-07-27 21:59:59 UTC,1785189599999,1785189599,0.00343,0.00325,7e-05,0.00311,0.00407,0.00311,50.0,4.66,9.33,LOSS,-4.66,-9.33,17
689,TACUSDT,LONG,2026-07-27 06:00:00 UTC,1785132000000,1785132000,2026-07-27 21:59:59 UTC,1785189599999,1785189599,0.0035,0.00325,7e-05,0.00311,0.00429,0.00311,50.0,5.64,11.29,LOSS,-5.64,-11.29,16
690,TACUSDT,LONG,2026-07-27 07:00:00 UTC,1785135600000,1785135600,2026-07-29 03:59:59 UTC,1785297599999,1785297599,0.00321,0.00317,9e-05,0.00298,0.00368,0.00298,50.0,3.59,7.18,LOSS,-3.59,-7.18,45
691,TACUSDT,LONG,2026-07-27 08:00:00 UTC,1785139200000,1785139200,2026-07-29 04:59:59 UTC,1785301199999,1785301199,0.0033,0.00317,9e-05,0.00298,0.00395,0.00298,50.0,4.88,9.76,LOSS,-4.88,-9.76,45
692,TACUSDT,LONG,2026-07-27 09:00:00 UTC,1785142800000,1785142800,2026-07-29 04:59:59 UTC,1785301199999,1785301199,0.00333,0.00317,9e-05,0.00298,0.00403,0.00298,50.0,5.27,10.54,LOSS,-5.27,-10.54,44
693,TACUSDT,LONG,2026-07-27 10:00:00 UTC,1785146400000,1785146400,2026-07-29 03:59:59 UTC,1785297599999,1785297599,0.0033,0.00317,9e-05,0.00299,0.00394,0.00299,50.0,4.78,9.55,LOSS,-4.78,-9.55,42
694,TACUSDT,LONG,2026-07-27 11:00:00 UTC,1785150000000,1785150000,2026-07-29 03:59:59 UTC,1785297599999,1785297599,0.00337,0.00317,9e-05,0.00299,0.00412,0.00299,50.0,5.61,11.22,LOSS,-5.61,-11.22,41
695,TACUSDT,LONG,2026-07-27 12:00:00 UTC,1785153600000,1785153600,2026-07-29 03:59:59 UTC,1785297599999,1785297599,0.00332,0.00317,9e-05,0.00299,0.00396,0.00299,50.0,4.86,9.72,LOSS,-4.86,-9.72,40
696,TACUSDT,LONG,2026-07-27 13:00:00 UTC,1785157200000,1785157200,2026-07-29 03:59:59 UTC,1785297599999,1785297599,0.00333,0.00317,8e-05,0.003,0.004,0.003,50.0,4.99,9.98,LOSS,-4.99,-9.98,39
697,TACUSDT,LONG,2026-07-27 14:00:00 UTC,1785160800000,1785160800,2026-07-29 03:59:59 UTC,1785297599999,1785297599,0.00336,0.00317,8e-05,0.003,0.00409,0.003,50.0,5.39,10.79,LOSS,-5.39,-10.79,38
698,TACUSDT,LONG,2026-07-27 15:00:00 UTC,1785164400000,1785164400,2026-07-29 03:59:59 UTC,1785297599999,1785297599,0.00326,0.00317,9e-05,0.00299,0.00381,0.00299,50.0,4.17,8.35,LOSS,-4.17,-8.35,37
699,TACUSDT,LONG,2026-07-27 16:00:00 UTC,1785168000000,1785168000,2026-07-29 03:59:59 UTC,1785297599999,1785297599,0.00323,0.00317,9e-05,0.00299,0.00371,0.00299,50.0,3.73,7.46,LOSS,-3.73,-7.46,36
700,TACUSDT,LONG,2026-07-27 17:00:00 UTC,1785171600000,1785171600,2026-07-29 03:59:59 UTC,1785297599999,1785297599,0.00325,0.00317,9e-05,0.00299,0.00378,0.00299,50.0,4.07,8.13,LOSS,-4.07,-8.13,35
701,TACUSDT,LONG,2026-07-27 18:00:00 UTC,1785175200000,1785175200,2026-07-29 03:59:59 UTC,1785297599999,1785297599,0.00322,0.00317,9e-05,0.00299,0.00367,0.00299,50.0,3.52,7.05,LOSS,-3.52,-7.05,34
702,TACUSDT,LONG,2026-07-27 19:00:00 UTC,1785178800000,1785178800,2026-07-29 03:59:59 UTC,1785297599999,1785297599,0.0032,0.00317,9e-05,0.003,0.0036,0.003,50.0,3.17,6.33,LOSS,-3.17,-6.33,33
703,TACUSDT,LONG,2026-07-27 20:00:00 UTC,1785182400000,1785182400,2026-07-29 03:59:59 UTC,1785297599999,1785297599,0.00319,0.00316,8e-05,0.003,0.00358,0.003,50.0,3.08,6.15,LOSS,-3.08,-6.15,32
704,TACUSDT,LONG,2026-07-27 21:00:00 UTC,1785186000000,1785186000,2026-07-27 21:59:59 UTC,1785189599999,1785189599,0.00317,0.00316,8e-05,0.003,0.00351,0.003,50.0,2.65,5.3,LOSS,-2.65,-5.3,1
705,TACUSDT,LONG,2026-07-27 22:00:00 UTC,1785189600000,1785189600,2026-08-11 17:59:59 UTC,1786471199999,1786471199,0.00316,0.003,9e-05,0.00282,0.00383,0.00282,50.0,5.3,10.6,LOSS,-5.3,-10.6,356
706,TACUSDT,LONG,2026-07-27 23:00:00 UTC,1785193200000,1785193200,2026-08-11 17:59:59 UTC,1786471199999,1786471199,0.00312,0.003,9e-05,0.00282,0.00371,0.00282,50.0,4.75,9.49,LOSS,-4.75,-9.49,355
707,TACUSDT,LONG,2026-07-28 00:00:00 UTC,1785196800000,1785196800,2026-08-11 17:59:59 UTC,1786471199999,1786471199,0.00314,0.003,9e-05,0.00283,0.00376,0.00283,50.0,4.97,9.93,LOSS,-4.97,-9.93,354
708,TACUSDT,LONG,2026-07-28 01:00:00 UTC,1785200400000,1785200400,2026-08-11 17:59:59 UTC,1786471199999,1786471199,0.00315,0.003,9e-05,0.00283,0.0038,0.00283,50.0,5.15,10.31,LOSS,-5.15,-10.31,353
709,TACUSDT,LONG,2026-07-28 02:00:00 UTC,1785204000000,1785204000,2026-08-11 17:59:59 UTC,1786471199999,1786471199,0.00312,0.003,8e-05,0.00283,0.00369,0.00283,50.0,4.6,9.2,LOSS,-4.6,-9.2,352
710,TACUSDT,LONG,2026-07-28 03:00:00 UTC,1785207600000,1785207600,2026-08-11 17:59:59 UTC,1786471199999,1786471199,0.00316,0.003,9e-05,0.00283,0.00383,0.00283,50.0,5.32,10.63,LOSS,-5.32,-10.63,351
711,TACUSDT,LONG,2026-07-28 04:00:00 UTC,1785211200000,1785211200,2026-08-11 17:59:59 UTC,1786471199999,1786471199,0.00313,0.003,8e-05,0.00283,0.00373,0.00283,50.0,4.77,9.55,LOSS,-4.77,-9.55,350
712,TACUSDT,LONG,2026-07-28 05:00:00 UTC,1785214800000,1785214800,2026-08-11 17:59:59 UTC,1786471199999,1786471199,0.00315,0.003,8e-05,0.00283,0.00379,0.00283,50.0,5.07,10.15,LOSS,-5.07,-10.15,349
713,TACUSDT,LONG,2026-07-28 06:00:00 UTC,1785218400000,1785218400,2026-08-11 17:59:59 UTC,1786471199999,1786471199,0.00313,0.003,8e-05,0.00283,0.00374,0.00283,50.0,4.8,9.61,LOSS,-4.8,-9.61,348
714,TACUSDT,LONG,2026-07-28 07:00:00 UTC,1785222000000,1785222000,2026-08-11 17:59:59 UTC,1786471199999,1786471199,0.00308,0.003,8e-05,0.00283,0.00359,0.00283,50.0,4.07,8.13,LOSS,-4.07,-8.13,347
715,TACUSDT,LONG,2026-07-28 08:00:00 UTC,1785225600000,1785225600,2026-08-11 17:59:59 UTC,1786471199999,1786471199,0.0031,0.003,8e-05,0.00284,0.00363,0.00284,50.0,4.27,8.54,LOSS,-4.27,-8.54,346
716,TACUSDT,LONG,2026-07-28 09:00:00 UTC,1785229200000,1785229200,2026-08-05 14:59:59 UTC,1785941999999,1785941999,0.00308,0.003,8e-05,0.00284,0.00355,0.00355,50.0,3.83,7.66,WIN,7.66,15.31,198
717,TACUSDT,LONG,2026-07-28 10:00:00 UTC,1785232800000,1785232800,2026-08-05 02:59:59 UTC,1785898799999,1785898799,0.00306,0.003,8e-05,0.00285,0.00349,0.00349,50.0,3.5,6.99,WIN,6.99,13.99,185
718,TACUSDT,LONG,2026-07-28 11:00:00 UTC,1785236400000,1785236400,2026-08-05 02:59:59 UTC,1785898799999,1785898799,0.00307,0.003,7e-05,0.00285,0.0035,0.0035,50.0,3.51,7.02,WIN,7.02,14.05,184
719,TACUSDT,LONG,2026-07-28 12:00:00 UTC,1785240000000,1785240000,2026-08-05 02:59:59 UTC,1785898799999,1785898799,0.00307,0.003,7e-05,0.00286,0.0035,0.0035,50.0,3.5,7.0,WIN,7.0,13.99,183
720,TACUSDT,LONG,2026-07-28 13:00:00 UTC,1785243600000,1785243600,2026-08-04 23:59:59 UTC,1785887999999,1785887999,0.00304,0.003,7e-05,0.00286,0.00341,0.00341,50.0,3.04,6.09,WIN,6.09,12.17,179
721,TACUSDT,LONG,2026-07-28 14:00:00 UTC,1785247200000,1785247200,2026-08-04 23:59:59 UTC,1785887999999,1785887999,0.00304,0.003,7e-05,0.00286,0.0034,0.0034,50.0,2.94,5.89,WIN,5.89,11.77,178
722,TACUSDT,LONG,2026-07-28 15:00:00 UTC,1785250800000,1785250800,2026-08-04 23:59:59 UTC,1785887999999,1785887999,0.00305,0.003,7e-05,0.00286,0.00344,0.00344,50.0,3.18,6.36,WIN,6.36,12.72,177
723,TACUSDT,LONG,2026-07-28 16:00:00 UTC,1785254400000,1785254400,2026-08-11 17:59:59 UTC,1786471199999,1786471199,0.00317,0.003,7e-05,0.00285,0.0038,0.00285,50.0,4.96,9.92,LOSS,-4.96,-9.92,338
724,TACUSDT,LONG,2026-07-28 17:00:00 UTC,1785258000000,1785258000,2026-08-11 17:59:59 UTC,1786471199999,1786471199,0.00315,0.003,8e-05,0.00285,0.00375,0.00285,50.0,4.76,9.52,LOSS,-4.76,-9.52,337
725,TACUSDT,LONG,2026-07-28 18:00:00 UTC,1785261600000,1785261600,2026-08-11 17:59:59 UTC,1786471199999,1786471199,0.00314,0.003,7e-05,0.00285,0.00371,0.00285,50.0,4.53,9.06,LOSS,-4.53,-9.06,336
726,TACUSDT,LONG,2026-07-28 19:00:00 UTC,1785265200000,1785265200,2026-08-11 17:59:59 UTC,1786471199999,1786471199,0.00312,0.003,7e-05,0.00286,0.00363,0.00286,50.0,4.15,8.3,LOSS,-4.15,-8.3,335
727,TACUSDT,LONG,2026-07-28 20:00:00 UTC,1785268800000,1785268800,2026-08-11 17:59:59 UTC,1786471199999,1786471199,0.00312,0.003,7e-05,0.00286,0.00363,0.00286,50.0,4.09,8.17,LOSS,-4.09,-8.17,334
728,TACUSDT,LONG,2026-07-28 21:00:00 UTC,1785272400000,1785272400,2026-08-11 09:59:59 UTC,1786442399999,1786442399,0.00313,0.003,7e-05,0.00287,0.00365,0.00287,50.0,4.19,8.38,LOSS,-4.19,-8.38,325
729,TACUSDT,LONG,2026-07-28 22:00:00 UTC,1785276000000,1785276000,2026-08-11 08:59:59 UTC,1786438799999,1786438799,0.00311,0.003,7e-05,0.00287,0.00359,0.00287,50.0,3.87,7.74,LOSS,-3.87,-7.74,323
730,TACUSDT,LONG,2026-07-28 23:00:00 UTC,1785279600000,1785279600,2026-08-11 17:59:59 UTC,1786471199999,1786471199,0.0031,0.003,7e-05,0.00286,0.00358,0.00286,50.0,3.85,7.71,LOSS,-3.85,-7.71,331
731,TACUSDT,LONG,2026-07-29 00:00:00 UTC,1785283200000,1785283200,2026-08-11 08:59:59 UTC,1786438799999,1786438799,0.00311,0.003,6e-05,0.00287,0.00358,0.00287,50.0,3.82,7.64,LOSS,-3.82,-7.64,321
732,TACUSDT,LONG,2026-07-29 01:00:00 UTC,1785286800000,1785286800,2026-08-05 14:59:59 UTC,1785941999999,1785941999,0.0031,0.003,6e-05,0.00287,0.00355,0.00355,50.0,3.67,7.35,WIN,7.35,14.7,182
733,TACUSDT,LONG,2026-07-29 02:00:00 UTC,1785290400000,1785290400,2026-08-04 23:59:59 UTC,1785887999999,1785887999,0.00304,0.003,6e-05,0.00287,0.00339,0.00339,50.0,2.85,5.71,WIN,5.71,11.41,166
734,TACUSDT,LONG,2026-07-29 03:00:00 UTC,1785294000000,1785294000,2026-07-31 12:59:59 UTC,1785502799999,1785502799,0.00304,0.003,6e-05,0.00287,0.00338,0.00338,50.0,2.78,5.55,WIN,5.55,11.11,58
735,TACUSDT,LONG,2026-07-29 04:00:00 UTC,1785297600000,1785297600,2026-07-30 13:59:59 UTC,1785419999999,1785419999,0.00299,0.00298,6e-05,0.00285,0.00326,0.00326,50.0,2.28,4.55,WIN,4.55,9.11,34
736,TACUSDT,LONG,2026-07-29 05:00:00 UTC,1785301200000,1785301200,2026-08-04 23:59:59 UTC,1785887999999,1785887999,0.00302,0.00293,6e-05,0.00281,0.00344,0.00344,50.0,3.49,6.99,WIN,6.99,13.97,163
737,TACUSDT,LONG,2026-07-29 06:00:00 UTC,1785304800000,1785304800,2026-08-13 15:59:59 UTC,1786636799999,1786636799,0.00307,0.00293,6e-05,0.00281,0.0036,0.00281,50.0,4.3,8.6,LOSS,-4.3,-8.6,370
738,TACUSDT,LONG,2026-07-29 07:00:00 UTC,1785308400000,1785308400,2026-08-05 02:59:59 UTC,1785898799999,1785898799,0.00303,0.00293,6e-05,0.00281,0.00348,0.00348,50.0,3.66,7.33,WIN,7.33,14.65,164
739,TACUSDT,LONG,2026-07-29 08:00:00 UTC,1785312000000,1785312000,2026-08-05 02:59:59 UTC,1785898799999,1785898799,0.00304,0.00293,6e-05,0.00281,0.00349,0.00349,50.0,3.7,7.4,WIN,7.4,14.81,163
740,TACUSDT,LONG,2026-07-29 09:00:00 UTC,1785315600000,1785315600,2026-08-04 23:59:59 UTC,1785887999999,1785887999,0.00302,0.00293,6e-05,0.00282,0.00344,0.00344,50.0,3.43,6.86,WIN,6.86,13.72,159
741,TACUSDT,LONG,2026-07-29 10:00:00 UTC,1785319200000,1785319200,2026-08-04 23:59:59 UTC,1785887999999,1785887999,0.00302,0.00293,6e-05,0.00282,0.0034,0.0034,50.0,3.21,6.43,WIN,6.43,12.85,158
742,TACUSDT,LONG,2026-07-29 11:00:00 UTC,1785322800000,1785322800,2026-08-04 23:59:59 UTC,1785887999999,1785887999,0.00301,0.00293,5e-05,0.00282,0.00339,0.00339,50.0,3.14,6.29,WIN,6.29,12.58,157
743,TACUSDT,LONG,2026-07-29 12:00:00 UTC,1785326400000,1785326400,2026-08-04 23:59:59 UTC,1785887999999,1785887999,0.00302,0.00293,5e-05,0.00283,0.00342,0.00342,50.0,3.25,6.5,WIN,6.5,12.99,156
744,TACUSDT,LONG,2026-07-29 13:00:00 UTC,1785330000000,1785330000,2026-08-05 02:59:59 UTC,1785898799999,1785898799,0.00305,0.00293,5e-05,0.00283,0.00349,0.00349,50.0,3.59,7.17,WIN,7.17,14.34,158
745,TACUSDT,LONG,2026-07-29 14:00:00 UTC,1785333600000,1785333600,2026-08-05 02:59:59 UTC,1785898799999,1785898799,0.00306,0.00293,5e-05,0.00283,0.00351,0.00351,50.0,3.72,7.43,WIN,7.43,14.87,157
746,TACUSDT,LONG,2026-07-29 15:00:00 UTC,1785337200000,1785337200,2026-08-11 17:59:59 UTC,1786471199999,1786471199,0.00308,0.00293,5e-05,0.00283,0.00358,0.00283,50.0,4.04,8.08,LOSS,-4.04,-8.08,315
747,TACUSDT,LONG,2026-07-29 16:00:00 UTC,1785340800000,1785340800,2026-08-11 17:59:59 UTC,1786471199999,1786471199,0.00314,0.00293,5e-05,0.00283,0.00377,0.00283,50.0,4.98,9.96,LOSS,-4.98,-9.96,314
748,TACUSDT,LONG,2026-07-29 17:00:00 UTC,1785344400000,1785344400,2026-08-13 14:59:59 UTC,1786633199999,1786633199,0.00317,0.00293,6e-05,0.00282,0.00386,0.00282,50.0,5.46,10.92,LOSS,-5.46,-10.92,358
749,TACUSDT,LONG,2026-07-29 18:00:00 UTC,1785348000000,1785348000,2026-08-13 14:59:59 UTC,1786633199999,1786633199,0.00318,0.00293,6e-05,0.00282,0.00389,0.00282,50.0,5.58,11.16,LOSS,-5.58,-11.16,357
750,TACUSDT,LONG,2026-07-29 19:00:00 UTC,1785351600000,1785351600,2026-08-13 14:59:59 UTC,1786633199999,1786633199,0.00318,0.00293,6e-05,0.00282,0.00391,0.00282,50.0,5.69,11.39,LOSS,-5.69,-11.39,356
751,TACUSDT,LONG,2026-07-29 20:00:00 UTC,1785355200000,1785355200,2026-08-13 14:59:59 UTC,1786633199999,1786633199,0.00316,0.00293,6e-05,0.00282,0.00385,0.00282,50.0,5.44,10.88,LOSS,-5.44,-10.88,355
752,TACUSDT,LONG,2026-07-29 21:00:00 UTC,1785358800000,1785358800,2026-08-13 15:59:59 UTC,1786636799999,1786636799,0.00311,0.00293,6e-05,0.00281,0.00369,0.00281,50.0,4.71,9.41,LOSS,-4.71,-9.41,355
753,TACUSDT,LONG,2026-07-29 22:00:00 UTC,1785362400000,1785362400,2026-08-13 15:59:59 UTC,1786636799999,1786636799,0.00314,0.00293,6e-05,0.00282,0.00379,0.00282,50.0,5.19,10.37,LOSS,-5.19,-10.37,354
754,TACUSDT,LONG,2026-07-29 23:00:00 UTC,1785366000000,1785366000,2026-08-13 15:59:59 UTC,1786636799999,1786636799,0.00311,0.00293,6e-05,0.00282,0.00371,0.00282,50.0,4.77,9.54,LOSS,-4.77,-9.54,353
755,TACUSDT,LONG,2026-07-30 00:00:00 UTC,1785369600000,1785369600,2026-08-13 14:59:59 UTC,1786633199999,1786633199,0.0031,0.00293,6e-05,0.00282,0.00366,0.00282,50.0,4.51,9.01,LOSS,-4.51,-9.01,351
756,TACUSDT,LONG,2026-07-30 01:00:00 UTC,1785373200000,1785373200,2026-08-13 14:59:59 UTC,1786633199999,1786633199,0.00307,0.00293,6e-05,0.00282,0.00357,0.00282,50.0,4.04,8.09,LOSS,-4.04,-8.09,350
757,TACUSDT,LONG,2026-07-30 02:00:00 UTC,1785376800000,1785376800,2026-08-13 14:59:59 UTC,1786633199999,1786633199,0.0031,0.00293,6e-05,0.00282,0.00367,0.00282,50.0,4.57,9.15,LOSS,-4.57,-9.15,349
758,TACUSDT,LONG,2026-07-30 03:00:00 UTC,1785380400000,1785380400,2026-08-05 14:59:59 UTC,1785941999999,1785941999,0.00307,0.00293,6e-05,0.00282,0.00356,0.00356,50.0,4.01,8.03,WIN,8.03,16.05,156
759,TACUSDT,LONG,2026-07-30 04:00:00 UTC,1785384000000,1785384000,2026-08-13 14:59:59 UTC,1786633199999,1786633199,0.0031,0.00293,6e-05,0.00282,0.00365,0.00282,50.0,4.45,8.9,LOSS,-4.45,-8.9,347
760,TACUSDT,LONG,2026-07-30 05:00:00 UTC,1785387600000,1785387600,2026-08-11 17:59:59 UTC,1786471199999,1786471199,0.00309,0.00293,6e-05,0.00282,0.00361,0.00282,50.0,4.26,8.51,LOSS,-4.26,-8.51,301
761,TACUSDT,LONG,2026-07-30 06:00:00 UTC,1785391200000,1785391200,2026-08-11 17:59:59 UTC,1786471199999,1786471199,0.00309,0.00293,5e-05,0.00282,0.00363,0.00282,50.0,4.35,8.7,LOSS,-4.35,-8.7,300
762,TACUSDT,LONG,2026-07-30 07:00:00 UTC,1785394800000,1785394800,2026-08-11 17:59:59 UTC,1786471199999,1786471199,0.00308,0.00293,5e-05,0.00283,0.00359,0.00283,50.0,4.12,8.25,LOSS,-4.12,-8.25,299
763,TACUSDT,LONG,2026-07-30 08:00:00 UTC,1785398400000,1785398400,2026-08-11 17:59:59 UTC,1786471199999,1786471199,0.00309,0.00293,5e-05,0.00283,0.00361,0.00283,50.0,4.21,8.41,LOSS,-4.21,-8.41,298
764,TACUSDT,LONG,2026-07-30 09:00:00 UTC,1785402000000,1785402000,2026-08-11 17:59:59 UTC,1786471199999,1786471199,0.00311,0.00293,5e-05,0.00283,0.00369,0.00283,50.0,4.62,9.24,LOSS,-4.62,-9.24,297
765,TACUSDT,LONG,2026-07-30 10:00:00 UTC,1785405600000,1785405600,2026-08-11 17:59:59 UTC,1786471199999,1786471199,0.00316,0.00293,5e-05,0.00283,0.00382,0.00283,50.0,5.25,10.49,LOSS,-5.25,-10.49,296
766,TACUSDT,LONG,2026-07-30 11:00:00 UTC,1785409200000,1785409200,2026-08-13 14:59:59 UTC,1786633199999,1786633199,0.0032,0.00293,6e-05,0.00282,0.00395,0.00282,50.0,5.88,11.76,LOSS,-5.88,-11.76,340
767,TACUSDT,LONG,2026-07-30 12:00:00 UTC,1785412800000,1785412800,2026-08-13 14:59:59 UTC,1786633199999,1786633199,0.00323,0.00293,6e-05,0.00282,0.00403,0.00282,50.0,6.26,12.52,LOSS,-6.26,-12.52,339
768,TACUSDT,LONG,2026-07-30 13:00:00 UTC,1785416400000,1785416400,2026-08-13 14:59:59 UTC,1786633199999,1786633199,0.00322,0.00293,6e-05,0.00282,0.00402,0.00282,50.0,6.21,12.43,LOSS,-6.21,-12.43,338
769,TACUSDT,LONG,2026-07-30 14:00:00 UTC,1785420000000,1785420000,2026-08-13 15:59:59 UTC,1786636799999,1786636799,0.0033,0.00293,6e-05,0.00281,0.00428,0.00281,50.0,7.39,14.78,LOSS,-7.39,-14.78,338
770,TACUSDT,LONG,2026-07-30 15:00:00 UTC,1785423600000,1785423600,2026-08-13 15:59:59 UTC,1786636799999,1786636799,0.00325,0.00293,6e-05,0.00281,0.00413,0.00281,50.0,6.76,13.52,LOSS,-6.76,-13.52,337
771,TACUSDT,LONG,2026-07-30 16:00:00 UTC,1785427200000,1785427200,2026-08-13 15:59:59 UTC,1786636799999,1786636799,0.00328,0.00293,7e-05,0.0028,0.00422,0.0028,50.0,7.24,14.48,LOSS,-7.24,-14.48,336
772,TACUSDT,LONG,2026-07-30 17:00:00 UTC,1785430800000,1785430800,2026-08-13 15:59:59 UTC,1786636799999,1786636799,0.00323,0.00293,7e-05,0.0028,0.0041,0.0028,50.0,6.7,13.41,LOSS,-6.7,-13.41,335
773,TACUSDT,LONG,2026-07-30 18:00:00 UTC,1785434400000,1785434400,2026-08-13 15:59:59 UTC,1786636799999,1786636799,0.00325,0.00293,6e-05,0.0028,0.00414,0.0028,50.0,6.85,13.69,LOSS,-6.85,-13.69,334
774,TACUSDT,LONG,2026-07-30 19:00:00 UTC,1785438000000,1785438000,2026-08-13 15:59:59 UTC,1786636799999,1786636799,0.00326,0.00293,6e-05,0.00281,0.00417,0.00281,50.0,6.98,13.97,LOSS,-6.98,-13.97,333
775,TACUSDT,LONG,2026-07-30 20:00:00 UTC,1785441600000,1785441600,2026-08-13 15:59:59 UTC,1786636799999,1786636799,0.00323,0.00293,6e-05,0.00281,0.00408,0.00281,50.0,6.57,13.13,LOSS,-6.57,-13.13,332
776,TACUSDT,LONG,2026-07-30 21:00:00 UTC,1785445200000,1785445200,2026-08-13 15:59:59 UTC,1786636799999,1786636799,0.00322,0.00293,6e-05,0.00281,0.00403,0.00281,50.0,6.34,12.67,LOSS,-6.34,-12.67,331
777,TACUSDT,LONG,2026-07-30 22:00:00 UTC,1785448800000,1785448800,2026-08-13 15:59:59 UTC,1786636799999,1786636799,0.00325,0.00293,6e-05,0.00281,0.00411,0.00281,50.0,6.67,13.34,LOSS,-6.67,-13.34,330
778,TACUSDT,LONG,2026-07-30 23:00:00 UTC,1785452400000,1785452400,2026-08-13 15:59:59 UTC,1786636799999,1786636799,0.00314,0.00293,7e-05,0.0028,0.0038,0.0028,50.0,5.3,10.59,LOSS,-5.3,-10.59,329
779,TACUSDT,LONG,2026-07-31 00:00:00 UTC,1785456000000,1785456000,2026-08-13 15:59:59 UTC,1786636799999,1786636799,0.00317,0.00293,7e-05,0.0028,0.0039,0.0028,50.0,5.81,11.62,LOSS,-5.81,-11.62,328
780,TACUSDT,LONG,2026-07-31 01:00:00 UTC,1785459600000,1785459600,2026-08-13 15:59:59 UTC,1786636799999,1786636799,0.00324,0.00293,8e-05,0.00278,0.00416,0.00278,50.0,7.1,14.19,LOSS,-7.1,-14.19,327
781,TACUSDT,LONG,2026-07-31 02:00:00 UTC,1785463200000,1785463200,2026-08-13 15:59:59 UTC,1786636799999,1786636799,0.00325,0.00293,7e-05,0.00279,0.00417,0.00279,50.0,7.12,14.25,LOSS,-7.12,-14.25,326
782,TACUSDT,LONG,2026-07-31 03:00:00 UTC,1785466800000,1785466800,2026-08-13 15:59:59 UTC,1786636799999,1786636799,0.00327,0.00293,7e-05,0.00279,0.00424,0.00279,50.0,7.38,14.75,LOSS,-7.38,-14.75,325
783,TACUSDT,LONG,2026-07-31 04:00:00 UTC,1785470400000,1785470400,2026-08-13 15:59:59 UTC,1786636799999,1786636799,0.00329,0.00293,7e-05,0.00279,0.00429,0.00279,50.0,7.59,15.17,LOSS,-7.59,-15.17,324
784,TACUSDT,LONG,2026-07-31 05:00:00 UTC,1785474000000,1785474000,2026-08-13 15:59:59 UTC,1786636799999,1786636799,0.00328,0.00293,7e-05,0.00279,0.00425,0.00279,50.0,7.39,14.78,LOSS,-7.39,-14.78,323
785,TACUSDT,LONG,2026-07-31 06:00:00 UTC,1785477600000,1785477600,2026-08-13 15:59:59 UTC,1786636799999,1786636799,0.00332,0.00293,7e-05,0.00279,0.00438,0.00279,50.0,8.02,16.04,LOSS,-8.02,-16.04,322
786,TACUSDT,LONG,2026-07-31 07:00:00 UTC,1785481200000,1785481200,2026-08-13 15:59:59 UTC,1786636799999,1786636799,0.00333,0.00293,7e-05,0.00279,0.00441,0.00279,50.0,8.11,16.21,LOSS,-8.11,-16.21,321
787,TACUSDT,LONG,2026-07-31 08:00:00 UTC,1785484800000,1785484800,2026-08-13 15:59:59 UTC,1786636799999,1786636799,0.00334,0.00293,7e-05,0.00279,0.00443,0.00279,50.0,8.19,16.38,LOSS,-8.19,-16.38,320
788,TACUSDT,LONG,2026-07-31 09:00:00 UTC,1785488400000,1785488400,2026-08-13 15:59:59 UTC,1786636799999,1786636799,0.00333,0.00293,7e-05,0.00279,0.00441,0.00279,50.0,8.07,16.13,LOSS,-8.07,-16.13,319
789,TACUSDT,LONG,2026-07-31 10:00:00 UTC,1785492000000,1785492000,2026-08-13 15:59:59 UTC,1786636799999,1786636799,0.00332,0.00293,7e-05,0.0028,0.00437,0.0028,50.0,7.89,15.78,LOSS,-7.89,-15.78,318
790,TACUSDT,LONG,2026-07-31 11:00:00 UTC,1785495600000,1785495600,2026-08-13 15:59:59 UTC,1786636799999,1786636799,0.0033,0.00293,7e-05,0.0028,0.0043,0.0028,50.0,7.59,15.17,LOSS,-7.59,-15.17,317
791,TACUSDT,LONG,2026-07-31 12:00:00 UTC,1785499200000,1785499200,2026-08-13 15:59:59 UTC,1786636799999,1786636799,0.00335,0.00293,7e-05,0.0028,0.00446,0.0028,50.0,8.26,16.52,LOSS,-8.26,-16.52,316
792,TACUSDT,LONG,2026-07-31 13:00:00 UTC,1785502800000,1785502800,2026-08-13 15:59:59 UTC,1786636799999,1786636799,0.0033,0.00293,7e-05,0.00279,0.00434,0.00279,50.0,7.82,15.64,LOSS,-7.82,-15.64,315
793,TACUSDT,LONG,2026-07-31 14:00:00 UTC,1785506400000,1785506400,2026-08-13 15:59:59 UTC,1786636799999,1786636799,0.00325,0.00293,7e-05,0.00278,0.00417,0.00278,50.0,7.11,14.23,LOSS,-7.11,-14.23,314
794,TACUSDT,LONG,2026-07-31 15:00:00 UTC,1785510000000,1785510000,2026-08-13 15:59:59 UTC,1786636799999,1786636799,0.00323,0.00293,7e-05,0.00279,0.00412,0.00279,50.0,6.84,13.68,LOSS,-6.84,-13.68,313
795,TACUSDT,LONG,2026-07-31 16:00:00 UTC,1785513600000,1785513600,2026-08-13 15:59:59 UTC,1786636799999,1786636799,0.00323,0.00293,7e-05,0.00279,0.0041,0.00279,50.0,6.74,13.48,LOSS,-6.74,-13.48,312
796,TACUSDT,LONG,2026-07-31 17:00:00 UTC,1785517200000,1785517200,2026-08-13 15:59:59 UTC,1786636799999,1786636799,0.00322,0.00293,7e-05,0.00279,0.00407,0.00279,50.0,6.61,13.23,LOSS,-6.61,-13.23,311
797,TACUSDT,LONG,2026-07-31 18:00:00 UTC,1785520800000,1785520800,2026-08-13 15:59:59 UTC,1786636799999,1786636799,0.00324,0.00293,7e-05,0.0028,0.00413,0.0028,50.0,6.84,13.68,LOSS,-6.84,-13.68,310
798,TACUSDT,LONG,2026-07-31 19:00:00 UTC,1785524400000,1785524400,2026-08-13 15:59:59 UTC,1786636799999,1786636799,0.00322,0.00293,7e-05,0.0028,0.00405,0.0028,50.0,6.48,12.96,LOSS,-6.48,-12.96,309
799,TACUSDT,LONG,2026-07-31 20:00:00 UTC,1785528000000,1785528000,2026-08-13 15:59:59 UTC,1786636799999,1786636799,0.00325,0.00293,7e-05,0.0028,0.00415,0.0028,50.0,6.89,13.78,LOSS,-6.89,-13.78,308
800,TACUSDT,LONG,2026-07-31 21:00:00 UTC,1785531600000,1785531600,2026-08-13 15:59:59 UTC,1786636799999,1786636799,0.00322,0.00293,6e-05,0.00281,0.00405,0.00281,50.0,6.43,12.87,LOSS,-6.43,-12.87,307
801,TACUSDT,LONG,2026-07-31 22:00:00 UTC,1785535200000,1785535200,2026-08-13 15:59:59 UTC,1786636799999,1786636799,0.00321,0.00293,7e-05,0.0028,0.00403,0.0028,50.0,6.38,12.77,LOSS,-6.38,-12.77,306
802,TACUSDT,LONG,2026-07-31 23:00:00 UTC,1785538800000,1785538800,2026-08-13 15:59:59 UTC,1786636799999,1786636799,0.00318,0.00293,6e-05,0.00281,0.00394,0.00281,50.0,5.94,11.89,LOSS,-5.94,-11.89,305
803,TACUSDT,LONG,2026-08-01 00:00:00 UTC,1785542400000,1785542400,2026-08-13 15:59:59 UTC,1786636799999,1786636799,0.00319,0.00293,6e-05,0.00281,0.00393,0.00281,50.0,5.87,11.74,LOSS,-5.87,-11.74,304
804,TACUSDT,LONG,2026-08-01 01:00:00 UTC,1785546000000,1785546000,2026-08-13 15:59:59 UTC,1786636799999,1786636799,0.00327,0.00293,6e-05,0.00281,0.00418,0.00281,50.0,7.02,14.03,LOSS,-7.02,-14.03,303
805,TACUSDT,LONG,2026-08-01 02:00:00 UTC,1785549600000,1785549600,2026-08-13 15:59:59 UTC,1786636799999,1786636799,0.00327,0.00293,6e-05,0.00281,0.00419,0.00281,50.0,7.04,14.07,LOSS,-7.04,-14.07,302
806,TACUSDT,LONG,2026-08-01 03:00:00 UTC,1785553200000,1785553200,2026-08-13 15:59:59 UTC,1786636799999,1786636799,0.00325,0.00293,6e-05,0.00281,0.00412,0.00281,50.0,6.69,13.37,LOSS,-6.69,-13.37,301
807,TACUSDT,LONG,2026-08-01 04:00:00 UTC,1785556800000,1785556800,2026-08-13 15:59:59 UTC,1786636799999,1786636799,0.00327,0.00293,6e-05,0.00282,0.00418,0.00282,50.0,6.96,13.93,LOSS,-6.96,-13.93,300
808,TACUSDT,LONG,2026-08-01 05:00:00 UTC,1785560400000,1785560400,2026-08-13 14:59:59 UTC,1786633199999,1786633199,0.00324,0.00293,6e-05,0.00282,0.0041,0.00282,50.0,6.57,13.14,LOSS,-6.57,-13.14,298
809,TACUSDT,LONG,2026-08-01 06:00:00 UTC,1785564000000,1785564000,2026-08-13 14:59:59 UTC,1786633199999,1786633199,0.00328,0.00293,6e-05,0.00282,0.00419,0.00282,50.0,6.96,13.92,LOSS,-6.96,-13.92,297
810,TACUSDT,LONG,2026-08-01 07:00:00 UTC,1785567600000,1785567600,2026-08-13 14:59:59 UTC,1786633199999,1786633199,0.00328,0.00293,6e-05,0.00282,0.00421,0.00282,50.0,7.03,14.07,LOSS,-7.03,-14.07,296
811,TACUSDT,LONG,2026-08-01 08:00:00 UTC,1785571200000,1785571200,2026-08-13 14:59:59 UTC,1786633199999,1786633199,0.00331,0.00293,6e-05,0.00282,0.0043,0.00282,50.0,7.43,14.86,LOSS,-7.43,-14.86,295
812,TACUSDT,LONG,2026-08-01 09:00:00 UTC,1785574800000,1785574800,2026-08-11 17:59:59 UTC,1786471199999,1786471199,0.00332,0.00293,6e-05,0.00282,0.00431,0.00282,50.0,7.47,14.94,LOSS,-7.47,-14.94,249
813,TACUSDT,LONG,2026-08-01 10:00:00 UTC,1785578400000,1785578400,2026-08-11 17:59:59 UTC,1786471199999,1786471199,0.00329,0.00293,5e-05,0.00282,0.00421,0.00282,50.0,7.05,14.09,LOSS,-7.05,-14.09,248
814,TACUSDT,LONG,2026-08-01 11:00:00 UTC,1785582000000,1785582000,2026-08-11 17:59:59 UTC,1786471199999,1786471199,0.00327,0.00293,5e-05,0.00283,0.00416,0.00283,50.0,6.81,13.62,LOSS,-6.81,-13.62,247
815,TACUSDT,LONG,2026-08-01 12:00:00 UTC,1785585600000,1785585600,2026-08-11 17:59:59 UTC,1786471199999,1786471199,0.00326,0.00293,5e-05,0.00283,0.00413,0.00283,50.0,6.68,13.36,LOSS,-6.68,-13.36,246
816,TACUSDT,LONG,2026-08-01 13:00:00 UTC,1785589200000,1785589200,2026-08-11 17:59:59 UTC,1786471199999,1786471199,0.00327,0.00293,5e-05,0.00283,0.00414,0.00283,50.0,6.66,13.32,LOSS,-6.66,-13.32,245
817,TACUSDT,LONG,2026-08-01 14:00:00 UTC,1785592800000,1785592800,2026-08-11 17:59:59 UTC,1786471199999,1786471199,0.00326,0.00293,5e-05,0.00283,0.00411,0.00283,50.0,6.52,13.04,LOSS,-6.52,-13.04,244
818,TACUSDT,LONG,2026-08-01 15:00:00 UTC,1785596400000,1785596400,2026-08-11 17:59:59 UTC,1786471199999,1786471199,0.00329,0.00293,5e-05,0.00283,0.0042,0.00283,50.0,6.93,13.85,LOSS,-6.93,-13.85,243
819,TACUSDT,LONG,2026-08-01 16:00:00 UTC,1785600000000,1785600000,2026-08-11 17:59:59 UTC,1786471199999,1786471199,0.00324,0.00293,5e-05,0.00283,0.00407,0.00283,50.0,6.38,12.76,LOSS,-6.38,-12.76,242
820,TACUSDT,LONG,2026-08-01 17:00:00 UTC,1785603600000,1785603600,2026-08-11 17:59:59 UTC,1786471199999,1786471199,0.00324,0.00293,5e-05,0.00283,0.00405,0.00283,50.0,6.24,12.49,LOSS,-6.24,-12.49,241
821,TACUSDT,LONG,2026-08-01 18:00:00 UTC,1785607200000,1785607200,2026-08-11 17:59:59 UTC,1786471199999,1786471199,0.00323,0.00293,5e-05,0.00284,0.00401,0.00284,50.0,6.06,12.12,LOSS,-6.06,-12.12,240
822,TACUSDT,LONG,2026-08-01 19:00:00 UTC,1785610800000,1785610800,2026-08-11 17:59:59 UTC,1786471199999,1786471199,0.00319,0.00293,5e-05,0.00283,0.0039,0.00283,50.0,5.58,11.17,LOSS,-5.58,-11.17,239
823,TACUSDT,LONG,2026-08-01 20:00:00 UTC,1785614400000,1785614400,2026-08-11 17:59:59 UTC,1786471199999,1786471199,0.00317,0.00293,5e-05,0.00284,0.00385,0.00284,50.0,5.3,10.59,LOSS,-5.3,-10.59,238
824,TACUSDT,LONG,2026-08-01 21:00:00 UTC,1785618000000,1785618000,2026-08-11 17:59:59 UTC,1786471199999,1786471199,0.00319,0.00293,5e-05,0.00284,0.00388,0.00284,50.0,5.44,10.87,LOSS,-5.44,-10.87,237
825,TACUSDT,LONG,2026-08-01 22:00:00 UTC,1785621600000,1785621600,2026-08-11 17:59:59 UTC,1786471199999,1786471199,0.00321,0.00293,5e-05,0.00284,0.00395,0.00284,50.0,5.74,11.49,LOSS,-5.74,-11.49,236
826,TACUSDT,LONG,2026-08-01 23:00:00 UTC,1785625200000,1785625200,2026-08-11 17:59:59 UTC,1786471199999,1786471199,0.00317,0.00293,5e-05,0.00284,0.00383,0.00284,50.0,5.2,10.41,LOSS,-5.2,-10.41,235
827,TACUSDT,LONG,2026-08-02 00:00:00 UTC,1785628800000,1785628800,2026-08-11 17:59:59 UTC,1786471199999,1786471199,0.00318,0.00293,5e-05,0.00284,0.00387,0.00284,50.0,5.4,10.8,LOSS,-5.4,-10.8,234
828,TACUSDT,LONG,2026-08-02 01:00:00 UTC,1785632400000,1785632400,2026-08-11 17:59:59 UTC,1786471199999,1786471199,0.00321,0.00293,5e-05,0.00284,0.00396,0.00284,50.0,5.8,11.59,LOSS,-5.8,-11.59,233
829,TACUSDT,LONG,2026-08-02 02:00:00 UTC,1785636000000,1785636000,2026-08-11 17:59:59 UTC,1786471199999,1786471199,0.00319,0.00293,5e-05,0.00284,0.0039,0.00284,50.0,5.56,11.12,LOSS,-5.56,-11.12,232
830,TACUSDT,LONG,2026-08-02 03:00:00 UTC,1785639600000,1785639600,2026-08-11 17:59:59 UTC,1786471199999,1786471199,0.00326,0.00293,5e-05,0.00283,0.0041,0.00283,50.0,6.5,13.01,LOSS,-6.5,-13.01,231
831,TACUSDT,LONG,2026-08-02 04:00:00 UTC,1785643200000,1785643200,2026-08-11 17:59:59 UTC,1786471199999,1786471199,0.0033,0.00293,5e-05,0.00283,0.00423,0.00283,50.0,7.08,14.17,LOSS,-7.08,-14.17,230
832,TACUSDT,LONG,2026-08-02 05:00:00 UTC,1785646800000,1785646800,2026-08-11 17:59:59 UTC,1786471199999,1786471199,0.0033,0.00293,5e-05,0.00283,0.00424,0.00283,50.0,7.09,14.17,LOSS,-7.09,-14.17,229
833,TACUSDT,LONG,2026-08-02 06:00:00 UTC,1785650400000,1785650400,2026-08-11 17:59:59 UTC,1786471199999,1786471199,0.00328,0.00293,5e-05,0.00283,0.00418,0.00283,50.0,6.81,13.63,LOSS,-6.81,-13.63,228
834,TACUSDT,LONG,2026-08-02 07:00:00 UTC,1785654000000,1785654000,2026-08-11 17:59:59 UTC,1786471199999,1786471199,0.00327,0.00293,5e-05,0.00284,0.00414,0.00284,50.0,6.66,13.31,LOSS,-6.66,-13.31,227
835,TACUSDT,LONG,2026-08-02 08:00:00 UTC,1785657600000,1785657600,2026-08-11 17:59:59 UTC,1786471199999,1786471199,0.0033,0.00293,5e-05,0.00283,0.00424,0.00283,50.0,7.09,14.17,LOSS,-7.09,-14.17,226
836,TACUSDT,LONG,2026-08-02 09:00:00 UTC,1785661200000,1785661200,2026-08-11 07:59:59 UTC,1786435199999,1786435199,0.00326,0.003,5e-05,0.0029,0.00399,0.0029,50.0,5.54,11.08,LOSS,-5.54,-11.08,215
837,TACUSDT,LONG,2026-08-02 10:00:00 UTC,1785664800000,1785664800,2026-08-11 07:59:59 UTC,1786435199999,1786435199,0.00326,0.003,5e-05,0.0029,0.00398,0.0029,50.0,5.49,10.99,LOSS,-5.49,-10.99,214
838,TACUSDT,LONG,2026-08-02 11:00:00 UTC,1785668400000,1785668400,2026-08-11 07:59:59 UTC,1786435199999,1786435199,0.00327,0.003,5e-05,0.00291,0.004,0.00291,50.0,5.56,11.12,LOSS,-5.56,-11.12,213
839,TACUSDT,LONG,2026-08-02 12:00:00 UTC,1785672000000,1785672000,2026-08-11 07:59:59 UTC,1786435199999,1786435199,0.00325,0.003,5e-05,0.00291,0.00393,0.00291,50.0,5.23,10.45,LOSS,-5.23,-10.45,212
840,TACUSDT,LONG,2026-08-02 13:00:00 UTC,1785675600000,1785675600,2026-08-11 07:59:59 UTC,1786435199999,1786435199,0.00323,0.003,5e-05,0.00291,0.00388,0.00291,50.0,4.98,9.96,LOSS,-4.98,-9.96,211
841,TACUSDT,LONG,2026-08-02 14:00:00 UTC,1785679200000,1785679200,2026-08-11 07:59:59 UTC,1786435199999,1786435199,0.00323,0.003,5e-05,0.00291,0.00385,0.00291,50.0,4.85,9.7,LOSS,-4.85,-9.7,210
842,TACUSDT,LONG,2026-08-02 15:00:00 UTC,1785682800000,1785682800,2026-08-11 07:59:59 UTC,1786435199999,1786435199,0.00321,0.003,5e-05,0.00291,0.00381,0.00291,50.0,4.65,9.31,LOSS,-4.65,-9.31,209
843,TACUSDT,LONG,2026-08-02 16:00:00 UTC,1785686400000,1785686400,2026-08-11 07:59:59 UTC,1786435199999,1786435199,0.00322,0.00301,5e-05,0.00292,0.00382,0.00292,50.0,4.64,9.28,LOSS,-4.64,-9.28,208
844,TACUSDT,LONG,2026-08-02 17:00:00 UTC,1785690000000,1785690000,2026-08-11 06:59:59 UTC,1786431599999,1786431599,0.00325,0.00303,5e-05,0.00294,0.00387,0.00294,50.0,4.76,9.51,LOSS,-4.76,-9.51,206
845,TACUSDT,LONG,2026-08-02 18:00:00 UTC,1785693600000,1785693600,2026-08-11 05:59:59 UTC,1786427999999,1786427999,0.00324,0.00305,4e-05,0.00296,0.0038,0.00296,50.0,4.32,8.65,LOSS,-4.32,-8.65,204
846,TACUSDT,LONG,2026-08-02 19:00:00 UTC,1785697200000,1785697200,2026-08-10 15:59:59 UTC,1786377599999,1786377599,0.00327,0.00306,5e-05,0.00297,0.00389,0.00297,50.0,4.7,9.39,LOSS,-4.7,-9.39,189
847,TACUSDT,LONG,2026-08-02 20:00:00 UTC,1785700800000,1785700800,2026-08-10 15:59:59 UTC,1786377599999,1786377599,0.00327,0.00306,4e-05,0.00297,0.00388,0.00297,50.0,4.64,9.29,LOSS,-4.64,-9.29,188
848,TACUSDT,LONG,2026-08-02 21:00:00 UTC,1785704400000,1785704400,2026-08-10 15:59:59 UTC,1786377599999,1786377599,0.00326,0.00306,4e-05,0.00297,0.00382,0.00297,50.0,4.34,8.69,LOSS,-4.34,-8.69,187
849,TACUSDT,LONG,2026-08-02 22:00:00 UTC,1785708000000,1785708000,2026-08-10 15:59:59 UTC,1786377599999,1786377599,0.00329,0.00306,4e-05,0.00297,0.00391,0.00297,50.0,4.77,9.54,LOSS,-4.77,-9.54,186
850,TACUSDT,LONG,2026-08-02 23:00:00 UTC,1785711600000,1785711600,2026-08-10 15:59:59 UTC,1786377599999,1786377599,0.00324,0.00306,4e-05,0.00297,0.00379,0.00297,50.0,4.19,8.39,LOSS,-4.19,-8.39,185
851,TACUSDT,LONG,2026-08-03 00:00:00 UTC,1785715200000,1785715200,2026-08-10 15:59:59 UTC,1786377599999,1786377599,0.00324,0.00306,4e-05,0.00297,0.00379,0.00297,50.0,4.17,8.34,LOSS,-4.17,-8.34,184
852,TACUSDT,LONG,2026-08-03 01:00:00 UTC,1785718800000,1785718800,2026-08-10 15:59:59 UTC,1786377599999,1786377599,0.00324,0.00306,4e-05,0.00297,0.00378,0.00297,50.0,4.13,8.26,LOSS,-4.13,-8.26,183
853,TACUSDT,LONG,2026-08-03 02:00:00 UTC,1785722400000,1785722400,2026-08-10 15:59:59 UTC,1786377599999,1786377599,0.00327,0.00306,4e-05,0.00297,0.00386,0.00297,50.0,4.52,9.03,LOSS,-4.52,-9.03,182
854,TACUSDT,LONG,2026-08-03 03:00:00 UTC,1785726000000,1785726000,2026-08-10 15:59:59 UTC,1786377599999,1786377599,0.00326,0.00306,4e-05,0.00297,0.00383,0.00297,50.0,4.38,8.76,LOSS,-4.38,-8.76,181
855,TACUSDT,LONG,2026-08-03 04:00:00 UTC,1785729600000,1785729600,2026-08-10 15:59:59 UTC,1786377599999,1786377599,0.00322,0.00306,4e-05,0.00297,0.00372,0.00297,50.0,3.87,7.74,LOSS,-3.87,-7.74,180
856,TACUSDT,LONG,2026-08-03 05:00:00 UTC,1785733200000,1785733200,2026-08-10 15:59:59 UTC,1786377599999,1786377599,0.00322,0.00306,4e-05,0.00297,0.00371,0.00297,50.0,3.81,7.61,LOSS,-3.81,-7.61,179
857,TACUSDT,LONG,2026-08-03 06:00:00 UTC,1785736800000,1785736800,2026-08-10 15:59:59 UTC,1786377599999,1786377599,0.0032,0.00306,4e-05,0.00298,0.00364,0.00298,50.0,3.48,6.97,LOSS,-3.48,-6.97,178
858,TACUSDT,LONG,2026-08-03 07:00:00 UTC,1785740400000,1785740400,2026-08-10 15:59:59 UTC,1786377599999,1786377599,0.00319,0.00306,4e-05,0.00297,0.00362,0.00297,50.0,3.35,6.71,LOSS,-3.35,-6.71,177
859,TACUSDT,LONG,2026-08-03 08:00:00 UTC,1785744000000,1785744000,2026-08-10 15:59:59 UTC,1786377599999,1786377599,0.00318,0.00306,4e-05,0.00298,0.00357,0.00298,50.0,3.09,6.19,LOSS,-3.09,-6.19,176
860,TACUSDT,LONG,2026-08-03 09:00:00 UTC,1785747600000,1785747600,2026-08-10 15:59:59 UTC,1786377599999,1786377599,0.0032,0.00306,4e-05,0.00298,0.00364,0.00298,50.0,3.47,6.93,LOSS,-3.47,-6.93,175
861,TACUSDT,LONG,2026-08-03 10:00:00 UTC,1785751200000,1785751200,2026-08-10 15:59:59 UTC,1786377599999,1786377599,0.00327,0.00307,5e-05,0.00298,0.00385,0.00298,50.0,4.45,8.89,LOSS,-4.45,-8.89,174
862,TACUSDT,LONG,2026-08-03 11:00:00 UTC,1785754800000,1785754800,2026-08-10 15:59:59 UTC,1786377599999,1786377599,0.00327,0.00308,5e-05,0.00298,0.00384,0.00298,50.0,4.35,8.71,LOSS,-4.35,-8.71,173
863,TACUSDT,LONG,2026-08-03 12:00:00 UTC,1785758400000,1785758400,2026-08-10 15:59:59 UTC,1786377599999,1786377599,0.00326,0.00308,4e-05,0.00299,0.00379,0.00299,50.0,4.05,8.1,LOSS,-4.05,-8.1,172
864,TACUSDT,LONG,2026-08-03 13:00:00 UTC,1785762000000,1785762000,2026-08-10 15:59:59 UTC,1786377599999,1786377599,0.00329,0.0031,5e-05,0.00301,0.00385,0.00301,50.0,4.25,8.51,LOSS,-4.25,-8.51,171
865,TACUSDT,LONG,2026-08-03 14:00:00 UTC,1785765600000,1785765600,2026-08-10 15:59:59 UTC,1786377599999,1786377599,0.00326,0.00311,5e-05,0.00302,0.00376,0.00302,50.0,3.79,7.58,LOSS,-3.79,-7.58,170
866,TACUSDT,LONG,2026-08-03 15:00:00 UTC,1785769200000,1785769200,2026-08-10 15:59:59 UTC,1786377599999,1786377599,0.0033,0.00311,5e-05,0.00302,0.00387,0.00302,50.0,4.29,8.59,LOSS,-4.29,-8.59,169
867,TACUSDT,LONG,2026-08-03 16:00:00 UTC,1785772800000,1785772800,2026-08-10 15:59:59 UTC,1786377599999,1786377599,0.00327,0.00311,5e-05,0.00302,0.00378,0.00302,50.0,3.88,7.76,LOSS,-3.88,-7.76,168
868,TACUSDT,LONG,2026-08-03 17:00:00 UTC,1785776400000,1785776400,2026-08-10 15:59:59 UTC,1786377599999,1786377599,0.00326,0.00311,4e-05,0.00302,0.00375,0.00302,50.0,3.73,7.45,LOSS,-3.73,-7.45,167
869,TACUSDT,LONG,2026-08-03 18:00:00 UTC,1785780000000,1785780000,2026-08-09 07:59:59 UTC,1786262399999,1786262399,0.00328,0.00311,4e-05,0.00302,0.0038,0.00302,50.0,3.97,7.94,LOSS,-3.97,-7.94,134
870,TACUSDT,LONG,2026-08-03 19:00:00 UTC,1785783600000,1785783600,2026-08-09 07:59:59 UTC,1786262399999,1786262399,0.00329,0.00311,4e-05,0.00303,0.00381,0.00303,50.0,3.97,7.94,LOSS,-3.97,-7.94,133
871,TACUSDT,LONG,2026-08-03 20:00:00 UTC,1785787200000,1785787200,2026-08-09 07:59:59 UTC,1786262399999,1786262399,0.00327,0.00311,4e-05,0.00303,0.00374,0.00303,50.0,3.64,7.28,LOSS,-3.64,-7.28,132
872,TACUSDT,LONG,2026-08-03 21:00:00 UTC,1785790800000,1785790800,2026-08-09 07:59:59 UTC,1786262399999,1786262399,0.00327,0.00311,4e-05,0.00303,0.00375,0.00303,50.0,3.67,7.34,LOSS,-3.67,-7.34,131
873,TACUSDT,LONG,2026-08-03 22:00:00 UTC,1785794400000,1785794400,2026-08-09 07:59:59 UTC,1786262399999,1786262399,0.00326,0.00311,4e-05,0.00303,0.00371,0.00303,50.0,3.47,6.93,LOSS,-3.47,-6.93,130
874,TACUSDT,LONG,2026-08-03 23:00:00 UTC,1785798000000,1785798000,2026-08-09 07:59:59 UTC,1786262399999,1786262399,0.00326,0.00311,4e-05,0.00303,0.0037,0.00303,50.0,3.42,6.84,LOSS,-3.42,-6.84,129
875,TACUSDT,LONG,2026-08-04 00:00:00 UTC,1785801600000,1785801600,2026-08-09 07:59:59 UTC,1786262399999,1786262399,0.00324,0.00311,4e-05,0.00303,0.00365,0.00303,50.0,3.18,6.35,LOSS,-3.18,-6.35,128
876,TACUSDT,LONG,2026-08-04 01:00:00 UTC,1785805200000,1785805200,2026-08-09 07:59:59 UTC,1786262399999,1786262399,0.00323,0.00311,4e-05,0.00303,0.00363,0.00303,50.0,3.08,6.16,LOSS,-3.08,-6.16,127
877,TACUSDT,LONG,2026-08-04 02:00:00 UTC,1785808800000,1785808800,2026-08-09 07:59:59 UTC,1786262399999,1786262399,0.00323,0.00311,4e-05,0.00303,0.00362,0.00303,50.0,3.04,6.07,LOSS,-3.04,-6.07,126
878,TACUSDT,LONG,2026-08-04 03:00:00 UTC,1785812400000,1785812400,2026-08-09 07:59:59 UTC,1786262399999,1786262399,0.00325,0.00311,4e-05,0.00303,0.00368,0.00303,50.0,3.31,6.62,LOSS,-3.31,-6.62,125
879,TACUSDT,LONG,2026-08-04 04:00:00 UTC,1785816000000,1785816000,2026-08-09 07:59:59 UTC,1786262399999,1786262399,0.00325,0.00315,4e-05,0.00307,0.0036,0.00307,50.0,2.69,5.39,LOSS,-2.69,-5.39,124
880,TACUSDT,LONG,2026-08-04 05:00:00 UTC,1785819600000,1785819600,2026-08-05 14:59:59 UTC,1785941999999,1785941999,0.00323,0.00315,4e-05,0.00307,0.00355,0.00355,50.0,2.47,4.95,WIN,4.95,9.9,34
881,TACUSDT,LONG,2026-08-04 06:00:00 UTC,1785823200000,1785823200,2026-08-05 02:59:59 UTC,1785898799999,1785898799,0.00321,0.00315,4e-05,0.00307,0.00349,0.00349,50.0,2.16,4.33,WIN,4.33,8.65,21
882,TACUSDT,LONG,2026-08-04 07:00:00 UTC,1785826800000,1785826800,2026-08-05 02:59:59 UTC,1785898799999,1785898799,0.00321,0.00315,4e-05,0.00307,0.00348,0.00348,50.0,2.11,4.23,WIN,4.23,8.45,20
883,TACUSDT,LONG,2026-08-04 08:00:00 UTC,1785830400000,1785830400,2026-08-04 23:59:59 UTC,1785887999999,1785887999,0.0032,0.00315,4e-05,0.00308,0.00345,0.00345,50.0,1.96,3.93,WIN,3.93,7.85,16
884,TACUSDT,LONG,2026-08-04 09:00:00 UTC,1785834000000,1785834000,2026-08-04 23:59:59 UTC,1785887999999,1785887999,0.00319,0.00315,4e-05,0.00308,0.00343,0.00343,50.0,1.82,3.63,WIN,3.63,7.26,15
885,TACUSDT,LONG,2026-08-04 10:00:00 UTC,1785837600000,1785837600,2026-08-05 11:59:59 UTC,1785931199999,1785931199,0.00323,0.00315,4e-05,0.00308,0.00354,0.00354,50.0,2.38,4.76,WIN,4.76,9.53,26
886,TACUSDT,LONG,2026-08-04 11:00:00 UTC,1785841200000,1785841200,2026-08-05 02:59:59 UTC,1785898799999,1785898799,0.00322,0.00315,4e-05,0.00308,0.00351,0.00351,50.0,2.24,4.47,WIN,4.47,8.94,16
887,TACUSDT,LONG,2026-08-04 12:00:00 UTC,1785844800000,1785844800,2026-08-05 02:59:59 UTC,1785898799999,1785898799,0.00322,0.00315,4e-05,0.00308,0.00351,0.00351,50.0,2.23,4.47,WIN,4.47,8.94,15
888,TACUSDT,LONG,2026-08-04 13:00:00 UTC,1785848400000,1785848400,2026-08-04 23:59:59 UTC,1785887999999,1785887999,0.00318,0.00315,4e-05,0.00307,0.0034,0.0034,50.0,1.73,3.45,WIN,3.45,6.9,11
889,TACUSDT,LONG,2026-08-04 14:00:00 UTC,1785852000000,1785852000,2026-08-04 23:59:59 UTC,1785887999999,1785887999,0.00319,0.00315,4e-05,0.00307,0.00341,0.00341,50.0,1.77,3.55,WIN,3.55,7.1,10
890,TACUSDT,LONG,2026-08-04 15:00:00 UTC,1785855600000,1785855600,2026-08-04 23:59:59 UTC,1785887999999,1785887999,0.00319,0.00315,4e-05,0.00308,0.00341,0.00341,50.0,1.74,3.47,WIN,3.47,6.95,9
891,TACUSDT,LONG,2026-08-04 16:00:00 UTC,1785859200000,1785859200,2026-08-04 23:59:59 UTC,1785887999999,1785887999,0.00319,0.00313,4e-05,0.00305,0.00346,0.00346,50.0,2.14,4.28,WIN,4.28,8.57,8
892,TACUSDT,LONG,2026-08-04 17:00:00 UTC,1785862800000,1785862800,2026-08-04 23:59:59 UTC,1785887999999,1785887999,0.00317,0.00313,4e-05,0.00305,0.0034,0.0034,50.0,1.87,3.73,WIN,3.73,7.46,7
893,TACUSDT,LONG,2026-08-04 18:00:00 UTC,1785866400000,1785866400,2026-08-05 02:59:59 UTC,1785898799999,1785898799,0.0032,0.00313,4e-05,0.00305,0.00351,0.00351,50.0,2.41,4.83,WIN,4.83,9.66,9
894,TACUSDT,LONG,2026-08-04 19:00:00 UTC,1785870000000,1785870000,2026-08-05 14:59:59 UTC,1785941999999,1785941999,0.00321,0.00313,4e-05,0.00305,0.00355,0.00355,50.0,2.59,5.17,WIN,5.17,10.35,20
895,TACUSDT,LONG,2026-08-04 20:00:00 UTC,1785873600000,1785873600,2026-08-05 14:59:59 UTC,1785941999999,1785941999,0.00322,0.00313,4e-05,0.00305,0.00355,0.00355,50.0,2.6,5.19,WIN,5.19,10.38,19
896,TACUSDT,LONG,2026-08-04 21:00:00 UTC,1785877200000,1785877200,2026-08-09 07:59:59 UTC,1786262399999,1786262399,0.00324,0.00313,4e-05,0.00305,0.0036,0.00305,50.0,2.8,5.6,LOSS,-2.8,-5.6,107
897,TACUSDT,LONG,2026-08-04 22:00:00 UTC,1785880800000,1785880800,2026-08-05 14:59:59 UTC,1785941999999,1785941999,0.00322,0.00313,4e-05,0.00305,0.00356,0.00356,50.0,2.59,5.19,WIN,5.19,10.37,17
898,TACUSDT,LONG,2026-08-04 23:00:00 UTC,1785884400000,1785884400,2026-08-09 07:59:59 UTC,1786262399999,1786262399,0.00336,0.00313,5e-05,0.00304,0.00399,0.00304,50.0,4.74,9.49,LOSS,-4.74,-9.49,105
899,TACUSDT,LONG,2026-08-05 00:00:00 UTC,1785888000000,1785888000,2026-08-09 07:59:59 UTC,1786262399999,1786262399,0.00338,0.00313,5e-05,0.00303,0.0041,0.00303,50.0,5.29,10.57,LOSS,-5.29,-10.57,104
900,TACUSDT,LONG,2026-08-05 01:00:00 UTC,1785891600000,1785891600,2026-08-10 15:59:59 UTC,1786377599999,1786377599,0.00333,0.00313,6e-05,0.00302,0.00397,0.00302,50.0,4.77,9.54,LOSS,-4.77,-9.54,135
901,TACUSDT,LONG,2026-08-05 02:00:00 UTC,1785895200000,1785895200,2026-08-10 15:59:59 UTC,1786377599999,1786377599,0.00337,0.00313,6e-05,0.00301,0.0041,0.00301,50.0,5.37,10.74,LOSS,-5.37,-10.74,134
902,TACUSDT,LONG,2026-08-05 03:00:00 UTC,1785898800000,1785898800,2026-08-10 15:59:59 UTC,1786377599999,1786377599,0.00345,0.00313,7e-05,0.003,0.00436,0.003,50.0,6.56,13.12,LOSS,-6.56,-13.12,133
903,TACUSDT,LONG,2026-08-05 04:00:00 UTC,1785902400000,1785902400,2026-08-10 15:59:59 UTC,1786377599999,1786377599,0.00337,0.00313,7e-05,0.00299,0.00413,0.00299,50.0,5.62,11.24,LOSS,-5.62,-11.24,132
904,TACUSDT,LONG,2026-08-05 05:00:00 UTC,1785906000000,1785906000,2026-08-10 15:59:59 UTC,1786377599999,1786377599,0.00341,0.00313,7e-05,0.00299,0.00425,0.00299,50.0,6.16,12.31,LOSS,-6.16,-12.31,131
905,TACUSDT,LONG,2026-08-05 06:00:00 UTC,1785909600000,1785909600,2026-08-10 15:59:59 UTC,1786377599999,1786377599,0.00343,0.00313,7e-05,0.003,0.00431,0.003,50.0,6.35,12.7,LOSS,-6.35,-12.7,130
906,TACUSDT,LONG,2026-08-05 07:00:00 UTC,1785913200000,1785913200,2026-08-10 15:59:59 UTC,1786377599999,1786377599,0.00341,0.00313,7e-05,0.003,0.00424,0.003,50.0,6.05,12.1,LOSS,-6.05,-12.1,129
907,TACUSDT,LONG,2026-08-05 08:00:00 UTC,1785916800000,1785916800,2026-08-10 15:59:59 UTC,1786377599999,1786377599,0.00341,0.00313,7e-05,0.003,0.00423,0.003,50.0,6.0,12.01,LOSS,-6.0,-12.01,128
908,TACUSDT,LONG,2026-08-05 09:00:00 UTC,1785920400000,1785920400,2026-08-10 15:59:59 UTC,1786377599999,1786377599,0.00335,0.00313,7e-05,0.003,0.00406,0.003,50.0,5.28,10.56,LOSS,-5.28,-10.56,127
909,TACUSDT,LONG,2026-08-05 10:00:00 UTC,1785924000000,1785924000,2026-08-10 15:59:59 UTC,1786377599999,1786377599,0.00333,0.00313,7e-05,0.003,0.00398,0.003,50.0,4.94,9.87,LOSS,-4.94,-9.87,126
910,TACUSDT,LONG,2026-08-05 11:00:00 UTC,1785927600000,1785927600,2026-08-10 15:59:59 UTC,1786377599999,1786377599,0.00328,0.00313,7e-05,0.003,0.00384,0.003,50.0,4.3,8.61,LOSS,-4.3,-8.61,125
911,TACUSDT,LONG,2026-08-05 12:00:00 UTC,1785931200000,1785931200,2026-08-11 05:59:59 UTC,1786427999999,1786427999,0.0032,0.00313,9e-05,0.00295,0.00371,0.00295,50.0,3.95,7.89,LOSS,-3.95,-7.89,138
912,TACUSDT,LONG,2026-08-05 13:00:00 UTC,1785934800000,1785934800,2026-08-11 05:59:59 UTC,1786427999999,1786427999,0.00326,0.00313,9e-05,0.00295,0.00388,0.00295,50.0,4.73,9.46,LOSS,-4.73,-9.46,137
913,TACUSDT,LONG,2026-08-05 14:00:00 UTC,1785938400000,1785938400,2026-08-10 15:59:59 UTC,1786377599999,1786377599,0.00325,0.00313,9e-05,0.00296,0.00384,0.00296,50.0,4.5,9.01,LOSS,-4.5,-9.01,122
914,TACUSDT,LONG,2026-08-05 15:00:00 UTC,1785942000000,1785942000,2026-08-11 07:59:59 UTC,1786435199999,1786435199,0.00345,0.00313,0.0001,0.00292,0.0045,0.00292,50.0,7.63,15.25,LOSS,-7.63,-15.25,137
915,TACUSDT,LONG,2026-08-05 16:00:00 UTC,1785945600000,1785945600,2026-08-11 06:59:59 UTC,1786431599999,1786431599,0.0034,0.00313,0.0001,0.00293,0.00433,0.00293,50.0,6.86,13.71,LOSS,-6.86,-13.71,135
916,TACUSDT,LONG,2026-08-05 17:00:00 UTC,1785949200000,1785949200,2026-08-11 07:59:59 UTC,1786435199999,1786435199,0.00339,0.00313,0.00011,0.00291,0.00435,0.00291,50.0,7.05,14.1,LOSS,-7.05,-14.1,135
917,TACUSDT,LONG,2026-08-05 18:00:00 UTC,1785952800000,1785952800,2026-08-11 07:59:59 UTC,1786435199999,1786435199,0.00339,0.00313,0.0001,0.00292,0.00432,0.00292,50.0,6.87,13.75,LOSS,-6.87,-13.75,134
918,TACUSDT,LONG,2026-08-05 19:00:00 UTC,1785956400000,1785956400,2026-08-11 06:59:59 UTC,1786431599999,1786431599,0.00339,0.00313,0.0001,0.00293,0.00431,0.00293,50.0,6.77,13.55,LOSS,-6.77,-13.55,132
919,TACUSDT,LONG,2026-08-05 20:00:00 UTC,1785960000000,1785960000,2026-08-11 06:59:59 UTC,1786431599999,1786431599,0.00336,0.00313,9e-05,0.00294,0.00419,0.00294,50.0,6.2,12.4,LOSS,-6.2,-12.4,131
920,TACUSDT,LONG,2026-08-05 21:00:00 UTC,1785963600000,1785963600,2026-08-11 05:59:59 UTC,1786427999999,1786427999,0.00336,0.00313,9e-05,0.00295,0.00417,0.00295,50.0,6.03,12.07,LOSS,-6.03,-12.07,129
921,TACUSDT,LONG,2026-08-05 22:00:00 UTC,1785967200000,1785967200,2026-08-11 05:59:59 UTC,1786427999999,1786427999,0.00331,0.00313,9e-05,0.00296,0.00401,0.00296,50.0,5.3,10.59,LOSS,-5.3,-10.59,128
922,TACUSDT,LONG,2026-08-05 23:00:00 UTC,1785970800000,1785970800,2026-08-10 15:59:59 UTC,1786377599999,1786377599,0.00333,0.00313,8e-05,0.00296,0.00407,0.00296,50.0,5.53,11.06,LOSS,-5.53,-11.06,113
923,TACUSDT,LONG,2026-08-06 00:00:00 UTC,1785974400000,1785974400,2026-08-10 15:59:59 UTC,1786377599999,1786377599,0.00331,0.00313,8e-05,0.00297,0.00398,0.00297,50.0,5.1,10.21,LOSS,-5.1,-10.21,112
924,TACUSDT,LONG,2026-08-06 01:00:00 UTC,1785978000000,1785978000,2026-08-10 15:59:59 UTC,1786377599999,1786377599,0.00332,0.00313,8e-05,0.00298,0.00402,0.00298,50.0,5.23,10.46,LOSS,-5.23,-10.46,111
925,TACUSDT,LONG,2026-08-06 02:00:00 UTC,1785981600000,1785981600,2026-08-10 15:59:59 UTC,1786377599999,1786377599,0.00329,0.00313,8e-05,0.00298,0.00391,0.00298,50.0,4.71,9.41,LOSS,-4.71,-9.41,110
926,TACUSDT,LONG,2026-08-06 03:00:00 UTC,1785985200000,1785985200,2026-08-10 15:59:59 UTC,1786377599999,1786377599,0.00331,0.00313,7e-05,0.00299,0.00396,0.00299,50.0,4.89,9.78,LOSS,-4.89,-9.78,109
927,TACUSDT,LONG,2026-08-06 04:00:00 UTC,1785988800000,1785988800,2026-08-10 15:59:59 UTC,1786377599999,1786377599,0.00333,0.00313,7e-05,0.00299,0.00402,0.00299,50.0,5.17,10.33,LOSS,-5.17,-10.33,108
928,TACUSDT,LONG,2026-08-06 05:00:00 UTC,1785992400000,1785992400,2026-08-10 15:59:59 UTC,1786377599999,1786377599,0.00332,0.00313,7e-05,0.00299,0.00397,0.00299,50.0,4.92,9.84,LOSS,-4.92,-9.84,107
929,TACUSDT,LONG,2026-08-06 06:00:00 UTC,1785996000000,1785996000,2026-08-10 15:59:59 UTC,1786377599999,1786377599,0.00326,0.00313,7e-05,0.00299,0.00379,0.00299,50.0,4.09,8.17,LOSS,-4.09,-8.17,106
930,TACUSDT,LONG,2026-08-06 07:00:00 UTC,1785999600000,1785999600,2026-08-10 15:59:59 UTC,1786377599999,1786377599,0.00326,0.00313,7e-05,0.00299,0.00378,0.00299,50.0,4.03,8.06,LOSS,-4.03,-8.06,105
931,TACUSDT,LONG,2026-08-06 08:00:00 UTC,1786003200000,1786003200,2026-08-10 15:59:59 UTC,1786377599999,1786377599,0.00324,0.00313,7e-05,0.00299,0.00373,0.00299,50.0,3.79,7.57,LOSS,-3.79,-7.57,104
932,TACUSDT,LONG,2026-08-06 09:00:00 UTC,1786006800000,1786006800,2026-08-10 15:59:59 UTC,1786377599999,1786377599,0.00324,0.00313,7e-05,0.003,0.00374,0.003,50.0,3.82,7.64,LOSS,-3.82,-7.64,103
933,TACUSDT,LONG,2026-08-06 10:00:00 UTC,1786010400000,1786010400,2026-08-10 15:59:59 UTC,1786377599999,1786377599,0.00322,0.00313,7e-05,0.003,0.00365,0.003,50.0,3.38,6.76,LOSS,-3.38,-6.76,102
934,TACUSDT,LONG,2026-08-06 11:00:00 UTC,1786014000000,1786014000,2026-08-10 15:59:59 UTC,1786377599999,1786377599,0.00323,0.00313,6e-05,0.003,0.00368,0.003,50.0,3.53,7.05,LOSS,-3.53,-7.05,101
935,TACUSDT,LONG,2026-08-06 12:00:00 UTC,1786017600000,1786017600,2026-08-10 15:59:59 UTC,1786377599999,1786377599,0.00322,0.00313,6e-05,0.00301,0.00365,0.00301,50.0,3.33,6.67,LOSS,-3.33,-6.67,100
936,TACUSDT,LONG,2026-08-06 13:00:00 UTC,1786021200000,1786021200,2026-08-10 15:59:59 UTC,1786377599999,1786377599,0.00321,0.00313,6e-05,0.00301,0.00362,0.00301,50.0,3.15,6.3,LOSS,-3.15,-6.3,99
937,TACUSDT,LONG,2026-08-06 14:00:00 UTC,1786024800000,1786024800,2026-08-10 15:59:59 UTC,1786377599999,1786377599,0.00322,0.00313,6e-05,0.00301,0.00363,0.00301,50.0,3.21,6.42,LOSS,-3.21,-6.42,98
938,TACUSDT,LONG,2026-08-06 15:00:00 UTC,1786028400000,1786028400,2026-08-10 15:59:59 UTC,1786377599999,1786377599,0.00325,0.00313,6e-05,0.00302,0.00371,0.00302,50.0,3.56,7.13,LOSS,-3.56,-7.13,97
939,TACUSDT,LONG,2026-08-06 16:00:00 UTC,1786032000000,1786032000,2026-08-10 15:59:59 UTC,1786377599999,1786377599,0.00322,0.00313,6e-05,0.00302,0.00362,0.00302,50.0,3.1,6.19,LOSS,-3.1,-6.19,96
940,TACUSDT,LONG,2026-08-06 17:00:00 UTC,1786035600000,1786035600,2026-08-09 07:59:59 UTC,1786262399999,1786262399,0.00323,0.00313,5e-05,0.00303,0.00365,0.00303,50.0,3.2,6.4,LOSS,-3.2,-6.4,63
941,TACUSDT,LONG,2026-08-06 18:00:00 UTC,1786039200000,1786039200,2026-08-09 07:59:59 UTC,1786262399999,1786262399,0.00322,0.00313,5e-05,0.00303,0.00362,0.00303,50.0,3.04,6.09,LOSS,-3.04,-6.09,62
942,TACUSDT,LONG,2026-08-06 19:00:00 UTC,1786042800000,1786042800,2026-08-09 07:59:59 UTC,1786262399999,1786262399,0.00323,0.00313,5e-05,0.00303,0.00362,0.00303,50.0,3.05,6.09,LOSS,-3.05,-6.09,61
943,TACUSDT,LONG,2026-08-06 20:00:00 UTC,1786046400000,1786046400,2026-08-09 07:59:59 UTC,1786262399999,1786262399,0.00323,0.00313,5e-05,0.00304,0.00363,0.00304,50.0,3.06,6.13,LOSS,-3.06,-6.13,60
944,TACUSDT,LONG,2026-08-06 21:00:00 UTC,1786050000000,1786050000,2026-08-09 07:59:59 UTC,1786262399999,1786262399,0.00322,0.00313,5e-05,0.00304,0.00359,0.00304,50.0,2.86,5.73,LOSS,-2.86,-5.73,59
945,TACUSDT,LONG,2026-08-06 22:00:00 UTC,1786053600000,1786053600,2026-08-09 07:59:59 UTC,1786262399999,1786262399,0.00321,0.00313,5e-05,0.00304,0.00354,0.00304,50.0,2.59,5.18,LOSS,-2.59,-5.18,58
946,TACUSDT,LONG,2026-08-06 23:00:00 UTC,1786057200000,1786057200,2026-08-09 07:59:59 UTC,1786262399999,1786262399,0.0032,0.00313,4e-05,0.00304,0.00352,0.00304,50.0,2.46,4.93,LOSS,-2.46,-4.93,57
947,TACUSDT,LONG,2026-08-07 00:00:00 UTC,1786060800000,1786060800,2026-08-09 07:59:59 UTC,1786262399999,1786262399,0.0032,0.00313,4e-05,0.00305,0.00352,0.00305,50.0,2.46,4.91,LOSS,-2.46,-4.91,56
948,TACUSDT,LONG,2026-08-07 01:00:00 UTC,1786064400000,1786064400,2026-08-09 07:59:59 UTC,1786262399999,1786262399,0.00327,0.00313,4e-05,0.00304,0.00371,0.00304,50.0,3.43,6.87,LOSS,-3.43,-6.87,55
949,TACUSDT,LONG,2026-08-07 02:00:00 UTC,1786068000000,1786068000,2026-08-09 07:59:59 UTC,1786262399999,1786262399,0.00325,0.00313,5e-05,0.00304,0.00368,0.00304,50.0,3.27,6.55,LOSS,-3.27,-6.55,54
950,TACUSDT,LONG,2026-08-07 03:00:00 UTC,1786071600000,1786071600,2026-08-09 07:59:59 UTC,1786262399999,1786262399,0.00325,0.00313,4e-05,0.00304,0.00366,0.00304,50.0,3.16,6.32,LOSS,-3.16,-6.32,53
951,TACUSDT,LONG,2026-08-07 04:00:00 UTC,1786075200000,1786075200,2026-08-09 07:59:59 UTC,1786262399999,1786262399,0.00324,0.00313,5e-05,0.00304,0.00363,0.00304,50.0,3.06,6.12,LOSS,-3.06,-6.12,52
952,TACUSDT,LONG,2026-08-07 05:00:00 UTC,1786078800000,1786078800,2026-08-09 07:59:59 UTC,1786262399999,1786262399,0.00322,0.00313,5e-05,0.00304,0.00357,0.00304,50.0,2.75,5.49,LOSS,-2.75,-5.49,51
953,TACUSDT,LONG,2026-08-07 06:00:00 UTC,1786082400000,1786082400,2026-08-09 07:59:59 UTC,1786262399999,1786262399,0.00321,0.00313,4e-05,0.00304,0.00354,0.00304,50.0,2.59,5.19,LOSS,-2.59,-5.19,50
954,TACUSDT,LONG,2026-08-07 07:00:00 UTC,1786086000000,1786086000,2026-08-09 07:59:59 UTC,1786262399999,1786262399,0.00322,0.00313,4e-05,0.00304,0.00356,0.00304,50.0,2.68,5.36,LOSS,-2.68,-5.36,49
955,TACUSDT,LONG,2026-08-07 08:00:00 UTC,1786089600000,1786089600,2026-08-09 07:59:59 UTC,1786262399999,1786262399,0.00327,0.00313,4e-05,0.00304,0.00373,0.00304,50.0,3.5,7.0,LOSS,-3.5,-7.0,48
956,TACUSDT,LONG,2026-08-07 09:00:00 UTC,1786093200000,1786093200,2026-08-09 07:59:59 UTC,1786262399999,1786262399,0.00325,0.00313,5e-05,0.00304,0.00367,0.00304,50.0,3.23,6.46,LOSS,-3.23,-6.46,47
957,TACUSDT,LONG,2026-08-07 10:00:00 UTC,1786096800000,1786096800,2026-08-09 07:59:59 UTC,1786262399999,1786262399,0.00322,0.00313,5e-05,0.00304,0.00359,0.00304,50.0,2.85,5.7,LOSS,-2.85,-5.7,46
958,TACUSDT,LONG,2026-08-07 11:00:00 UTC,1786100400000,1786100400,2026-08-09 07:59:59 UTC,1786262399999,1786262399,0.00323,0.00313,5e-05,0.00304,0.0036,0.00304,50.0,2.91,5.82,LOSS,-2.91,-5.82,45
959,TACUSDT,LONG,2026-08-07 12:00:00 UTC,1786104000000,1786104000,2026-08-09 07:59:59 UTC,1786262399999,1786262399,0.00324,0.00313,5e-05,0.00304,0.00363,0.00304,50.0,3.03,6.06,LOSS,-3.03,-6.06,44
960,TACUSDT,LONG,2026-08-07 13:00:00 UTC,1786107600000,1786107600,2026-08-09 07:59:59 UTC,1786262399999,1786262399,0.00323,0.00313,4e-05,0.00304,0.0036,0.00304,50.0,2.87,5.73,LOSS,-2.87,-5.73,43
961,TACUSDT,LONG,2026-08-07 14:00:00 UTC,1786111200000,1786111200,2026-08-09 07:59:59 UTC,1786262399999,1786262399,0.00324,0.00313,4e-05,0.00304,0.00364,0.00304,50.0,3.06,6.13,LOSS,-3.06,-6.13,42
962,TACUSDT,LONG,2026-08-07 15:00:00 UTC,1786114800000,1786114800,2026-08-09 07:59:59 UTC,1786262399999,1786262399,0.00318,0.00313,5e-05,0.00304,0.00347,0.00304,50.0,2.27,4.54,LOSS,-2.27,-4.54,41
963,TACUSDT,LONG,2026-08-07 16:00:00 UTC,1786118400000,1786118400,2026-08-09 07:59:59 UTC,1786262399999,1786262399,0.00319,0.00313,5e-05,0.00304,0.00349,0.00304,50.0,2.36,4.72,LOSS,-2.36,-4.72,40
964,TACUSDT,LONG,2026-08-07 17:00:00 UTC,1786122000000,1786122000,2026-08-10 15:59:59 UTC,1786377599999,1786377599,0.0031,0.00309,5e-05,0.00299,0.00333,0.00299,50.0,1.81,3.61,LOSS,-1.81,-3.61,71
965,TACUSDT,LONG,2026-08-07 18:00:00 UTC,1786125600000,1786125600,2026-08-10 15:59:59 UTC,1786377599999,1786377599,0.0031,0.00308,5e-05,0.00298,0.00333,0.00298,50.0,1.89,3.78,LOSS,-1.89,-3.78,70
966,TACUSDT,LONG,2026-08-07 19:00:00 UTC,1786129200000,1786129200,2026-08-10 15:59:59 UTC,1786377599999,1786377599,0.00313,0.00308,5e-05,0.00298,0.00342,0.00298,50.0,2.35,4.71,LOSS,-2.35,-4.71,69
967,TACUSDT,LONG,2026-08-07 20:00:00 UTC,1786132800000,1786132800,2026-08-10 15:59:59 UTC,1786377599999,1786377599,0.00314,0.00308,5e-05,0.00298,0.00345,0.00298,50.0,2.47,4.94,LOSS,-2.47,-4.94,68
968,TACUSDT,LONG,2026-08-07 21:00:00 UTC,1786136400000,1786136400,2026-08-10 15:59:59 UTC,1786377599999,1786377599,0.00314,0.00308,5e-05,0.00299,0.00343,0.00299,50.0,2.37,4.74,LOSS,-2.37,-4.74,67
969,TACUSDT,LONG,2026-08-07 22:00:00 UTC,1786140000000,1786140000,2026-08-10 15:59:59 UTC,1786377599999,1786377599,0.00314,0.00308,4e-05,0.00299,0.00345,0.00299,50.0,2.43,4.85,LOSS,-2.43,-4.85,66
970,TACUSDT,LONG,2026-08-07 23:00:00 UTC,1786143600000,1786143600,2026-08-10 15:59:59 UTC,1786377599999,1786377599,0.00315,0.00308,5e-05,0.00299,0.00346,0.00299,50.0,2.5,5.0,LOSS,-2.5,-5.0,65
971,TACUSDT,LONG,2026-08-08 00:00:00 UTC,1786147200000,1786147200,2026-08-10 15:59:59 UTC,1786377599999,1786377599,0.00316,0.00308,4e-05,0.00299,0.0035,0.00299,50.0,2.66,5.32,LOSS,-2.66,-5.32,64
972,TACUSDT,LONG,2026-08-08 01:00:00 UTC,1786150800000,1786150800,2026-08-10 15:59:59 UTC,1786377599999,1786377599,0.00312,0.00308,4e-05,0.00299,0.00336,0.00299,50.0,1.98,3.96,LOSS,-1.98,-3.96,63
973,TACUSDT,LONG,2026-08-08 02:00:00 UTC,1786154400000,1786154400,2026-08-10 15:59:59 UTC,1786377599999,1786377599,0.00317,0.00308,5e-05,0.00299,0.00352,0.00299,50.0,2.82,5.65,LOSS,-2.82,-5.65,62
974,TACUSDT,LONG,2026-08-08 03:00:00 UTC,1786158000000,1786158000,2026-08-10 15:59:59 UTC,1786377599999,1786377599,0.00318,0.00308,5e-05,0.00299,0.00357,0.00299,50.0,3.03,6.07,LOSS,-3.03,-6.07,61
975,TACUSDT,LONG,2026-08-08 04:00:00 UTC,1786161600000,1786161600,2026-08-10 15:59:59 UTC,1786377599999,1786377599,0.00317,0.00308,5e-05,0.00299,0.00353,0.00299,50.0,2.82,5.64,LOSS,-2.82,-5.64,60
976,TACUSDT,LONG,2026-08-08 05:00:00 UTC,1786165200000,1786165200,2026-08-10 15:59:59 UTC,1786377599999,1786377599,0.00317,0.00308,4e-05,0.00299,0.00353,0.00299,50.0,2.82,5.64,LOSS,-2.82,-5.64,59
977,TACUSDT,LONG,2026-08-08 06:00:00 UTC,1786168800000,1786168800,2026-08-10 15:59:59 UTC,1786377599999,1786377599,0.00317,0.00308,4e-05,0.00299,0.00351,0.00299,50.0,2.71,5.42,LOSS,-2.71,-5.42,58
978,TACUSDT,LONG,2026-08-08 07:00:00 UTC,1786172400000,1786172400,2026-08-10 15:59:59 UTC,1786377599999,1786377599,0.0032,0.00308,4e-05,0.00299,0.00361,0.00299,50.0,3.23,6.47,LOSS,-3.23,-6.47,57
979,TACUSDT,LONG,2026-08-08 08:00:00 UTC,1786176000000,1786176000,2026-08-10 15:59:59 UTC,1786377599999,1786377599,0.00318,0.00308,4e-05,0.00299,0.00356,0.00299,50.0,2.97,5.93,LOSS,-2.97,-5.93,56
980,TACUSDT,LONG,2026-08-08 09:00:00 UTC,1786179600000,1786179600,2026-08-10 15:59:59 UTC,1786377599999,1786377599,0.00318,0.00308,4e-05,0.003,0.00356,0.003,50.0,2.96,5.91,LOSS,-2.96,-5.91,55
981,TACUSDT,LONG,2026-08-08 10:00:00 UTC,1786183200000,1786183200,2026-08-10 15:59:59 UTC,1786377599999,1786377599,0.00318,0.00308,4e-05,0.003,0.00355,0.003,50.0,2.88,5.75,LOSS,-2.88,-5.75,54
982,TACUSDT,LONG,2026-08-08 11:00:00 UTC,1786186800000,1786186800,2026-08-10 15:59:59 UTC,1786377599999,1786377599,0.00319,0.00308,4e-05,0.003,0.00359,0.003,50.0,3.07,6.13,LOSS,-3.07,-6.13,53
983,TACUSDT,LONG,2026-08-08 12:00:00 UTC,1786190400000,1786190400,2026-08-10 15:59:59 UTC,1786377599999,1786377599,0.00318,0.00308,4e-05,0.003,0.00353,0.003,50.0,2.81,5.61,LOSS,-2.81,-5.61,52
984,TACUSDT,LONG,2026-08-08 13:00:00 UTC,1786194000000,1786194000,2026-08-10 15:59:59 UTC,1786377599999,1786377599,0.00315,0.00308,4e-05,0.003,0.00346,0.003,50.0,2.43,4.85,LOSS,-2.43,-4.85,51
985,TACUSDT,LONG,2026-08-08 14:00:00 UTC,1786197600000,1786197600,2026-08-10 15:59:59 UTC,1786377599999,1786377599,0.00317,0.00308,4e-05,0.003,0.00351,0.003,50.0,2.68,5.37,LOSS,-2.68,-5.37,50
986,TACUSDT,LONG,2026-08-08 15:00:00 UTC,1786201200000,1786201200,2026-08-10 15:59:59 UTC,1786377599999,1786377599,0.00316,0.00308,4e-05,0.003,0.00349,0.003,50.0,2.55,5.1,LOSS,-2.55,-5.1,49
987,TACUSDT,LONG,2026-08-08 16:00:00 UTC,1786204800000,1786204800,2026-08-10 15:59:59 UTC,1786377599999,1786377599,0.00317,0.00308,4e-05,0.003,0.00351,0.003,50.0,2.68,5.37,LOSS,-2.68,-5.37,48
988,TACUSDT,LONG,2026-08-08 17:00:00 UTC,1786208400000,1786208400,2026-08-10 15:59:59 UTC,1786377599999,1786377599,0.00319,0.00308,4e-05,0.003,0.00356,0.003,50.0,2.88,5.76,LOSS,-2.88,-5.76,47
989,TACUSDT,LONG,2026-08-08 18:00:00 UTC,1786212000000,1786212000,2026-08-10 15:59:59 UTC,1786377599999,1786377599,0.00319,0.00308,4e-05,0.00301,0.00356,0.00301,50.0,2.89,5.78,LOSS,-2.89,-5.78,46
990,TACUSDT,LONG,2026-08-08 19:00:00 UTC,1786215600000,1786215600,2026-08-10 15:59:59 UTC,1786377599999,1786377599,0.00318,0.00308,4e-05,0.00301,0.00353,0.00301,50.0,2.7,5.41,LOSS,-2.7,-5.41,45
991,TACUSDT,LONG,2026-08-08 20:00:00 UTC,1786219200000,1786219200,2026-08-10 15:59:59 UTC,1786377599999,1786377599,0.00318,0.00308,3e-05,0.00301,0.00352,0.00301,50.0,2.67,5.35,LOSS,-2.67,-5.35,44
992,TACUSDT,LONG,2026-08-08 21:00:00 UTC,1786222800000,1786222800,2026-08-10 15:59:59 UTC,1786377599999,1786377599,0.00317,0.00308,3e-05,0.00301,0.00348,0.00301,50.0,2.43,4.87,LOSS,-2.43,-4.87,43
993,TACUSDT,LONG,2026-08-08 22:00:00 UTC,1786226400000,1786226400,2026-08-10 15:59:59 UTC,1786377599999,1786377599,0.00315,0.00308,3e-05,0.00301,0.00342,0.00301,50.0,2.14,4.29,LOSS,-2.14,-4.29,42
994,TACUSDT,LONG,2026-08-08 23:00:00 UTC,1786230000000,1786230000,2026-08-10 15:59:59 UTC,1786377599999,1786377599,0.00317,0.00308,3e-05,0.00301,0.00347,0.00301,50.0,2.42,4.84,LOSS,-2.42,-4.84,41
995,TACUSDT,LONG,2026-08-09 00:00:00 UTC,1786233600000,1786233600,2026-08-10 15:59:59 UTC,1786377599999,1786377599,0.00313,0.00308,3e-05,0.00301,0.00337,0.00301,50.0,1.89,3.78,LOSS,-1.89,-3.78,40
996,TACUSDT,LONG,2026-08-09 01:00:00 UTC,1786237200000,1786237200,2026-08-10 15:59:59 UTC,1786377599999,1786377599,0.00323,0.00308,4e-05,0.003,0.00368,0.003,50.0,3.52,7.05,LOSS,-3.52,-7.05,39
997,TACUSDT,LONG,2026-08-09 02:00:00 UTC,1786240800000,1786240800,2026-08-10 15:59:59 UTC,1786377599999,1786377599,0.00319,0.00308,4e-05,0.00299,0.00358,0.00299,50.0,3.07,6.15,LOSS,-3.07,-6.15,38
998,TACUSDT,LONG,2026-08-09 03:00:00 UTC,1786244400000,1786244400,2026-08-10 15:59:59 UTC,1786377599999,1786377599,0.00317,0.00308,4e-05,0.00299,0.00351,0.00299,50.0,2.74,5.47,LOSS,-2.74,-5.47,37
999,TACUSDT,LONG,2026-08-09 04:00:00 UTC,1786248000000,1786248000,2026-08-10 15:59:59 UTC,1786377599999,1786377599,0.00316,0.00308,4e-05,0.003,0.00348,0.003,50.0,2.55,5.09,LOSS,-2.55,-5.09,36
1000,TACUSDT,LONG,2026-08-09 05:00:00 UTC,1786251600000,1786251600,2026-08-10 15:59:59 UTC,1786377599999,1786377599,0.00315,0.00308,4e-05,0.003,0.00347,0.003,50.0,2.5,5.0,LOSS,-2.5,-5.0,35
1001,TACUSDT,LONG,2026-08-09 06:00:00 UTC,1786255200000,1786255200,2026-08-10 15:59:59 UTC,1786377599999,1786377599,0.00316,0.00308,4e-05,0.003,0.00349,0.003,50.0,2.59,5.19,LOSS,-2.59,-5.19,34
1002,TACUSDT,LONG,2026-08-09 07:00:00 UTC,1786258800000,1786258800,2026-08-10 15:59:59 UTC,1786377599999,1786377599,0.00315,0.00308,4e-05,0.003,0.00345,0.003,50.0,2.41,4.82,LOSS,-2.41,-4.82,33
1003,TACUSDT,LONG,2026-08-09 08:00:00 UTC,1786262400000,1786262400,2026-08-11 07:59:59 UTC,1786435199999,1786435199,0.00305,0.00302,5e-05,0.00293,0.00329,0.00293,50.0,1.98,3.96,LOSS,-1.98,-3.96,48
1004,TACUSDT,LONG,2026-08-09 09:00:00 UTC,1786266000000,1786266000,2026-08-11 07:59:59 UTC,1786435199999,1786435199,0.0031,0.00302,5e-05,0.00292,0.00344,0.00292,50.0,2.81,5.62,LOSS,-2.81,-5.62,47
1005,TACUSDT,LONG,2026-08-09 10:00:00 UTC,1786269600000,1786269600,2026-08-11 07:59:59 UTC,1786435199999,1786435199,0.00311,0.00302,5e-05,0.00292,0.00347,0.00292,50.0,2.94,5.89,LOSS,-2.94,-5.89,46
1006,TACUSDT,LONG,2026-08-09 11:00:00 UTC,1786273200000,1786273200,2026-08-11 06:59:59 UTC,1786431599999,1786431599,0.00309,0.00302,5e-05,0.00293,0.00342,0.00293,50.0,2.64,5.28,LOSS,-2.64,-5.28,44
1007,TACUSDT,LONG,2026-08-09 12:00:00 UTC,1786276800000,1786276800,2026-08-11 06:59:59 UTC,1786431599999,1786431599,0.00308,0.00302,5e-05,0.00293,0.00337,0.00293,50.0,2.4,4.79,LOSS,-2.4,-4.79,43
1008,TACUSDT,LONG,2026-08-09 13:00:00 UTC,1786280400000,1786280400,2026-08-11 06:59:59 UTC,1786431599999,1786431599,0.00307,0.00302,4e-05,0.00293,0.00333,0.00293,50.0,2.18,4.37,LOSS,-2.18,-4.37,42
1009,TACUSDT,LONG,2026-08-09 14:00:00 UTC,1786284000000,1786284000,2026-08-11 06:59:59 UTC,1786431599999,1786431599,0.00309,0.00302,4e-05,0.00293,0.00339,0.00293,50.0,2.5,5.0,LOSS,-2.5,-5.0,41
1010,TACUSDT,LONG,2026-08-09 15:00:00 UTC,1786287600000,1786287600,2026-08-11 06:59:59 UTC,1786431599999,1786431599,0.00307,0.00302,4e-05,0.00293,0.00335,0.00293,50.0,2.28,4.56,LOSS,-2.28,-4.56,40
1011,TACUSDT,LONG,2026-08-09 16:00:00 UTC,1786291200000,1786291200,2026-08-11 06:59:59 UTC,1786431599999,1786431599,0.00306,0.00302,4e-05,0.00293,0.00332,0.00293,50.0,2.12,4.24,LOSS,-2.12,-4.24,39
1012,TACUSDT,LONG,2026-08-09 17:00:00 UTC,1786294800000,1786294800,2026-08-11 06:59:59 UTC,1786431599999,1786431599,0.00306,0.00302,4e-05,0.00293,0.0033,0.00293,50.0,2.02,4.05,LOSS,-2.02,-4.05,38
1013,TACUSDT,LONG,2026-08-09 18:00:00 UTC,1786298400000,1786298400,2026-08-11 06:59:59 UTC,1786431599999,1786431599,0.00306,0.00302,4e-05,0.00294,0.0033,0.00294,50.0,2.0,3.99,LOSS,-2.0,-3.99,37
1014,TACUSDT,LONG,2026-08-09 19:00:00 UTC,1786302000000,1786302000,2026-08-11 06:59:59 UTC,1786431599999,1786431599,0.00307,0.00302,4e-05,0.00294,0.00332,0.00294,50.0,2.08,4.16,LOSS,-2.08,-4.16,36
1015,TACUSDT,LONG,2026-08-09 20:00:00 UTC,1786305600000,1786305600,2026-08-11 06:59:59 UTC,1786431599999,1786431599,0.00306,0.00302,4e-05,0.00294,0.0033,0.00294,50.0,1.97,3.94,LOSS,-1.97,-3.94,35
1016,TACUSDT,LONG,2026-08-09 21:00:00 UTC,1786309200000,1786309200,2026-08-11 06:59:59 UTC,1786431599999,1786431599,0.00305,0.00302,4e-05,0.00294,0.00326,0.00294,50.0,1.73,3.46,LOSS,-1.73,-3.46,34
1017,TACUSDT,LONG,2026-08-09 22:00:00 UTC,1786312800000,1786312800,2026-08-11 06:59:59 UTC,1786431599999,1786431599,0.00306,0.00302,4e-05,0.00294,0.00329,0.00294,50.0,1.89,3.78,LOSS,-1.89,-3.78,33
1018,TACUSDT,LONG,2026-08-09 23:00:00 UTC,1786316400000,1786316400,2026-08-11 06:59:59 UTC,1786431599999,1786431599,0.00307,0.00302,4e-05,0.00295,0.00332,0.00295,50.0,2.03,4.07,LOSS,-2.03,-4.07,32
1019,TACUSDT,LONG,2026-08-10 00:00:00 UTC,1786320000000,1786320000,2026-08-11 06:59:59 UTC,1786431599999,1786431599,0.00306,0.00302,4e-05,0.00294,0.00329,0.00294,50.0,1.87,3.75,LOSS,-1.87,-3.75,31
1020,TACUSDT,LONG,2026-08-10 01:00:00 UTC,1786323600000,1786323600,2026-08-11 06:59:59 UTC,1786431599999,1786431599,0.00307,0.00302,4e-05,0.00294,0.00332,0.00294,50.0,2.04,4.07,LOSS,-2.04,-4.07,30
1021,TACUSDT,LONG,2026-08-10 02:00:00 UTC,1786327200000,1786327200,2026-08-11 06:59:59 UTC,1786431599999,1786431599,0.00307,0.00302,4e-05,0.00294,0.00332,0.00294,50.0,2.02,4.04,LOSS,-2.02,-4.04,29
1022,TACUSDT,LONG,2026-08-10 03:00:00 UTC,1786330800000,1786330800,2026-08-11 06:59:59 UTC,1786431599999,1786431599,0.00305,0.00302,4e-05,0.00294,0.00326,0.00294,50.0,1.73,3.47,LOSS,-1.73,-3.47,28
1023,TACUSDT,LONG,2026-08-10 04:00:00 UTC,1786334400000,1786334400,2026-08-11 06:59:59 UTC,1786431599999,1786431599,0.00306,0.00302,4e-05,0.00295,0.00329,0.00295,50.0,1.87,3.74,LOSS,-1.87,-3.74,27
1024,TACUSDT,LONG,2026-08-10 05:00:00 UTC,1786338000000,1786338000,2026-08-11 06:59:59 UTC,1786431599999,1786431599,0.00306,0.00302,4e-05,0.00295,0.00328,0.00295,50.0,1.79,3.57,LOSS,-1.79,-3.57,26
1025,TACUSDT,LONG,2026-08-10 06:00:00 UTC,1786341600000,1786341600,2026-08-11 05:59:59 UTC,1786427999999,1786427999,0.00305,0.00302,4e-05,0.00295,0.00326,0.00295,50.0,1.71,3.42,LOSS,-1.71,-3.42,24
1026,TACUSDT,LONG,2026-08-10 07:00:00 UTC,1786345200000,1786345200,2026-08-11 05:59:59 UTC,1786427999999,1786427999,0.00307,0.00302,3e-05,0.00295,0.0033,0.00295,50.0,1.89,3.77,LOSS,-1.89,-3.77,23
1027,TACUSDT,LONG,2026-08-10 08:00:00 UTC,1786348800000,1786348800,2026-08-11 05:59:59 UTC,1786427999999,1786427999,0.00306,0.00302,4e-05,0.00295,0.00328,0.00295,50.0,1.82,3.63,LOSS,-1.82,-3.63,22
1028,TACUSDT,LONG,2026-08-10 09:00:00 UTC,1786352400000,1786352400,2026-08-11 06:59:59 UTC,1786431599999,1786431599,0.0031,0.00302,4e-05,0.00295,0.0034,0.00295,50.0,2.41,4.83,LOSS,-2.41,-4.83,22
1029,TACUSDT,LONG,2026-08-10 10:00:00 UTC,1786356000000,1786356000,2026-08-11 06:59:59 UTC,1786431599999,1786431599,0.00309,0.00302,4e-05,0.00295,0.00337,0.00295,50.0,2.26,4.52,LOSS,-2.26,-4.52,21
1030,TACUSDT,LONG,2026-08-10 11:00:00 UTC,1786359600000,1786359600,2026-08-11 06:59:59 UTC,1786431599999,1786431599,0.00313,0.00302,4e-05,0.00294,0.00349,0.00294,50.0,2.91,5.82,LOSS,-2.91,-5.82,20
1031,TACUSDT,LONG,2026-08-10 12:00:00 UTC,1786363200000,1786363200,2026-08-11 06:59:59 UTC,1786431599999,1786431599,0.00314,0.00302,4e-05,0.00294,0.00353,0.00294,50.0,3.1,6.19,LOSS,-3.1,-6.19,19
1032,TACUSDT,LONG,2026-08-10 13:00:00 UTC,1786366800000,1786366800,2026-08-11 06:59:59 UTC,1786431599999,1786431599,0.00313,0.00302,4e-05,0.00294,0.00351,0.00294,50.0,3.01,6.02,LOSS,-3.01,-6.02,18
1033,TACUSDT,LONG,2026-08-10 14:00:00 UTC,1786370400000,1786370400,2026-08-11 06:59:59 UTC,1786431599999,1786431599,0.0031,0.00302,4e-05,0.00294,0.00341,0.00294,50.0,2.54,5.09,LOSS,-2.54,-5.09,17
1034,TACUSDT,LONG,2026-08-10 15:00:00 UTC,1786374000000,1786374000,2026-08-11 06:59:59 UTC,1786431599999,1786431599,0.00305,0.00302,4e-05,0.00294,0.00329,0.00294,50.0,1.92,3.85,LOSS,-1.92,-3.85,16
1035,TACUSDT,LONG,2026-08-10 16:00:00 UTC,1786377600000,1786377600,2026-08-11 09:59:59 UTC,1786442399999,1786442399,0.00305,0.00296,5e-05,0.00286,0.00341,0.00286,50.0,2.99,5.99,LOSS,-2.99,-5.99,18
1036,TACUSDT,LONG,2026-08-10 17:00:00 UTC,1786381200000,1786381200,2026-08-11 17:59:59 UTC,1786471199999,1786471199,0.00299,0.00296,5e-05,0.00286,0.00325,0.00286,50.0,2.18,4.36,LOSS,-2.18,-4.36,25
1037,TACUSDT,LONG,2026-08-10 18:00:00 UTC,1786384800000,1786384800,2026-08-11 17:59:59 UTC,1786471199999,1786471199,0.003,0.00296,5e-05,0.00286,0.00329,0.00286,50.0,2.36,4.72,LOSS,-2.36,-4.72,24
1038,TACUSDT,LONG,2026-08-10 19:00:00 UTC,1786388400000,1786388400,2026-08-11 17:59:59 UTC,1786471199999,1786471199,0.00299,0.00296,5e-05,0.00286,0.00325,0.00286,50.0,2.19,4.39,LOSS,-2.19,-4.39,23
1039,TACUSDT,LONG,2026-08-10 20:00:00 UTC,1786392000000,1786392000,2026-08-11 17:59:59 UTC,1786471199999,1786471199,0.00301,0.00296,5e-05,0.00286,0.00332,0.00286,50.0,2.6,5.19,LOSS,-2.6,-5.19,22
1040,TACUSDT,LONG,2026-08-10 21:00:00 UTC,1786395600000,1786395600,2026-08-11 17:59:59 UTC,1786471199999,1786471199,0.00302,0.00296,5e-05,0.00286,0.00335,0.00286,50.0,2.72,5.43,LOSS,-2.72,-5.43,21
1041,TACUSDT,LONG,2026-08-10 22:00:00 UTC,1786399200000,1786399200,2026-08-11 17:59:59 UTC,1786471199999,1786471199,0.00302,0.00296,5e-05,0.00286,0.00334,0.00286,50.0,2.64,5.28,LOSS,-2.64,-5.28,20
1042,TACUSDT,LONG,2026-08-10 23:00:00 UTC,1786402800000,1786402800,2026-08-11 17:59:59 UTC,1786471199999,1786471199,0.00303,0.00296,5e-05,0.00286,0.00337,0.00286,50.0,2.82,5.63,LOSS,-2.82,-5.63,19
1043,TACUSDT,LONG,2026-08-11 00:00:00 UTC,1786406400000,1786406400,2026-08-11 17:59:59 UTC,1786471199999,1786471199,0.00299,0.00296,5e-05,0.00286,0.00326,0.00286,50.0,2.24,4.49,LOSS,-2.24,-4.49,18
1044,TACUSDT,LONG,2026-08-11 01:00:00 UTC,1786410000000,1786410000,2026-08-11 09:59:59 UTC,1786442399999,1786442399,0.003,0.00296,5e-05,0.00286,0.00326,0.00286,50.0,2.21,4.41,LOSS,-2.21,-4.41,9
1045,TACUSDT,LONG,2026-08-11 02:00:00 UTC,1786413600000,1786413600,2026-08-11 09:59:59 UTC,1786442399999,1786442399,0.00299,0.00296,5e-05,0.00287,0.00325,0.00287,50.0,2.13,4.27,LOSS,-2.13,-4.27,8
1046,TACUSDT,LONG,2026-08-11 03:00:00 UTC,1786417200000,1786417200,2026-08-11 08:59:59 UTC,1786438799999,1786438799,0.00298,0.00296,4e-05,0.00287,0.00319,0.00287,50.0,1.77,3.55,LOSS,-1.77,-3.55,6
1047,TACUSDT,LONG,2026-08-11 04:00:00 UTC,1786420800000,1786420800,2026-08-11 08:59:59 UTC,1786438799999,1786438799,0.00298,0.00296,4e-05,0.00287,0.0032,0.00287,50.0,1.82,3.64,LOSS,-1.82,-3.64,5
1048,TACUSDT,LONG,2026-08-11 05:00:00 UTC,1786424400000,1786424400,2026-08-11 08:59:59 UTC,1786438799999,1786438799,0.00298,0.00296,4e-05,0.00288,0.00318,0.00288,50.0,1.71,3.42,LOSS,-1.71,-3.42,4
1049,TACUSDT,LONG,2026-08-11 06:00:00 UTC,1786428000000,1786428000,2026-08-11 09:59:59 UTC,1786442399999,1786442399,0.00295,0.00295,4e-05,0.00287,0.00313,0.00287,50.0,1.47,2.94,LOSS,-1.47,-2.94,4
1050,TACUSDT,LONG,2026-08-11 07:00:00 UTC,1786431600000,1786431600,2026-08-11 17:59:59 UTC,1786471199999,1786471199,0.00294,0.00293,4e-05,0.00284,0.00313,0.00284,50.0,1.65,3.3,LOSS,-1.65,-3.3,11
1051,TACUSDT,LONG,2026-08-11 08:00:00 UTC,1786435200000,1786435200,2026-08-13 15:59:59 UTC,1786636799999,1786636799,0.00291,0.00289,4e-05,0.0028,0.00312,0.0028,50.0,1.8,3.61,LOSS,-1.8,-3.61,56
1052,TACUSDT,LONG,2026-08-11 09:00:00 UTC,1786438800000,1786438800,2026-08-13 15:59:59 UTC,1786636799999,1786636799,0.00287,0.00287,4e-05,0.00278,0.00307,0.00278,50.0,1.66,3.32,LOSS,-1.66,-3.32,55
1053,TACUSDT,LONG,2026-08-11 10:00:00 UTC,1786442400000,1786442400,2026-08-13 15:59:59 UTC,1786636799999,1786636799,0.00291,0.00286,4e-05,0.00278,0.00318,0.00278,50.0,2.31,4.62,LOSS,-2.31,-4.62,54
1054,TACUSDT,LONG,2026-08-11 11:00:00 UTC,1786446000000,1786446000,2026-08-13 15:59:59 UTC,1786636799999,1786636799,0.00294,0.00286,5e-05,0.00277,0.00328,0.00277,50.0,2.88,5.76,LOSS,-2.88,-5.76,53
1055,TACUSDT,LONG,2026-08-11 12:00:00 UTC,1786449600000,1786449600,2026-08-13 15:59:59 UTC,1786636799999,1786636799,0.00297,0.00286,5e-05,0.00277,0.00338,0.00277,50.0,3.4,6.8,LOSS,-3.4,-6.8,52
1056,TACUSDT,LONG,2026-08-11 13:00:00 UTC,1786453200000,1786453200,2026-08-13 15:59:59 UTC,1786636799999,1786636799,0.00297,0.00286,5e-05,0.00277,0.00335,0.00277,50.0,3.25,6.51,LOSS,-3.25,-6.51,51
1057,TACUSDT,LONG,2026-08-11 14:00:00 UTC,1786456800000,1786456800,2026-08-13 15:59:59 UTC,1786636799999,1786636799,0.00294,0.00286,5e-05,0.00277,0.00328,0.00277,50.0,2.88,5.76,LOSS,-2.88,-5.76,50
1058,TACUSDT,LONG,2026-08-11 15:00:00 UTC,1786460400000,1786460400,2026-08-13 15:59:59 UTC,1786636799999,1786636799,0.00289,0.00286,5e-05,0.00277,0.00314,0.00277,50.0,2.12,4.24,LOSS,-2.12,-4.24,49
1059,TACUSDT,LONG,2026-08-11 16:00:00 UTC,1786464000000,1786464000,2026-08-13 15:59:59 UTC,1786636799999,1786636799,0.00287,0.00286,5e-05,0.00277,0.00309,0.00277,50.0,1.84,3.67,LOSS,-1.84,-3.67,48
1060,TACUSDT,LONG,2026-08-11 17:00:00 UTC,1786467600000,1786467600,2026-08-13 15:59:59 UTC,1786636799999,1786636799,0.00287,0.00286,5e-05,0.00277,0.00307,0.00277,50.0,1.75,3.5,LOSS,-1.75,-3.5,47
1061,TACUSDT,LONG,2026-08-11 18:00:00 UTC,1786471200000,1786471200,2026-08-13 18:59:59 UTC,1786647599999,1786647599,0.00286,0.00282,5e-05,0.00272,0.00312,0.00272,50.0,2.33,4.67,LOSS,-2.33,-4.67,49
1062,TACUSDT,LONG,2026-08-11 19:00:00 UTC,1786474800000,1786474800,2026-08-13 18:59:59 UTC,1786647599999,1786647599,0.00285,0.00282,5e-05,0.00273,0.0031,0.00273,50.0,2.16,4.32,LOSS,-2.16,-4.32,48
1063,TACUSDT,LONG,2026-08-11 20:00:00 UTC,1786478400000,1786478400,2026-08-13 18:59:59 UTC,1786647599999,1786647599,0.00287,0.00282,5e-05,0.00273,0.00314,0.00273,50.0,2.38,4.77,LOSS,-2.38,-4.77,47
1064,TACUSDT,LONG,2026-08-11 21:00:00 UTC,1786482000000,1786482000,2026-08-13 16:59:59 UTC,1786640399999,1786640399,0.00287,0.00282,4e-05,0.00273,0.00314,0.00273,50.0,2.37,4.74,LOSS,-2.37,-4.74,44
1065,TACUSDT,LONG,2026-08-11 22:00:00 UTC,1786485600000,1786485600,2026-08-13 15:59:59 UTC,1786636799999,1786636799,0.00287,0.00282,4e-05,0.00274,0.00314,0.00274,50.0,2.33,4.66,LOSS,-2.33,-4.66,42
1066,TACUSDT,LONG,2026-08-11 23:00:00 UTC,1786489200000,1786489200,2026-08-13 15:59:59 UTC,1786636799999,1786636799,0.00288,0.00282,4e-05,0.00274,0.00317,0.00274,50.0,2.49,4.99,LOSS,-2.49,-4.99,41
1067,TACUSDT,LONG,2026-08-12 00:00:00 UTC,1786492800000,1786492800,2026-08-13 15:59:59 UTC,1786636799999,1786636799,0.00291,0.00282,4e-05,0.00274,0.00324,0.00274,50.0,2.85,5.7,LOSS,-2.85,-5.7,40
1068,TACUSDT,LONG,2026-08-12 01:00:00 UTC,1786496400000,1786496400,2026-08-13 15:59:59 UTC,1786636799999,1786636799,0.00294,0.00282,4e-05,0.00274,0.00334,0.00274,50.0,3.43,6.85,LOSS,-3.43,-6.85,39
1069,TACUSDT,LONG,2026-08-12 02:00:00 UTC,1786500000000,1786500000,2026-08-13 15:59:59 UTC,1786636799999,1786636799,0.00295,0.00282,4e-05,0.00274,0.00336,0.00274,50.0,3.53,7.06,LOSS,-3.53,-7.06,38
1070,TACUSDT,LONG,2026-08-12 03:00:00 UTC,1786503600000,1786503600,2026-08-13 15:59:59 UTC,1786636799999,1786636799,0.00294,0.00282,4e-05,0.00274,0.00335,0.00274,50.0,3.46,6.92,LOSS,-3.46,-6.92,37
1071,TACUSDT,LONG,2026-08-12 04:00:00 UTC,1786507200000,1786507200,2026-08-13 15:59:59 UTC,1786636799999,1786636799,0.00293,0.00282,4e-05,0.00274,0.00332,0.00274,50.0,3.29,6.58,LOSS,-3.29,-6.58,36
1072,TACUSDT,LONG,2026-08-12 05:00:00 UTC,1786510800000,1786510800,2026-08-13 15:59:59 UTC,1786636799999,1786636799,0.00293,0.00282,4e-05,0.00274,0.0033,0.00274,50.0,3.17,6.34,LOSS,-3.17,-6.34,35
1073,TACUSDT,LONG,2026-08-12 06:00:00 UTC,1786514400000,1786514400,2026-08-13 15:59:59 UTC,1786636799999,1786636799,0.00294,0.00282,4e-05,0.00274,0.00332,0.00274,50.0,3.27,6.54,LOSS,-3.27,-6.54,34
1074,TACUSDT,LONG,2026-08-12 07:00:00 UTC,1786518000000,1786518000,2026-08-13 15:59:59 UTC,1786636799999,1786636799,0.00291,0.00282,4e-05,0.00274,0.00325,0.00274,50.0,2.89,5.78,LOSS,-2.89,-5.78,33
1075,TACUSDT,LONG,2026-08-12 08:00:00 UTC,1786521600000,1786521600,2026-08-13 15:59:59 UTC,1786636799999,1786636799,0.00293,0.00282,4e-05,0.00275,0.00329,0.00275,50.0,3.1,6.2,LOSS,-3.1,-6.2,32
1076,TACUSDT,LONG,2026-08-12 09:00:00 UTC,1786525200000,1786525200,2026-08-13 15:59:59 UTC,1786636799999,1786636799,0.00293,0.00282,4e-05,0.00275,0.00328,0.00275,50.0,3.03,6.07,LOSS,-3.03,-6.07,31
1077,TACUSDT,LONG,2026-08-12 10:00:00 UTC,1786528800000,1786528800,2026-08-13 15:59:59 UTC,1786636799999,1786636799,0.00295,0.00282,4e-05,0.00275,0.00334,0.00275,50.0,3.38,6.76,LOSS,-3.38,-6.76,30
1078,TACUSDT,LONG,2026-08-12 11:00:00 UTC,1786532400000,1786532400,2026-08-13 15:59:59 UTC,1786636799999,1786636799,0.00296,0.00282,4e-05,0.00275,0.0034,0.00275,50.0,3.66,7.32,LOSS,-3.66,-7.32,29
1079,TACUSDT,LONG,2026-08-12 12:00:00 UTC,1786536000000,1786536000,2026-08-13 15:59:59 UTC,1786636799999,1786636799,0.00296,0.00282,4e-05,0.00275,0.00339,0.00275,50.0,3.61,7.22,LOSS,-3.61,-7.22,28
1080,TACUSDT,LONG,2026-08-12 13:00:00 UTC,1786539600000,1786539600,2026-08-13 15:59:59 UTC,1786636799999,1786636799,0.00294,0.00282,4e-05,0.00275,0.00333,0.00275,50.0,3.28,6.57,LOSS,-3.28,-6.57,27
1081,TACUSDT,LONG,2026-08-12 14:00:00 UTC,1786543200000,1786543200,2026-08-13 15:59:59 UTC,1786636799999,1786636799,0.00294,0.00282,4e-05,0.00275,0.00333,0.00275,50.0,3.26,6.51,LOSS,-3.26,-6.51,26
1082,TACUSDT,LONG,2026-08-12 15:00:00 UTC,1786546800000,1786546800,2026-08-13 15:59:59 UTC,1786636799999,1786636799,0.00293,0.00282,4e-05,0.00275,0.00328,0.00275,50.0,3.01,6.02,LOSS,-3.01,-6.02,25
1083,TACUSDT,LONG,2026-08-12 16:00:00 UTC,1786550400000,1786550400,2026-08-13 15:59:59 UTC,1786636799999,1786636799,0.00284,0.00282,4e-05,0.00274,0.00305,0.00274,50.0,1.79,3.58,LOSS,-1.79,-3.58,24
1084,TACUSDT,LONG,2026-08-12 17:00:00 UTC,1786554000000,1786554000,2026-08-13 15:59:59 UTC,1786636799999,1786636799,0.00285,0.00282,4e-05,0.00274,0.00307,0.00274,50.0,1.89,3.78,LOSS,-1.89,-3.78,23
1085,TACUSDT,LONG,2026-08-12 18:00:00 UTC,1786557600000,1786557600,2026-08-13 15:59:59 UTC,1786636799999,1786636799,0.00287,0.00282,4e-05,0.00274,0.00312,0.00274,50.0,2.19,4.38,LOSS,-2.19,-4.38,22
1086,TACUSDT,LONG,2026-08-12 19:00:00 UTC,1786561200000,1786561200,2026-08-13 15:59:59 UTC,1786636799999,1786636799,0.00286,0.00282,4e-05,0.00275,0.0031,0.00275,50.0,2.08,4.16,LOSS,-2.08,-4.16,21
1087,TACUSDT,LONG,2026-08-12 20:00:00 UTC,1786564800000,1786564800,2026-08-13 15:59:59 UTC,1786636799999,1786636799,0.00286,0.00282,4e-05,0.00275,0.00309,0.00275,50.0,1.99,3.97,LOSS,-1.99,-3.97,20
1088,TACUSDT,LONG,2026-08-12 21:00:00 UTC,1786568400000,1786568400,2026-08-13 15:59:59 UTC,1786636799999,1786636799,0.00285,0.00282,4e-05,0.00275,0.00306,0.00275,50.0,1.8,3.61,LOSS,-1.8,-3.61,19
1089,TACUSDT,LONG,2026-08-12 22:00:00 UTC,1786572000000,1786572000,2026-08-13 15:59:59 UTC,1786636799999,1786636799,0.00283,0.00282,4e-05,0.00275,0.00299,0.00275,50.0,1.38,2.76,LOSS,-1.38,-2.76,18
1090,TACUSDT,LONG,2026-08-12 23:00:00 UTC,1786575600000,1786575600,2026-08-13 15:59:59 UTC,1786636799999,1786636799,0.00284,0.00282,3e-05,0.00275,0.00302,0.00275,50.0,1.54,3.08,LOSS,-1.54,-3.08,17
1091,TACUSDT,LONG,2026-08-13 00:00:00 UTC,1786579200000,1786579200,2026-08-13 15:59:59 UTC,1786636799999,1786636799,0.00287,0.00282,3e-05,0.00275,0.00311,0.00275,50.0,2.1,4.19,LOSS,-2.1,-4.19,16
1092,TACUSDT,LONG,2026-08-13 01:00:00 UTC,1786582800000,1786582800,2026-08-13 15:59:59 UTC,1786636799999,1786636799,0.00288,0.00282,4e-05,0.00275,0.00313,0.00275,50.0,2.21,4.41,LOSS,-2.21,-4.41,15
1093,TACUSDT,LONG,2026-08-13 02:00:00 UTC,1786586400000,1786586400,2026-08-13 15:59:59 UTC,1786636799999,1786636799,0.00285,0.00282,4e-05,0.00275,0.00305,0.00275,50.0,1.74,3.47,LOSS,-1.74,-3.47,14
1094,TACUSDT,LONG,2026-08-13 03:00:00 UTC,1786590000000,1786590000,2026-08-13 15:59:59 UTC,1786636799999,1786636799,0.00286,0.00282,3e-05,0.00275,0.00306,0.00275,50.0,1.78,3.57,LOSS,-1.78,-3.57,13
1095,TACUSDT,LONG,2026-08-13 04:00:00 UTC,1786593600000,1786593600,2026-08-13 15:59:59 UTC,1786636799999,1786636799,0.00289,0.00282,3e-05,0.00275,0.00315,0.00275,50.0,2.3,4.6,LOSS,-2.3,-4.6,12
1096,TACUSDT,LONG,2026-08-13 05:00:00 UTC,1786597200000,1786597200,2026-08-13 15:59:59 UTC,1786636799999,1786636799,0.00289,0.00282,4e-05,0.00275,0.00318,0.00275,50.0,2.5,5.0,LOSS,-2.5,-5.0,11
1097,TACUSDT,LONG,2026-08-13 06:00:00 UTC,1786600800000,1786600800,2026-08-13 15:59:59 UTC,1786636799999,1786636799,0.00291,0.00282,4e-05,0.00275,0.00322,0.00275,50.0,2.7,5.39,LOSS,-2.7,-5.39,10
1098,TACUSDT,LONG,2026-08-13 07:00:00 UTC,1786604400000,1786604400,2026-08-13 15:59:59 UTC,1786636799999,1786636799,0.00289,0.00282,4e-05,0.00275,0.00317,0.00275,50.0,2.44,4.88,LOSS,-2.44,-4.88,9
1099,TACUSDT,LONG,2026-08-13 08:00:00 UTC,1786608000000,1786608000,2026-08-13 15:59:59 UTC,1786636799999,1786636799,0.00288,0.00282,4e-05,0.00275,0.00315,0.00275,50.0,2.3,4.6,LOSS,-2.3,-4.6,8
1100,TACUSDT,LONG,2026-08-13 09:00:00 UTC,1786611600000,1786611600,2026-08-13 15:59:59 UTC,1786636799999,1786636799,0.00288,0.00282,3e-05,0.00275,0.00315,0.00275,50.0,2.28,4.57,LOSS,-2.28,-4.57,7
1101,TACUSDT,LONG,2026-08-13 10:00:00 UTC,1786615200000,1786615200,2026-08-13 15:59:59 UTC,1786636799999,1786636799,0.00288,0.00282,3e-05,0.00275,0.00314,0.00275,50.0,2.21,4.43,LOSS,-2.21,-4.43,6
1102,TACUSDT,LONG,2026-08-13 11:00:00 UTC,1786618800000,1786618800,2026-08-13 15:59:59 UTC,1786636799999,1786636799,0.00288,0.00282,4e-05,0.00275,0.00313,0.00275,50.0,2.19,4.38,LOSS,-2.19,-4.38,5
1103,TACUSDT,LONG,2026-08-13 12:00:00 UTC,1786622400000,1786622400,2026-08-13 15:59:59 UTC,1786636799999,1786636799,0.00285,0.00282,4e-05,0.00275,0.00304,0.00275,50.0,1.72,3.45,LOSS,-1.72,-3.45,4
1104,TACUSDT,LONG,2026-08-13 13:00:00 UTC,1786626000000,1786626000,2026-08-13 15:59:59 UTC,1786636799999,1786636799,0.00285,0.00282,4e-05,0.00275,0.00306,0.00275,50.0,1.81,3.62,LOSS,-1.81,-3.62,3
1105,TACUSDT,LONG,2026-08-13 14:00:00 UTC,1786629600000,1786629600,2026-08-13 15:59:59 UTC,1786636799999,1786636799,0.00284,0.00282,4e-05,0.00275,0.00301,0.00275,50.0,1.54,3.08,LOSS,-1.54,-3.08,2
1106,TACUSDT,LONG,2026-08-13 15:00:00 UTC,1786633200000,1786633200,2026-08-13 15:59:59 UTC,1786636799999,1786636799,0.00283,0.00282,4e-05,0.00275,0.00301,0.00275,50.0,1.55,3.09,LOSS,-1.55,-3.09,1
1107,TACUSDT,LONG,2026-08-13 16:00:00 UTC,1786636800000,1786636800,2026-08-13 20:59:59 UTC,1786654799999,1786654799,0.00278,0.00274,4e-05,0.00265,0.00302,0.00265,50.0,2.18,4.35,LOSS,-2.18,-4.35,5
1108,TACUSDT,LONG,2026-08-13 17:00:00 UTC,1786640400000,1786640400,2026-08-13 20:59:59 UTC,1786654799999,1786654799,0.00275,0.00273,4e-05,0.00265,0.00293,0.00265,50.0,1.73,3.45,LOSS,-1.73,-3.45,4
1109,TACUSDT,LONG,2026-08-13 18:00:00 UTC,1786644000000,1786644000,2026-08-13 20:59:59 UTC,1786654799999,1786654799,0.00276,0.00273,4e-05,0.00265,0.00296,0.00265,50.0,1.88,3.76,LOSS,-1.88,-3.76,3
1110,TACUSDT,LONG,2026-08-13 19:00:00 UTC,1786647600000,1786647600,2026-08-13 20:59:59 UTC,1786654799999,1786654799,0.00276,0.00272,4e-05,0.00264,0.00299,0.00264,50.0,2.11,4.23,LOSS,-2.11,-4.23,2
1111,TACUSDT,LONG,2026-08-13 20:00:00 UTC,1786651200000,1786651200,2026-08-13 20:59:59 UTC,1786654799999,1786654799,0.00276,0.00272,4e-05,0.00264,0.003,0.00264,50.0,2.15,4.3,LOSS,-2.15,-4.3,1
1112,TACUSDT,LONG,2026-08-13 21:00:00 UTC,1786654800000,1786654800,2026-08-19 07:59:59 UTC,1787126399999,1787126399,0.00272,0.00264,5e-05,0.00254,0.00309,0.00254,50.0,3.37,6.74,LOSS,-3.37,-6.74,131
1113,TACUSDT,LONG,2026-08-13 22:00:00 UTC,1786658400000,1786658400,2026-08-19 07:59:59 UTC,1787126399999,1787126399,0.00275,0.00264,5e-05,0.00254,0.00316,0.00254,50.0,3.73,7.47,LOSS,-3.73,-7.47,130
1114,TACUSDT,LONG,2026-08-13 23:00:00 UTC,1786662000000,1786662000,2026-08-19 07:59:59 UTC,1787126399999,1787126399,0.00274,0.00264,5e-05,0.00254,0.00314,0.00254,50.0,3.62,7.24,LOSS,-3.62,-7.24,129
1115,TACUSDT,LONG,2026-08-14 00:00:00 UTC,1786665600000,1786665600,2026-08-19 07:59:59 UTC,1787126399999,1787126399,0.00274,0.00264,4e-05,0.00255,0.00313,0.00255,50.0,3.54,7.08,LOSS,-3.54,-7.08,128
1116,TACUSDT,LONG,2026-08-14 01:00:00 UTC,1786669200000,1786669200,2026-08-19 07:59:59 UTC,1787126399999,1787126399,0.00274,0.00264,4e-05,0.00255,0.00312,0.00255,50.0,3.49,6.98,LOSS,-3.49,-6.98,127
1117,TACUSDT,LONG,2026-08-14 02:00:00 UTC,1786672800000,1786672800,2026-08-19 07:59:59 UTC,1787126399999,1787126399,0.00273,0.00264,4e-05,0.00255,0.00309,0.00255,50.0,3.3,6.59,LOSS,-3.3,-6.59,126
1118,TACUSDT,LONG,2026-08-14 03:00:00 UTC,1786676400000,1786676400,2026-08-15 12:59:59 UTC,1786798799999,1786798799,0.00265,0.00264,5e-05,0.00254,0.00287,0.00287,50.0,2.05,4.09,WIN,4.09,8.19,34
1119,TACUSDT,LONG,2026-08-14 04:00:00 UTC,1786680000000,1786680000,2026-08-16 16:59:59 UTC,1786899599999,1786899599,0.00269,0.00264,5e-05,0.00254,0.003,0.003,50.0,2.84,5.69,WIN,5.69,11.37,61
1120,TACUSDT,LONG,2026-08-14 05:00:00 UTC,1786683600000,1786683600,2026-08-19 07:59:59 UTC,1787126399999,1787126399,0.00271,0.00264,5e-05,0.00254,0.00304,0.00254,50.0,3.08,6.16,LOSS,-3.08,-6.16,123
1121,TACUSDT,LONG,2026-08-14 06:00:00 UTC,1786687200000,1786687200,2026-08-19 07:59:59 UTC,1787126399999,1787126399,0.00271,0.00264,5e-05,0.00254,0.00303,0.00254,50.0,3.01,6.02,LOSS,-3.01,-6.02,122
1122,TACUSDT,LONG,2026-08-14 07:00:00 UTC,1786690800000,1786690800,2026-08-15 12:59:59 UTC,1786798799999,1786798799,0.00268,0.00264,4e-05,0.00255,0.00296,0.00296,50.0,2.56,5.12,WIN,5.12,10.25,30
1123,TACUSDT,LONG,2026-08-14 08:00:00 UTC,1786694400000,1786694400,2026-08-15 12:59:59 UTC,1786798799999,1786798799,0.00269,0.00264,4e-05,0.00255,0.00298,0.00298,50.0,2.67,5.33,WIN,5.33,10.66,29
1124,TACUSDT,LONG,2026-08-14 09:00:00 UTC,1786698000000,1786698000,2026-08-15 12:59:59 UTC,1786798799999,1786798799,0.00266,0.00262,5e-05,0.00253,0.00291,0.00291,50.0,2.38,4.75,WIN,4.75,9.5,28
1125,TACUSDT,LONG,2026-08-14 10:00:00 UTC,1786701600000,1786701600,2026-08-15 12:59:59 UTC,1786798799999,1786798799,0.00265,0.00262,4e-05,0.00253,0.00287,0.00287,50.0,2.09,4.18,WIN,4.18,8.35,27
1126,TACUSDT,LONG,2026-08-14 11:00:00 UTC,1786705200000,1786705200,2026-08-15 11:59:59 UTC,1786795199999,1786795199,0.00261,0.00261,5e-05,0.00251,0.0028,0.0028,50.0,1.84,3.68,WIN,3.68,7.35,25
1127,TACUSDT,LONG,2026-08-14 12:00:00 UTC,1786708800000,1786708800,2026-08-15 12:59:59 UTC,1786798799999,1786798799,0.0026,0.00258,5e-05,0.00249,0.00281,0.00281,50.0,2.07,4.14,WIN,4.14,8.28,25
1128,TACUSDT,LONG,2026-08-14 13:00:00 UTC,1786712400000,1786712400,2026-08-15 12:59:59 UTC,1786798799999,1786798799,0.00265,0.00258,5e-05,0.00249,0.00297,0.00297,50.0,3.02,6.04,WIN,6.04,12.08,24
1129,TACUSDT,LONG,2026-08-14 14:00:00 UTC,1786716000000,1786716000,2026-08-15 12:59:59 UTC,1786798799999,1786798799,0.00262,0.00258,5e-05,0.00249,0.00287,0.00287,50.0,2.44,4.89,WIN,4.89,9.78,23
1130,TACUSDT,LONG,2026-08-14 15:00:00 UTC,1786719600000,1786719600,2026-08-19 07:59:59 UTC,1787126399999,1787126399,0.00266,0.00258,5e-05,0.00249,0.003,0.00249,50.0,3.23,6.45,LOSS,-3.23,-6.45,113
1131,TACUSDT,LONG,2026-08-14 16:00:00 UTC,1786723200000,1786723200,2026-08-19 07:59:59 UTC,1787126399999,1787126399,0.00266,0.00258,5e-05,0.00249,0.00301,0.00249,50.0,3.26,6.51,LOSS,-3.26,-6.51,112
1132,TACUSDT,LONG,2026-08-14 17:00:00 UTC,1786726800000,1786726800,2026-08-16 16:59:59 UTC,1786899599999,1786899599,0.00266,0.00258,5e-05,0.00249,0.00299,0.00299,50.0,3.15,6.31,WIN,6.31,12.61,48
1133,TACUSDT,LONG,2026-08-14 18:00:00 UTC,1786730400000,1786730400,2026-08-16 16:59:59 UTC,1786899599999,1786899599,0.00266,0.00258,4e-05,0.00249,0.003,0.003,50.0,3.17,6.33,WIN,6.33,12.66,47
1134,TACUSDT,LONG,2026-08-14 19:00:00 UTC,1786734000000,1786734000,2026-08-15 12:59:59 UTC,1786798799999,1786798799,0.00264,0.00258,4e-05,0.0025,0.00292,0.00292,50.0,2.69,5.38,WIN,5.38,10.77,18
1135,TACUSDT,LONG,2026-08-14 20:00:00 UTC,1786737600000,1786737600,2026-08-15 12:59:59 UTC,1786798799999,1786798799,0.00263,0.00258,4e-05,0.0025,0.00288,0.00288,50.0,2.43,4.87,WIN,4.87,9.74,17
1136,TACUSDT,LONG,2026-08-14 21:00:00 UTC,1786741200000,1786741200,2026-08-15 12:59:59 UTC,1786798799999,1786798799,0.00263,0.00258,4e-05,0.0025,0.0029,0.0029,50.0,2.48,4.97,WIN,4.97,9.93,16
1137,TACUSDT,LONG,2026-08-14 22:00:00 UTC,1786744800000,1786744800,2026-08-19 07:59:59 UTC,1787126399999,1787126399,0.00268,0.00258,4e-05,0.0025,0.00303,0.0025,50.0,3.29,6.58,LOSS,-3.29,-6.58,106
1138,TACUSDT,LONG,2026-08-14 23:00:00 UTC,1786748400000,1786748400,2026-08-15 12:59:59 UTC,1786798799999,1786798799,0.00262,0.00256,5e-05,0.00246,0.00292,0.00292,50.0,2.92,5.84,WIN,5.84,11.68,14
1139,TACUSDT,LONG,2026-08-15 00:00:00 UTC,1786752000000,1786752000,2026-08-15 12:59:59 UTC,1786798799999,1786798799,0.00263,0.00256,5e-05,0.00247,0.00294,0.00294,50.0,3.02,6.04,WIN,6.04,12.07,13
1140,TACUSDT,LONG,2026-08-15 01:00:00 UTC,1786755600000,1786755600,2026-08-15 12:59:59 UTC,1786798799999,1786798799,0.00263,0.00256,5e-05,0.00247,0.00296,0.00296,50.0,3.13,6.26,WIN,6.26,12.52,12
1141,TACUSDT,LONG,2026-08-15 02:00:00 UTC,1786759200000,1786759200,2026-08-15 12:59:59 UTC,1786798799999,1786798799,0.00263,0.00256,4e-05,0.00247,0.00296,0.00296,50.0,3.05,6.11,WIN,6.11,12.21,11
1142,TACUSDT,LONG,2026-08-15 03:00:00 UTC,1786762800000,1786762800,2026-08-15 12:59:59 UTC,1786798799999,1786798799,0.00262,0.00256,4e-05,0.00247,0.00291,0.00291,50.0,2.75,5.51,WIN,5.51,11.01,10
1143,TACUSDT,LONG,2026-08-15 04:00:00 UTC,1786766400000,1786766400,2026-08-15 12:59:59 UTC,1786798799999,1786798799,0.00261,0.00256,4e-05,0.00248,0.00288,0.00288,50.0,2.54,5.08,WIN,5.08,10.16,9
1144,TACUSDT,LONG,2026-08-15 05:00:00 UTC,1786770000000,1786770000,2026-08-15 12:59:59 UTC,1786798799999,1786798799,0.00263,0.00256,4e-05,0.00248,0.00293,0.00293,50.0,2.85,5.71,WIN,5.71,11.42,8
1145,TACUSDT,LONG,2026-08-15 06:00:00 UTC,1786773600000,1786773600,2026-08-19 07:59:59 UTC,1787126399999,1787126399,0.00265,0.00256,4e-05,0.00248,0.00301,0.00248,50.0,3.31,6.62,LOSS,-3.31,-6.62,98
1146,TACUSDT,LONG,2026-08-15 07:00:00 UTC,1786777200000,1786777200,2026-08-19 07:59:59 UTC,1787126399999,1787126399,0.00266,0.00256,4e-05,0.00248,0.00302,0.00248,50.0,3.4,6.79,LOSS,-3.4,-6.79,97
1147,TACUSDT,LONG,2026-08-15 08:00:00 UTC,1786780800000,1786780800,2026-08-19 07:59:59 UTC,1787126399999,1787126399,0.00267,0.00256,4e-05,0.00248,0.00303,0.00248,50.0,3.42,6.84,LOSS,-3.42,-6.84,96
1148,TACUSDT,LONG,2026-08-15 09:00:00 UTC,1786784400000,1786784400,2026-08-15 12:59:59 UTC,1786798799999,1786798799,0.00265,0.00256,4e-05,0.00248,0.00298,0.00298,50.0,3.11,6.22,WIN,6.22,12.44,4
1149,TACUSDT,LONG,2026-08-15 10:00:00 UTC,1786788000000,1786788000,2026-08-19 07:59:59 UTC,1787126399999,1787126399,0.00268,0.00256,4e-05,0.00248,0.00307,0.00248,50.0,3.67,7.34,LOSS,-3.67,-7.34,94
1150,TACUSDT,LONG,2026-08-15 11:00:00 UTC,1786791600000,1786791600,2026-08-19 07:59:59 UTC,1787126399999,1787126399,0.00272,0.00256,4e-05,0.00248,0.00322,0.00248,50.0,4.53,9.06,LOSS,-4.53,-9.06,93
1151,TACUSDT,LONG,2026-08-15 12:00:00 UTC,1786795200000,1786795200,2026-08-19 07:59:59 UTC,1787126399999,1787126399,0.00274,0.00256,5e-05,0.00247,0.0033,0.00247,50.0,5.03,10.06,LOSS,-5.03,-10.06,92
1152,TACUSDT,LONG,2026-08-15 13:00:00 UTC,1786798800000,1786798800,2026-08-19 07:59:59 UTC,1787126399999,1787126399,0.00292,0.00256,6e-05,0.00244,0.00388,0.00244,50.0,8.24,16.47,LOSS,-8.24,-16.47,91
1153,TACUSDT,LONG,2026-08-15 14:00:00 UTC,1786802400000,1786802400,2026-08-19 07:59:59 UTC,1787126399999,1787126399,0.00279,0.00256,7e-05,0.00243,0.0035,0.00243,50.0,6.42,12.83,LOSS,-6.42,-12.83,90
1154,TACUSDT,LONG,2026-08-15 15:00:00 UTC,1786806000000,1786806000,2026-08-19 07:59:59 UTC,1787126399999,1787126399,0.00284,0.00256,7e-05,0.00243,0.00366,0.00243,50.0,7.26,14.53,LOSS,-7.26,-14.53,89
1155,TACUSDT,LONG,2026-08-15 16:00:00 UTC,1786809600000,1786809600,2026-08-19 07:59:59 UTC,1787126399999,1787126399,0.0029,0.00256,7e-05,0.00242,0.00387,0.00242,50.0,8.31,16.62,LOSS,-8.31,-16.62,88
1156,TACUSDT,LONG,2026-08-15 17:00:00 UTC,1786813200000,1786813200,2026-08-19 07:59:59 UTC,1787126399999,1787126399,0.0029,0.00256,7e-05,0.00242,0.00386,0.00242,50.0,8.28,16.56,LOSS,-8.28,-16.56,87
1157,TACUSDT,LONG,2026-08-15 18:00:00 UTC,1786816800000,1786816800,2026-08-19 07:59:59 UTC,1787126399999,1787126399,0.00291,0.00256,7e-05,0.00242,0.00388,0.00242,50.0,8.37,16.74,LOSS,-8.37,-16.74,86
1158,TACUSDT,LONG,2026-08-15 19:00:00 UTC,1786820400000,1786820400,2026-08-19 07:59:59 UTC,1787126399999,1787126399,0.00288,0.00256,7e-05,0.00243,0.00378,0.00243,50.0,7.83,15.67,LOSS,-7.83,-15.67,85
1159,TACUSDT,LONG,2026-08-15 20:00:00 UTC,1786824000000,1786824000,2026-08-19 07:59:59 UTC,1787126399999,1787126399,0.00289,0.00256,7e-05,0.00243,0.00381,0.00243,50.0,7.97,15.95,LOSS,-7.97,-15.95,84
1160,TACUSDT,LONG,2026-08-15 21:00:00 UTC,1786827600000,1786827600,2026-08-19 07:59:59 UTC,1787126399999,1787126399,0.00287,0.00256,6e-05,0.00243,0.00374,0.00243,50.0,7.63,15.26,LOSS,-7.63,-15.26,83
1161,TACUSDT,LONG,2026-08-15 22:00:00 UTC,1786831200000,1786831200,2026-08-19 07:59:59 UTC,1787126399999,1787126399,0.00284,0.00256,6e-05,0.00243,0.00365,0.00243,50.0,7.19,14.37,LOSS,-7.19,-14.37,82
1162,TACUSDT,LONG,2026-08-15 23:00:00 UTC,1786834800000,1786834800,2026-08-19 07:59:59 UTC,1787126399999,1787126399,0.00281,0.00256,6e-05,0.00243,0.00355,0.00243,50.0,6.66,13.32,LOSS,-6.66,-13.32,81
1163,TACUSDT,LONG,2026-08-16 00:00:00 UTC,1786838400000,1786838400,2026-08-19 07:59:59 UTC,1787126399999,1787126399,0.00279,0.00256,6e-05,0.00244,0.0035,0.00244,50.0,6.36,12.71,LOSS,-6.36,-12.71,80
1164,TACUSDT,LONG,2026-08-16 01:00:00 UTC,1786842000000,1786842000,2026-08-19 07:59:59 UTC,1787126399999,1787126399,0.00278,0.00256,6e-05,0.00244,0.00346,0.00244,50.0,6.12,12.24,LOSS,-6.12,-12.24,79
1165,TACUSDT,LONG,2026-08-16 02:00:00 UTC,1786845600000,1786845600,2026-08-19 07:59:59 UTC,1787126399999,1787126399,0.00275,0.00256,6e-05,0.00244,0.00338,0.00244,50.0,5.68,11.36,LOSS,-5.68,-11.36,78
1166,TACUSDT,LONG,2026-08-16 03:00:00 UTC,1786849200000,1786849200,2026-08-19 07:59:59 UTC,1787126399999,1787126399,0.00274,0.00256,6e-05,0.00244,0.00332,0.00244,50.0,5.3,10.61,LOSS,-5.3,-10.61,77
1167,TACUSDT,LONG,2026-08-16 04:00:00 UTC,1786852800000,1786852800,2026-08-19 07:59:59 UTC,1787126399999,1787126399,0.00279,0.00256,6e-05,0.00244,0.00347,0.00244,50.0,6.13,12.27,LOSS,-6.13,-12.27,76
1168,TACUSDT,LONG,2026-08-16 05:00:00 UTC,1786856400000,1786856400,2026-08-19 07:59:59 UTC,1787126399999,1787126399,0.00275,0.00256,6e-05,0.00244,0.00337,0.00244,50.0,5.63,11.26,LOSS,-5.63,-11.26,75
1169,TACUSDT,LONG,2026-08-16 06:00:00 UTC,1786860000000,1786860000,2026-08-19 07:59:59 UTC,1787126399999,1787126399,0.00274,0.00256,6e-05,0.00244,0.00332,0.00244,50.0,5.31,10.61,LOSS,-5.31,-10.61,74
1170,TACUSDT,LONG,2026-08-16 07:00:00 UTC,1786863600000,1786863600,2026-08-19 07:59:59 UTC,1787126399999,1787126399,0.00274,0.00256,6e-05,0.00245,0.00331,0.00245,50.0,5.28,10.56,LOSS,-5.28,-10.56,73
1171,TACUSDT,LONG,2026-08-16 08:00:00 UTC,1786867200000,1786867200,2026-08-19 07:59:59 UTC,1787126399999,1787126399,0.00277,0.00256,6e-05,0.00245,0.0034,0.00245,50.0,5.75,11.49,LOSS,-5.75,-11.49,72
1172,TACUSDT,LONG,2026-08-16 09:00:00 UTC,1786870800000,1786870800,2026-08-19 07:59:59 UTC,1787126399999,1787126399,0.00277,0.00256,5e-05,0.00245,0.00341,0.00245,50.0,5.74,11.49,LOSS,-5.74,-11.49,71
1173,TACUSDT,LONG,2026-08-16 10:00:00 UTC,1786874400000,1786874400,2026-08-19 07:59:59 UTC,1787126399999,1787126399,0.00276,0.00256,5e-05,0.00246,0.00335,0.00246,50.0,5.44,10.88,LOSS,-5.44,-10.88,70
1174,TACUSDT,LONG,2026-08-16 11:00:00 UTC,1786878000000,1786878000,2026-08-19 07:59:59 UTC,1787126399999,1787126399,0.00275,0.00256,5e-05,0.00246,0.00334,0.00246,50.0,5.34,10.67,LOSS,-5.34,-10.67,69
1175,TACUSDT,LONG,2026-08-16 12:00:00 UTC,1786881600000,1786881600,2026-08-19 07:59:59 UTC,1787126399999,1787126399,0.00275,0.00256,5e-05,0.00246,0.00332,0.00246,50.0,5.19,10.37,LOSS,-5.19,-10.37,68
1176,TACUSDT,LONG,2026-08-16 13:00:00 UTC,1786885200000,1786885200,2026-08-19 07:59:59 UTC,1787126399999,1787126399,0.00274,0.00256,5e-05,0.00247,0.0033,0.00247,50.0,5.02,10.05,LOSS,-5.02,-10.05,67
1177,TACUSDT,LONG,2026-08-16 14:00:00 UTC,1786888800000,1786888800,2026-08-19 07:59:59 UTC,1787126399999,1787126399,0.00276,0.00256,5e-05,0.00247,0.00333,0.00247,50.0,5.22,10.44,LOSS,-5.22,-10.44,66
1178,TACUSDT,LONG,2026-08-16 15:00:00 UTC,1786892400000,1786892400,2026-08-19 07:59:59 UTC,1787126399999,1787126399,0.00279,0.00256,5e-05,0.00247,0.00343,0.00247,50.0,5.75,11.5,LOSS,-5.75,-11.5,65
1179,TACUSDT,LONG,2026-08-16 16:00:00 UTC,1786896000000,1786896000,2026-08-19 07:59:59 UTC,1787126399999,1787126399,0.00275,0.00256,5e-05,0.00246,0.00332,0.00246,50.0,5.2,10.41,LOSS,-5.2,-10.41,64
1180,TACUSDT,LONG,2026-08-16 17:00:00 UTC,1786899600000,1786899600,2026-08-19 07:59:59 UTC,1787126399999,1787126399,0.00294,0.00256,6e-05,0.00243,0.00395,0.00243,50.0,8.59,17.18,LOSS,-8.59,-17.18,63
1181,TACUSDT,LONG,2026-08-16 18:00:00 UTC,1786903200000,1786903200,2026-08-19 07:59:59 UTC,1787126399999,1787126399,0.00294,0.00256,6e-05,0.00243,0.00396,0.00243,50.0,8.65,17.29,LOSS,-8.65,-17.29,62
1182,TACUSDT,LONG,2026-08-16 19:00:00 UTC,1786906800000,1786906800,2026-08-19 07:59:59 UTC,1787126399999,1787126399,0.00293,0.00256,6e-05,0.00243,0.00392,0.00243,50.0,8.46,16.93,LOSS,-8.46,-16.93,61
1183,TACUSDT,LONG,2026-08-16 20:00:00 UTC,1786910400000,1786910400,2026-08-19 07:59:59 UTC,1787126399999,1787126399,0.00292,0.00256,6e-05,0.00244,0.00387,0.00244,50.0,8.22,16.44,LOSS,-8.22,-16.44,60
1184,TACUSDT,LONG,2026-08-16 21:00:00 UTC,1786914000000,1786914000,2026-08-19 07:59:59 UTC,1787126399999,1787126399,0.00292,0.00256,6e-05,0.00244,0.00389,0.00244,50.0,8.26,16.53,LOSS,-8.26,-16.53,59
1185,TACUSDT,LONG,2026-08-16 22:00:00 UTC,1786917600000,1786917600,2026-08-19 07:59:59 UTC,1787126399999,1787126399,0.00288,0.00256,6e-05,0.00244,0.00378,0.00244,50.0,7.76,15.53,LOSS,-7.76,-15.53,58
1186,TACUSDT,LONG,2026-08-16 23:00:00 UTC,1786921200000,1786921200,2026-08-19 07:59:59 UTC,1787126399999,1787126399,0.00286,0.00256,6e-05,0.00244,0.00371,0.00244,50.0,7.38,14.76,LOSS,-7.38,-14.76,57
1187,TACUSDT,LONG,2026-08-17 00:00:00 UTC,1786924800000,1786924800,2026-08-19 07:59:59 UTC,1787126399999,1787126399,0.00294,0.00256,6e-05,0.00244,0.00394,0.00244,50.0,8.52,17.03,LOSS,-8.52,-17.03,56
1188,TACUSDT,LONG,2026-08-17 01:00:00 UTC,1786928400000,1786928400,2026-08-19 07:59:59 UTC,1787126399999,1787126399,0.00293,0.00256,6e-05,0.00244,0.0039,0.00244,50.0,8.34,16.68,LOSS,-8.34,-16.68,55
1189,TACUSDT,LONG,2026-08-17 02:00:00 UTC,1786932000000,1786932000,2026-08-19 07:59:59 UTC,1787126399999,1787126399,0.00287,0.00256,6e-05,0.00244,0.00373,0.00244,50.0,7.52,15.04,LOSS,-7.52,-15.04,54
1190,TACUSDT,LONG,2026-08-17 03:00:00 UTC,1786935600000,1786935600,2026-08-19 07:59:59 UTC,1787126399999,1787126399,0.00287,0.00256,6e-05,0.00244,0.00373,0.00244,50.0,7.5,15.0,LOSS,-7.5,-15.0,53
1191,TACUSDT,LONG,2026-08-17 04:00:00 UTC,1786939200000,1786939200,2026-08-19 07:59:59 UTC,1787126399999,1787126399,0.00284,0.00256,6e-05,0.00244,0.00364,0.00244,50.0,7.07,14.15,LOSS,-7.07,-14.15,52
1192,TACUSDT,LONG,2026-08-17 05:00:00 UTC,1786942800000,1786942800,2026-08-19 07:59:59 UTC,1787126399999,1787126399,0.00284,0.00256,6e-05,0.00244,0.00363,0.00244,50.0,6.99,13.97,LOSS,-6.99,-13.97,51
1193,TACUSDT,LONG,2026-08-17 06:00:00 UTC,1786946400000,1786946400,2026-08-19 07:59:59 UTC,1787126399999,1787126399,0.00282,0.00256,6e-05,0.00245,0.00357,0.00245,50.0,6.64,13.28,LOSS,-6.64,-13.28,50
1194,TACUSDT,LONG,2026-08-17 07:00:00 UTC,1786950000000,1786950000,2026-08-19 07:59:59 UTC,1787126399999,1787126399,0.00284,0.00256,6e-05,0.00245,0.00363,0.00245,50.0,6.93,13.86,LOSS,-6.93,-13.86,49
1195,TACUSDT,LONG,2026-08-17 08:00:00 UTC,1786953600000,1786953600,2026-08-19 07:59:59 UTC,1787126399999,1787126399,0.0028,0.00256,6e-05,0.00245,0.00351,0.00245,50.0,6.31,12.63,LOSS,-6.31,-12.63,48
1196,TACUSDT,LONG,2026-08-17 09:00:00 UTC,1786957200000,1786957200,2026-08-19 07:59:59 UTC,1787126399999,1787126399,0.00282,0.00256,5e-05,0.00245,0.00355,0.00245,50.0,6.49,12.99,LOSS,-6.49,-12.99,47
1197,TACUSDT,LONG,2026-08-17 10:00:00 UTC,1786960800000,1786960800,2026-08-19 07:59:59 UTC,1787126399999,1787126399,0.0028,0.00256,5e-05,0.00246,0.0035,0.00246,50.0,6.18,12.35,LOSS,-6.18,-12.35,46
1198,TACUSDT,LONG,2026-08-17 11:00:00 UTC,1786964400000,1786964400,2026-08-19 07:59:59 UTC,1787126399999,1787126399,0.00284,0.00256,5e-05,0.00246,0.00361,0.00246,50.0,6.78,13.55,LOSS,-6.78,-13.55,45
1199,TACUSDT,LONG,2026-08-17 12:00:00 UTC,1786968000000,1786968000,2026-08-19 07:59:59 UTC,1787126399999,1787126399,0.00283,0.00256,5e-05,0.00246,0.00358,0.00246,50.0,6.6,13.19,LOSS,-6.6,-13.19,44
1200,TACUSDT,LONG,2026-08-17 13:00:00 UTC,1786971600000,1786971600,2026-08-19 07:59:59 UTC,1787126399999,1787126399,0.0028,0.00256,5e-05,0.00246,0.00347,0.00246,50.0,6.02,12.04,LOSS,-6.02,-12.04,43
1201,TACUSDT,LONG,2026-08-17 14:00:00 UTC,1786975200000,1786975200,2026-08-19 07:59:59 UTC,1787126399999,1787126399,0.00279,0.00256,5e-05,0.00246,0.00344,0.00246,50.0,5.83,11.66,LOSS,-5.83,-11.66,42
1202,TACUSDT,LONG,2026-08-17 15:00:00 UTC,1786978800000,1786978800,2026-08-19 07:59:59 UTC,1787126399999,1787126399,0.0028,0.00256,5e-05,0.00247,0.00346,0.00247,50.0,5.91,11.82,LOSS,-5.91,-11.82,41
1203,TACUSDT,LONG,2026-08-17 16:00:00 UTC,1786982400000,1786982400,2026-08-19 07:59:59 UTC,1787126399999,1787126399,0.00279,0.00256,5e-05,0.00247,0.00344,0.00247,50.0,5.79,11.58,LOSS,-5.79,-11.58,40
1204,TACUSDT,LONG,2026-08-17 17:00:00 UTC,1786986000000,1786986000,2026-08-19 07:59:59 UTC,1787126399999,1787126399,0.00274,0.00256,5e-05,0.00246,0.00328,0.00246,50.0,4.99,9.97,LOSS,-4.99,-9.97,39
1205,TACUSDT,LONG,2026-08-17 18:00:00 UTC,1786989600000,1786989600,2026-08-19 07:59:59 UTC,1787126399999,1787126399,0.00275,0.00256,5e-05,0.00246,0.00333,0.00246,50.0,5.23,10.46,LOSS,-5.23,-10.46,38
1206,TACUSDT,LONG,2026-08-17 19:00:00 UTC,1786993200000,1786993200,2026-08-19 07:59:59 UTC,1787126399999,1787126399,0.00272,0.00256,5e-05,0.00247,0.00324,0.00247,50.0,4.72,9.45,LOSS,-4.72,-9.45,37
1207,TACUSDT,LONG,2026-08-17 20:00:00 UTC,1786996800000,1786996800,2026-08-19 07:59:59 UTC,1787126399999,1787126399,0.00275,0.00256,5e-05,0.00247,0.00332,0.00247,50.0,5.17,10.35,LOSS,-5.17,-10.35,36
1208,TACUSDT,LONG,2026-08-17 21:00:00 UTC,1787000400000,1787000400,2026-08-19 07:59:59 UTC,1787126399999,1787126399,0.00274,0.00256,5e-05,0.00247,0.00328,0.00247,50.0,4.95,9.9,LOSS,-4.95,-9.9,35
1209,TACUSDT,LONG,2026-08-17 22:00:00 UTC,1787004000000,1787004000,2026-08-19 07:59:59 UTC,1787126399999,1787126399,0.00276,0.00256,4e-05,0.00247,0.00333,0.00247,50.0,5.2,10.41,LOSS,-5.2,-10.41,34
1210,TACUSDT,LONG,2026-08-17 23:00:00 UTC,1787007600000,1787007600,2026-08-19 07:59:59 UTC,1787126399999,1787126399,0.00272,0.00256,4e-05,0.00247,0.00322,0.00247,50.0,4.59,9.17,LOSS,-4.59,-9.17,33
1211,TACUSDT,LONG,2026-08-18 00:00:00 UTC,1787011200000,1787011200,2026-08-19 07:59:59 UTC,1787126399999,1787126399,0.00272,0.00256,4e-05,0.00247,0.00322,0.00247,50.0,4.57,9.15,LOSS,-4.57,-9.15,32
1212,TACUSDT,LONG,2026-08-18 01:00:00 UTC,1787014800000,1787014800,2026-08-19 07:59:59 UTC,1787126399999,1787126399,0.00277,0.00256,4e-05,0.00247,0.00337,0.00247,50.0,5.37,10.75,LOSS,-5.37,-10.75,31
1213,TACUSDT,LONG,2026-08-18 02:00:00 UTC,1787018400000,1787018400,2026-08-19 07:59:59 UTC,1787126399999,1787126399,0.00275,0.00256,4e-05,0.00247,0.0033,0.00247,50.0,4.99,9.99,LOSS,-4.99,-9.99,30
1214,TACUSDT,LONG,2026-08-18 03:00:00 UTC,1787022000000,1787022000,2026-08-19 07:59:59 UTC,1787126399999,1787126399,0.00268,0.00256,5e-05,0.00247,0.0031,0.00247,50.0,3.95,7.9,LOSS,-3.95,-7.9,29
1215,TACUSDT,LONG,2026-08-18 04:00:00 UTC,1787025600000,1787025600,2026-08-19 07:59:59 UTC,1787126399999,1787126399,0.0027,0.00256,5e-05,0.00247,0.00316,0.00247,50.0,4.28,8.56,LOSS,-4.28,-8.56,28
1216,TACUSDT,LONG,2026-08-18 05:00:00 UTC,1787029200000,1787029200,2026-08-19 07:59:59 UTC,1787126399999,1787126399,0.0027,0.00256,5e-05,0.00247,0.00315,0.00247,50.0,4.2,8.39,LOSS,-4.2,-8.39,27
1217,TACUSDT,LONG,2026-08-18 06:00:00 UTC,1787032800000,1787032800,2026-08-19 07:59:59 UTC,1787126399999,1787126399,0.00266,0.00256,5e-05,0.00246,0.00306,0.00246,50.0,3.75,7.5,LOSS,-3.75,-7.5,26
1218,TACUSDT,LONG,2026-08-18 07:00:00 UTC,1787036400000,1787036400,2026-08-19 07:59:59 UTC,1787126399999,1787126399,0.00266,0.00256,5e-05,0.00247,0.00303,0.00247,50.0,3.57,7.13,LOSS,-3.57,-7.13,25
1219,TACUSDT,LONG,2026-08-18 08:00:00 UTC,1787040000000,1787040000,2026-08-19 07:59:59 UTC,1787126399999,1787126399,0.00265,0.00256,5e-05,0.00247,0.00302,0.00247,50.0,3.45,6.9,LOSS,-3.45,-6.9,24
1220,TACUSDT,LONG,2026-08-18 09:00:00 UTC,1787043600000,1787043600,2026-08-19 07:59:59 UTC,1787126399999,1787126399,0.00263,0.00256,4e-05,0.00247,0.00294,0.00247,50.0,2.98,5.97,LOSS,-2.98,-5.97,23
1221,TACUSDT,LONG,2026-08-18 10:00:00 UTC,1787047200000,1787047200,2026-08-19 07:59:59 UTC,1787126399999,1787126399,0.00264,0.00256,4e-05,0.00247,0.00297,0.00247,50.0,3.15,6.3,LOSS,-3.15,-6.3,22
1222,TACUSDT,LONG,2026-08-18 11:00:00 UTC,1787050800000,1787050800,2026-08-19 07:59:59 UTC,1787126399999,1787126399,0.00263,0.00256,4e-05,0.00247,0.00294,0.00247,50.0,2.95,5.91,LOSS,-2.95,-5.91,21
1223,TACUSDT,LONG,2026-08-18 12:00:00 UTC,1787054400000,1787054400,2026-08-19 07:59:59 UTC,1787126399999,1787126399,0.00267,0.00256,4e-05,0.00247,0.00308,0.00247,50.0,3.75,7.51,LOSS,-3.75,-7.51,20
1224,TACUSDT,LONG,2026-08-18 13:00:00 UTC,1787058000000,1787058000,2026-08-19 07:59:59 UTC,1787126399999,1787126399,0.00268,0.00256,4e-05,0.00247,0.00308,0.00247,50.0,3.76,7.51,LOSS,-3.76,-7.51,19
1225,TACUSDT,LONG,2026-08-18 14:00:00 UTC,1787061600000,1787061600,2026-08-19 07:59:59 UTC,1787126399999,1787126399,0.00269,0.00256,4e-05,0.00248,0.00313,0.00248,50.0,4.01,8.03,LOSS,-4.01,-8.03,18
1226,TACUSDT,LONG,2026-08-18 15:00:00 UTC,1787065200000,1787065200,2026-08-19 07:59:59 UTC,1787126399999,1787126399,0.00272,0.00256,4e-05,0.00248,0.0032,0.00248,50.0,4.44,8.87,LOSS,-4.44,-8.87,17
1227,TACUSDT,LONG,2026-08-18 16:00:00 UTC,1787068800000,1787068800,2026-08-19 07:59:59 UTC,1787126399999,1787126399,0.00272,0.00256,4e-05,0.00248,0.00321,0.00248,50.0,4.51,9.01,LOSS,-4.51,-9.01,16
1228,TACUSDT,LONG,2026-08-18 17:00:00 UTC,1787072400000,1787072400,2026-08-19 07:59:59 UTC,1787126399999,1787126399,0.00271,0.00256,4e-05,0.00248,0.00318,0.00248,50.0,4.34,8.68,LOSS,-4.34,-8.68,15
1229,TACUSDT,LONG,2026-08-18 18:00:00 UTC,1787076000000,1787076000,2026-08-19 07:59:59 UTC,1787126399999,1787126399,0.0027,0.00256,4e-05,0.00248,0.00314,0.00248,50.0,4.08,8.16,LOSS,-4.08,-8.16,14
1230,TACUSDT,LONG,2026-08-18 19:00:00 UTC,1787079600000,1787079600,2026-08-19 07:59:59 UTC,1787126399999,1787126399,0.00268,0.00256,4e-05,0.00248,0.00309,0.00248,50.0,3.79,7.59,LOSS,-3.79,-7.59,13
1231,TACUSDT,LONG,2026-08-18 20:00:00 UTC,1787083200000,1787083200,2026-08-19 07:59:59 UTC,1787126399999,1787126399,0.00268,0.00256,4e-05,0.00248,0.00308,0.00248,50.0,3.72,7.44,LOSS,-3.72,-7.44,12
1232,TACUSDT,LONG,2026-08-18 21:00:00 UTC,1787086800000,1787086800,2026-08-19 07:59:59 UTC,1787126399999,1787126399,0.00269,0.00256,4e-05,0.00249,0.00309,0.00249,50.0,3.72,7.43,LOSS,-3.72,-7.43,11
1233,TACUSDT,LONG,2026-08-18 22:00:00 UTC,1787090400000,1787090400,2026-08-19 07:59:59 UTC,1787126399999,1787126399,0.00265,0.00256,4e-05,0.00249,0.00297,0.00249,50.0,3.07,6.14,LOSS,-3.07,-6.14,10
1234,TACUSDT,LONG,2026-08-18 23:00:00 UTC,1787094000000,1787094000,2026-08-19 07:59:59 UTC,1787126399999,1787126399,0.00265,0.00256,4e-05,0.00249,0.00298,0.00249,50.0,3.09,6.19,LOSS,-3.09,-6.19,9
1235,TACUSDT,LONG,2026-08-19 00:00:00 UTC,1787097600000,1787097600,2026-08-19 07:59:59 UTC,1787126399999,1787126399,0.00266,0.00256,4e-05,0.00249,0.00299,0.00249,50.0,3.13,6.26,LOSS,-3.13,-6.26,8
1236,TACUSDT,LONG,2026-08-19 01:00:00 UTC,1787101200000,1787101200,2026-08-19 07:59:59 UTC,1787126399999,1787126399,0.0027,0.00256,4e-05,0.00248,0.00314,0.00248,50.0,4.04,8.09,LOSS,-4.04,-8.09,7
1237,TACUSDT,LONG,2026-08-19 02:00:00 UTC,1787104800000,1787104800,2026-08-19 07:59:59 UTC,1787126399999,1787126399,0.00267,0.00256,4e-05,0.00248,0.00304,0.00248,50.0,3.48,6.96,LOSS,-3.48,-6.96,6
1238,TACUSDT,LONG,2026-08-19 03:00:00 UTC,1787108400000,1787108400,2026-08-19 07:59:59 UTC,1787126399999,1787126399,0.00267,0.00261,4e-05,0.00253,0.00294,0.00253,50.0,2.52,5.05,LOSS,-2.52,-5.05,5
1239,TACUSDT,LONG,2026-08-19 04:00:00 UTC,1787112000000,1787112000,2026-08-19 07:59:59 UTC,1787126399999,1787126399,0.00268,0.00261,4e-05,0.00253,0.00297,0.00253,50.0,2.73,5.45,LOSS,-2.73,-5.45,4
1240,TACUSDT,LONG,2026-08-19 05:00:00 UTC,1787115600000,1787115600,2026-08-19 07:59:59 UTC,1787126399999,1787126399,0.00262,0.00261,4e-05,0.00253,0.0028,0.00253,50.0,1.71,3.42,LOSS,-1.71,-3.42,3
1241,TACUSDT,LONG,2026-08-19 06:00:00 UTC,1787119200000,1787119200,2026-08-19 07:59:59 UTC,1787126399999,1787126399,0.00262,0.00261,4e-05,0.00253,0.0028,0.00253,50.0,1.72,3.44,LOSS,-1.72,-3.44,2
1242,TACUSDT,LONG,2026-08-19 07:00:00 UTC,1787122800000,1787122800,2026-08-19 07:59:59 UTC,1787126399999,1787126399,0.00257,0.00256,4e-05,0.00248,0.00275,0.00248,50.0,1.75,3.51,LOSS,-1.75,-3.51,1
1243,TACUSDT,LONG,2026-08-19 08:00:00 UTC,1787126400000,1787126400,2026-08-19 09:59:59 UTC,1787133599999,1787133599,0.00245,0.00241,5e-05,0.00231,0.00272,0.00231,50.0,2.75,5.49,LOSS,-2.75,-5.49,2
1244,TACUSDT,LONG,2026-08-19 09:00:00 UTC,1787130000000,1787130000,2026-08-19 09:59:59 UTC,1787133599999,1787133599,0.00246,0.00241,5e-05,0.00231,0.00275,0.00231,50.0,2.99,5.99,LOSS,-2.99,-5.99,1
1245,TACUSDT,LONG,2026-08-19 10:00:00 UTC,1787133600000,1787133600,2026-08-21 08:59:59 UTC,1787302799999,1787302799,0.00232,0.00226,6e-05,0.00213,0.0027,0.0027,50.0,4.06,8.12,WIN,8.12,16.23,47
1246,TACUSDT,LONG,2026-08-19 11:00:00 UTC,1787137200000,1787137200,2026-08-22 19:59:59 UTC,1787428799999,1787428799,0.00239,0.00226,6e-05,0.00213,0.0029,0.00213,50.0,5.37,10.73,LOSS,-5.37,-10.73,81
1247,TACUSDT,LONG,2026-08-19 12:00:00 UTC,1787140800000,1787140800,2026-08-22 19:59:59 UTC,1787428799999,1787428799,0.00239,0.00226,6e-05,0.00213,0.00292,0.00213,50.0,5.46,10.91,LOSS,-5.46,-10.91,80
1248,TACUSDT,LONG,2026-08-19 13:00:00 UTC,1787144400000,1787144400,2026-08-22 19:59:59 UTC,1787428799999,1787428799,0.0024,0.00226,6e-05,0.00214,0.00294,0.00214,50.0,5.55,11.1,LOSS,-5.55,-11.1,79
1249,TACUSDT,LONG,2026-08-19 14:00:00 UTC,1787148000000,1787148000,2026-08-21 10:59:59 UTC,1787309999999,1787309999,0.00237,0.00226,6e-05,0.00214,0.00284,0.00284,50.0,4.94,9.88,WIN,9.88,19.76,45
1250,TACUSDT,LONG,2026-08-19 15:00:00 UTC,1787151600000,1787151600,2026-08-22 19:59:59 UTC,1787428799999,1787428799,0.00243,0.00226,6e-05,0.00214,0.00301,0.00214,50.0,6.02,12.03,LOSS,-6.02,-12.03,77
1251,TACUSDT,LONG,2026-08-19 16:00:00 UTC,1787155200000,1787155200,2026-08-22 19:59:59 UTC,1787428799999,1787428799,0.00248,0.00226,6e-05,0.00213,0.00317,0.00213,50.0,7.02,14.03,LOSS,-7.02,-14.03,76
1252,TACUSDT,LONG,2026-08-19 17:00:00 UTC,1787158800000,1787158800,2026-08-22 19:59:59 UTC,1787428799999,1787428799,0.00249,0.00226,6e-05,0.00214,0.0032,0.00214,50.0,7.11,14.21,LOSS,-7.11,-14.21,75
1253,TACUSDT,LONG,2026-08-19 18:00:00 UTC,1787162400000,1787162400,2026-08-22 19:59:59 UTC,1787428799999,1787428799,0.00246,0.00226,6e-05,0.00214,0.00311,0.00214,50.0,6.55,13.11,LOSS,-6.55,-13.11,74
1254,TACUSDT,LONG,2026-08-19 19:00:00 UTC,1787166000000,1787166000,2026-08-22 19:59:59 UTC,1787428799999,1787428799,0.00245,0.00226,6e-05,0.00214,0.00308,0.00214,50.0,6.37,12.74,LOSS,-6.37,-12.74,73
1255,TACUSDT,LONG,2026-08-19 20:00:00 UTC,1787169600000,1787169600,2026-08-22 19:59:59 UTC,1787428799999,1787428799,0.00246,0.00226,6e-05,0.00215,0.00309,0.00215,50.0,6.41,12.82,LOSS,-6.41,-12.82,72
1256,TACUSDT,LONG,2026-08-19 21:00:00 UTC,1787173200000,1787173200,2026-08-22 19:59:59 UTC,1787428799999,1787428799,0.00248,0.00226,5e-05,0.00215,0.00316,0.00215,50.0,6.78,13.55,LOSS,-6.78,-13.55,71
1257,TACUSDT,LONG,2026-08-19 22:00:00 UTC,1787176800000,1787176800,2026-08-22 19:59:59 UTC,1787428799999,1787428799,0.00248,0.00226,5e-05,0.00215,0.00314,0.00215,50.0,6.63,13.26,LOSS,-6.63,-13.26,70
1258,TACUSDT,LONG,2026-08-19 23:00:00 UTC,1787180400000,1787180400,2026-08-22 19:59:59 UTC,1787428799999,1787428799,0.00246,0.00226,5e-05,0.00215,0.00307,0.00215,50.0,6.2,12.4,LOSS,-6.2,-12.4,69
1259,TACUSDT,LONG,2026-08-20 00:00:00 UTC,1787184000000,1787184000,2026-08-22 19:59:59 UTC,1787428799999,1787428799,0.00246,0.00226,5e-05,0.00216,0.00306,0.00216,50.0,6.11,12.22,LOSS,-6.11,-12.22,68
1260,TACUSDT,LONG,2026-08-20 01:00:00 UTC,1787187600000,1787187600,2026-08-22 19:59:59 UTC,1787428799999,1787428799,0.00246,0.00226,5e-05,0.00216,0.00307,0.00216,50.0,6.15,12.3,LOSS,-6.15,-12.3,67
1261,TACUSDT,LONG,2026-08-20 02:00:00 UTC,1787191200000,1787191200,2026-08-22 19:59:59 UTC,1787428799999,1787428799,0.00244,0.00226,5e-05,0.00216,0.003,0.00216,50.0,5.72,11.45,LOSS,-5.72,-11.45,66
1262,TACUSDT,LONG,2026-08-20 03:00:00 UTC,1787194800000,1787194800,2026-08-22 19:59:59 UTC,1787428799999,1787428799,0.00246,0.00226,5e-05,0.00216,0.00304,0.00216,50.0,5.96,11.93,LOSS,-5.96,-11.93,65
1263,TACUSDT,LONG,2026-08-20 04:00:00 UTC,1787198400000,1787198400,2026-08-22 19:59:59 UTC,1787428799999,1787428799,0.00244,0.00226,5e-05,0.00217,0.00298,0.00217,50.0,5.56,11.12,LOSS,-5.56,-11.12,64
1264,TACUSDT,LONG,2026-08-20 05:00:00 UTC,1787202000000,1787202000,2026-08-22 19:59:59 UTC,1787428799999,1787428799,0.00244,0.00226,4e-05,0.00217,0.00299,0.00217,50.0,5.61,11.23,LOSS,-5.61,-11.23,63
1265,TACUSDT,LONG,2026-08-20 06:00:00 UTC,1787205600000,1787205600,2026-08-22 19:59:59 UTC,1787428799999,1787428799,0.00243,0.00226,4e-05,0.00217,0.00295,0.00217,50.0,5.32,10.64,LOSS,-5.32,-10.64,62
1266,TACUSDT,LONG,2026-08-20 07:00:00 UTC,1787209200000,1787209200,2026-08-22 19:59:59 UTC,1787428799999,1787428799,0.00244,0.00226,4e-05,0.00217,0.00297,0.00217,50.0,5.42,10.83,LOSS,-5.42,-10.83,61
1267,TACUSDT,LONG,2026-08-20 08:00:00 UTC,1787212800000,1787212800,2026-08-22 19:59:59 UTC,1787428799999,1787428799,0.00242,0.00226,4e-05,0.00218,0.00292,0.00218,50.0,5.13,10.26,LOSS,-5.13,-10.26,60
1268,TACUSDT,LONG,2026-08-20 09:00:00 UTC,1787216400000,1787216400,2026-08-22 19:59:59 UTC,1787428799999,1787428799,0.00249,0.00226,4e-05,0.00217,0.00313,0.00217,50.0,6.44,12.87,LOSS,-6.44,-12.87,59
1269,TACUSDT,LONG,2026-08-20 10:00:00 UTC,1787220000000,1787220000,2026-08-22 19:59:59 UTC,1787428799999,1787428799,0.00249,0.00226,4e-05,0.00217,0.00312,0.00217,50.0,6.34,12.67,LOSS,-6.34,-12.67,58
1270,TACUSDT,LONG,2026-08-20 11:00:00 UTC,1787223600000,1787223600,2026-08-22 19:59:59 UTC,1787428799999,1787428799,0.00249,0.00226,4e-05,0.00217,0.00312,0.00217,50.0,6.3,12.61,LOSS,-6.3,-12.61,57
1271,TACUSDT,LONG,2026-08-20 12:00:00 UTC,1787227200000,1787227200,2026-08-22 19:59:59 UTC,1787428799999,1787428799,0.00248,0.00226,4e-05,0.00218,0.00309,0.00218,50.0,6.11,12.22,LOSS,-6.11,-12.22,56
1272,TACUSDT,LONG,2026-08-20 13:00:00 UTC,1787230800000,1787230800,2026-08-22 19:59:59 UTC,1787428799999,1787428799,0.00249,0.00226,4e-05,0.00218,0.00311,0.00218,50.0,6.25,12.51,LOSS,-6.25,-12.51,55
1273,TACUSDT,LONG,2026-08-20 14:00:00 UTC,1787234400000,1787234400,2026-08-22 19:59:59 UTC,1787428799999,1787428799,0.00254,0.00226,4e-05,0.00217,0.00328,0.00217,50.0,7.26,14.52,LOSS,-7.26,-14.52,54
1274,TACUSDT,LONG,2026-08-20 15:00:00 UTC,1787238000000,1787238000,2026-08-22 19:59:59 UTC,1787428799999,1787428799,0.00249,0.00226,4e-05,0.00217,0.00314,0.00217,50.0,6.47,12.94,LOSS,-6.47,-12.94,53
1275,TACUSDT,LONG,2026-08-20 16:00:00 UTC,1787241600000,1787241600,2026-08-22 19:59:59 UTC,1787428799999,1787428799,0.00254,0.00226,4e-05,0.00217,0.00327,0.00217,50.0,7.26,14.51,LOSS,-7.26,-14.51,52
1276,TACUSDT,LONG,2026-08-20 17:00:00 UTC,1787245200000,1787245200,2026-08-22 19:59:59 UTC,1787428799999,1787428799,0.00255,0.00226,4e-05,0.00217,0.00331,0.00217,50.0,7.47,14.95,LOSS,-7.47,-14.95,51
1277,TACUSDT,LONG,2026-08-20 18:00:00 UTC,1787248800000,1787248800,2026-08-22 19:59:59 UTC,1787428799999,1787428799,0.00252,0.00226,4e-05,0.00217,0.00323,0.00217,50.0,7.01,14.02,LOSS,-7.01,-14.02,50
1278,TACUSDT,LONG,2026-08-20 19:00:00 UTC,1787252400000,1787252400,2026-08-22 19:59:59 UTC,1787428799999,1787428799,0.00253,0.00226,4e-05,0.00217,0.00325,0.00217,50.0,7.11,14.22,LOSS,-7.11,-14.22,49
1279,TACUSDT,LONG,2026-08-20 20:00:00 UTC,1787256000000,1787256000,2026-08-22 19:59:59 UTC,1787428799999,1787428799,0.00253,0.00226,4e-05,0.00218,0.00323,0.00218,50.0,6.94,13.87,LOSS,-6.94,-13.87,48
1280,TACUSDT,LONG,2026-08-20 21:00:00 UTC,1787259600000,1787259600,2026-08-22 19:59:59 UTC,1787428799999,1787428799,0.00254,0.00226,4e-05,0.00218,0.00327,0.00218,50.0,7.18,14.36,LOSS,-7.18,-14.36,47
1281,TACUSDT,LONG,2026-08-20 22:00:00 UTC,1787263200000,1787263200,2026-08-22 19:59:59 UTC,1787428799999,1787428799,0.00255,0.00226,4e-05,0.00218,0.00329,0.00218,50.0,7.26,14.52,LOSS,-7.26,-14.52,46
1282,TACUSDT,LONG,2026-08-20 23:00:00 UTC,1787266800000,1787266800,2026-08-22 19:59:59 UTC,1787428799999,1787428799,0.00256,0.00226,4e-05,0.00218,0.00332,0.00218,50.0,7.43,14.86,LOSS,-7.43,-14.86,45
1283,TACUSDT,LONG,2026-08-21 00:00:00 UTC,1787270400000,1787270400,2026-08-22 19:59:59 UTC,1787428799999,1787428799,0.00257,0.00226,4e-05,0.00218,0.00336,0.00218,50.0,7.61,15.22,LOSS,-7.61,-15.22,44
1284,TACUSDT,LONG,2026-08-21 01:00:00 UTC,1787274000000,1787274000,2026-08-22 19:59:59 UTC,1787428799999,1787428799,0.00252,0.00226,4e-05,0.00218,0.00321,0.00218,50.0,6.84,13.69,LOSS,-6.84,-13.69,43
1285,TACUSDT,LONG,2026-08-21 02:00:00 UTC,1787277600000,1787277600,2026-08-22 19:59:59 UTC,1787428799999,1787428799,0.00255,0.00226,4e-05,0.00217,0.00329,0.00217,50.0,7.33,14.66,LOSS,-7.33,-14.66,42
1286,TACUSDT,LONG,2026-08-21 03:00:00 UTC,1787281200000,1787281200,2026-08-22 19:59:59 UTC,1787428799999,1787428799,0.00257,0.00226,4e-05,0.00217,0.00335,0.00217,50.0,7.65,15.3,LOSS,-7.65,-15.3,41
1287,TACUSDT,LONG,2026-08-21 04:00:00 UTC,1787284800000,1787284800,2026-08-22 19:59:59 UTC,1787428799999,1787428799,0.00254,0.00226,4e-05,0.00217,0.00327,0.00217,50.0,7.19,14.38,LOSS,-7.19,-14.38,40
1288,TACUSDT,LONG,2026-08-21 05:00:00 UTC,1787288400000,1787288400,2026-08-22 19:59:59 UTC,1787428799999,1787428799,0.00256,0.00226,4e-05,0.00217,0.00334,0.00217,50.0,7.59,15.18,LOSS,-7.59,-15.18,39
1289,TACUSDT,LONG,2026-08-21 06:00:00 UTC,1787292000000,1787292000,2026-08-22 19:59:59 UTC,1787428799999,1787428799,0.0026,0.00226,4e-05,0.00217,0.00345,0.00217,50.0,8.2,16.4,LOSS,-8.2,-16.4,38
1290,TACUSDT,LONG,2026-08-21 07:00:00 UTC,1787295600000,1787295600,2026-08-22 19:59:59 UTC,1787428799999,1787428799,0.00261,0.00226,4e-05,0.00217,0.00349,0.00217,50.0,8.4,16.8,LOSS,-8.4,-16.8,37
1291,TACUSDT,LONG,2026-08-21 08:00:00 UTC,1787299200000,1787299200,2026-08-22 19:59:59 UTC,1787428799999,1787428799,0.00268,0.00226,4e-05,0.00217,0.00369,0.00217,50.0,9.49,18.97,LOSS,-9.49,-18.97,36
1292,TACUSDT,LONG,2026-08-21 09:00:00 UTC,1787302800000,1787302800,2026-08-22 19:59:59 UTC,1787428799999,1787428799,0.00275,0.00226,5e-05,0.00216,0.00393,0.00216,50.0,10.69,21.37,LOSS,-10.69,-21.37,35
1293,TACUSDT,LONG,2026-08-21 10:00:00 UTC,1787306400000,1787306400,2026-08-22 19:59:59 UTC,1787428799999,1787428799,0.00276,0.00226,5e-05,0.00216,0.00395,0.00216,50.0,10.86,21.72,LOSS,-10.86,-21.72,34
1294,TACUSDT,LONG,2026-08-21 11:00:00 UTC,1787310000000,1787310000,2026-08-22 19:59:59 UTC,1787428799999,1787428799,0.00278,0.00226,5e-05,0.00215,0.00404,0.00215,50.0,11.35,22.7,LOSS,-11.35,-22.7,33
1295,TACUSDT,LONG,2026-08-21 12:00:00 UTC,1787313600000,1787313600,2026-08-22 19:59:59 UTC,1787428799999,1787428799,0.00278,0.00226,5e-05,0.00215,0.00402,0.00215,50.0,11.26,22.51,LOSS,-11.26,-22.51,32
1296,TACUSDT,LONG,2026-08-21 13:00:00 UTC,1787317200000,1787317200,2026-08-22 19:59:59 UTC,1787428799999,1787428799,0.00275,0.00226,5e-05,0.00215,0.00394,0.00215,50.0,10.87,21.75,LOSS,-10.87,-21.75,31
1297,TACUSDT,LONG,2026-08-21 14:00:00 UTC,1787320800000,1787320800,2026-08-22 19:59:59 UTC,1787428799999,1787428799,0.00278,0.00226,5e-05,0.00215,0.00405,0.00215,50.0,11.39,22.78,LOSS,-11.39,-22.78,30
1298,TACUSDT,LONG,2026-08-21 15:00:00 UTC,1787324400000,1787324400,2026-08-22 19:59:59 UTC,1787428799999,1787428799,0.00275,0.00226,5e-05,0.00215,0.00396,0.00215,50.0,10.97,21.93,LOSS,-10.97,-21.93,29
1299,TACUSDT,LONG,2026-08-21 16:00:00 UTC,1787328000000,1787328000,2026-08-22 19:59:59 UTC,1787428799999,1787428799,0.00274,0.00226,5e-05,0.00215,0.00392,0.00215,50.0,10.75,21.5,LOSS,-10.75,-21.5,28
1300,TACUSDT,LONG,2026-08-21 17:00:00 UTC,1787331600000,1787331600,2026-08-22 19:59:59 UTC,1787428799999,1787428799,0.00273,0.00226,5e-05,0.00215,0.00389,0.00215,50.0,10.6,21.21,LOSS,-10.6,-21.21,27
1301,TACUSDT,LONG,2026-08-21 18:00:00 UTC,1787335200000,1787335200,2026-08-22 19:59:59 UTC,1787428799999,1787428799,0.00274,0.00226,5e-05,0.00216,0.0039,0.00216,50.0,10.6,21.21,LOSS,-10.6,-21.21,26
1302,TACUSDT,LONG,2026-08-21 19:00:00 UTC,1787338800000,1787338800,2026-08-22 19:59:59 UTC,1787428799999,1787428799,0.00273,0.00226,5e-05,0.00216,0.00387,0.00216,50.0,10.41,20.83,LOSS,-10.41,-20.83,25
1303,TACUSDT,LONG,2026-08-21 20:00:00 UTC,1787342400000,1787342400,2026-08-22 19:59:59 UTC,1787428799999,1787428799,0.0027,0.00226,5e-05,0.00216,0.00378,0.00216,50.0,9.97,19.94,LOSS,-9.97,-19.94,24
1304,TACUSDT,LONG,2026-08-21 21:00:00 UTC,1787346000000,1787346000,2026-08-22 19:59:59 UTC,1787428799999,1787428799,0.00272,0.00226,5e-05,0.00216,0.00385,0.00216,50.0,10.29,20.59,LOSS,-10.29,-20.59,23
1305,TACUSDT,LONG,2026-08-21 22:00:00 UTC,1787349600000,1787349600,2026-08-22 19:59:59 UTC,1787428799999,1787428799,0.00275,0.00226,5e-05,0.00217,0.00393,0.00217,50.0,10.68,21.36,LOSS,-10.68,-21.36,22
1306,TACUSDT,LONG,2026-08-21 23:00:00 UTC,1787353200000,1787353200,2026-08-22 19:59:59 UTC,1787428799999,1787428799,0.00276,0.00226,4e-05,0.00217,0.00396,0.00217,50.0,10.79,21.57,LOSS,-10.79,-21.57,21
1307,TACUSDT,LONG,2026-08-22 00:00:00 UTC,1787356800000,1787356800,2026-08-22 19:59:59 UTC,1787428799999,1787428799,0.00276,0.00226,4e-05,0.00217,0.00392,0.00217,50.0,10.6,21.19,LOSS,-10.6,-21.19,20
1308,TACUSDT,LONG,2026-08-22 01:00:00 UTC,1787360400000,1787360400,2026-08-22 19:59:59 UTC,1787428799999,1787428799,0.00275,0.00226,4e-05,0.00217,0.00391,0.00217,50.0,10.54,21.09,LOSS,-10.54,-21.09,19
1309,TACUSDT,LONG,2026-08-22 02:00:00 UTC,1787364000000,1787364000,2026-08-22 19:59:59 UTC,1787428799999,1787428799,0.00278,0.00226,4e-05,0.00217,0.004,0.00217,50.0,10.98,21.95,LOSS,-10.98,-21.95,18
1310,TACUSDT,LONG,2026-08-22 03:00:00 UTC,1787367600000,1787367600,2026-08-22 19:59:59 UTC,1787428799999,1787428799,0.00283,0.00226,4e-05,0.00217,0.00414,0.00217,50.0,11.63,23.25,LOSS,-11.63,-23.25,17
1311,TACUSDT,LONG,2026-08-22 04:00:00 UTC,1787371200000,1787371200,2026-08-22 19:59:59 UTC,1787428799999,1787428799,0.00284,0.00226,4e-05,0.00217,0.00417,0.00217,50.0,11.76,23.53,LOSS,-11.76,-23.53,16
1312,TACUSDT,LONG,2026-08-22 05:00:00 UTC,1787374800000,1787374800,2026-08-22 19:59:59 UTC,1787428799999,1787428799,0.00282,0.00226,4e-05,0.00217,0.00411,0.00217,50.0,11.49,22.98,LOSS,-11.49,-22.98,15
1313,TACUSDT,LONG,2026-08-22 06:00:00 UTC,1787378400000,1787378400,2026-08-22 19:59:59 UTC,1787428799999,1787428799,0.00258,0.00226,8e-05,0.0021,0.00354,0.0021,50.0,9.3,18.6,LOSS,-9.3,-18.6,14
1314,TACUSDT,LONG,2026-08-22 07:00:00 UTC,1787382000000,1787382000,2026-08-22 19:59:59 UTC,1787428799999,1787428799,0.0026,0.00226,8e-05,0.00211,0.00357,0.00211,50.0,9.41,18.82,LOSS,-9.41,-18.82,13
1315,TACUSDT,LONG,2026-08-22 08:00:00 UTC,1787385600000,1787385600,2026-08-22 19:59:59 UTC,1787428799999,1787428799,0.00261,0.00226,7e-05,0.00211,0.00361,0.00211,50.0,9.58,19.17,LOSS,-9.58,-19.17,12
1316,TACUSDT,LONG,2026-08-22 09:00:00 UTC,1787389200000,1787389200,2026-08-22 19:59:59 UTC,1787428799999,1787428799,0.00257,0.00226,7e-05,0.00211,0.00349,0.00211,50.0,8.96,17.93,LOSS,-8.96,-17.93,11
1317,TACUSDT,LONG,2026-08-22 10:00:00 UTC,1787392800000,1787392800,2026-08-22 19:59:59 UTC,1787428799999,1787428799,0.00255,0.00226,7e-05,0.00211,0.00342,0.00211,50.0,8.58,17.15,LOSS,-8.58,-17.15,10
1318,TACUSDT,LONG,2026-08-22 11:00:00 UTC,1787396400000,1787396400,2026-08-22 19:59:59 UTC,1787428799999,1787428799,0.00252,0.00226,7e-05,0.00211,0.00334,0.00211,50.0,8.1,16.2,LOSS,-8.1,-16.2,9
1319,TACUSDT,LONG,2026-08-22 12:00:00 UTC,1787400000000,1787400000,2026-08-22 19:59:59 UTC,1787428799999,1787428799,0.00253,0.00226,7e-05,0.00212,0.00335,0.00212,50.0,8.13,16.27,LOSS,-8.13,-16.27,8
1320,TACUSDT,LONG,2026-08-22 13:00:00 UTC,1787403600000,1787403600,2026-08-22 19:59:59 UTC,1787428799999,1787428799,0.00252,0.00226,7e-05,0.00212,0.00332,0.00212,50.0,7.91,15.83,LOSS,-7.91,-15.83,7
1321,TACUSDT,LONG,2026-08-22 14:00:00 UTC,1787407200000,1787407200,2026-08-22 19:59:59 UTC,1787428799999,1787428799,0.00254,0.00226,6e-05,0.00213,0.00336,0.00213,50.0,8.08,16.16,LOSS,-8.08,-16.16,6
1322,TACUSDT,LONG,2026-08-22 15:00:00 UTC,1787410800000,1787410800,2026-08-22 19:59:59 UTC,1787428799999,1787428799,0.00251,0.00226,6e-05,0.00213,0.00328,0.00213,50.0,7.59,15.19,LOSS,-7.59,-15.19,5
1323,TACUSDT,LONG,2026-08-22 16:00:00 UTC,1787414400000,1787414400,2026-08-22 19:59:59 UTC,1787428799999,1787428799,0.0025,0.00226,6e-05,0.00214,0.00324,0.00214,50.0,7.36,14.72,LOSS,-7.36,-14.72,4
1324,TACUSDT,LONG,2026-08-22 17:00:00 UTC,1787418000000,1787418000,2026-08-22 19:59:59 UTC,1787428799999,1787428799,0.00252,0.00226,6e-05,0.00214,0.00328,0.00214,50.0,7.55,15.11,LOSS,-7.55,-15.11,3
1325,TACUSDT,LONG,2026-08-22 18:00:00 UTC,1787421600000,1787421600,2026-08-22 19:59:59 UTC,1787428799999,1787428799,0.00254,0.00226,6e-05,0.00214,0.00333,0.00214,50.0,7.78,15.55,LOSS,-7.78,-15.55,2
1326,TACUSDT,LONG,2026-08-22 19:00:00 UTC,1787425200000,1787425200,2026-08-22 19:59:59 UTC,1787428799999,1787428799,0.00255,0.00226,6e-05,0.00215,0.00335,0.00215,50.0,7.85,15.71,LOSS,-7.85,-15.71,1
1327,TACUSDT,LONG,2026-08-22 20:00:00 UTC,1787428800000,1787428800,2026-08-22 20:59:59 UTC,1787432399999,1787432399,0.00212,0.00186,0.0001,0.00165,0.00307,0.00165,50.0,11.1,22.2,LOSS,-11.1,-22.2,1
