trade_id,target,pnl_usdt,risk_usdt,reward_usdt,trend_100b_pct,trend_50b_pct,trend_20b_pct,stoch_pos_pct,norm_atr_pct,volatility_range_pct,volume_ratio,entry_hour,dist_to_100low_pct,last_bar_body_ratio,last_bar_is_bullish
1,0,-0.9920538397258992,0.9920538397258992,1.9841076794517984,-4.68391745823781,-2.6755852842809436,-2.773137320414306,7.142857142857108,0.6655933586262452,9.140893470790385,0.9481856154124209,7,0.65292096219931,0.5769230769230789,0
2,0,-0.8585063689285987,0.8585063689285987,1.7170127378571973,-4.913200131018669,-3.4264803725881503,-2.6818638954073006,4.135338345864718,0.6689819030429964,9.166092350103384,1.1098094662671325,7,0.37904893177119775,0.3499999999999805,0
3,0,-1.117003808727437,1.117003808727437,2.234007617454874,-5.021193348549073,-3.734302709847993,-2.116935483870972,8.921933085501909,0.7049158966395229,9.237637362637367,1.213296427695669,7,0.8241758241758292,0.31428571428570756,1
4,0,-1.0411008101588166,1.0411008101588166,2.0822016203176332,-5.2768729641693755,-3.6128604574080265,-2.514247401944351,7.434944237918232,0.6972218555508387,9.250343878954613,1.1643295598210792,8,0.6877579092159578,0.23529411764706934,0
5,0,-0.9564284490313092,0.9564284490313092,1.9128568980626184,-5.194380921267555,-3.620059780803711,-2.5193147463889813,5.204460966542794,0.7152154924496384,9.269469331495525,1.2600634836254603,8,0.4824259131633399,0.22222222222221866,0
6,1,1.5028798806962285,0.7514399403481142,1.5028798806962285,-5.400981996726671,-4.209479615512096,-2.9875797247398346,0.7380073800737387,0.7168139015669537,9.38365650969529,1.3160484377392732,8,0.06925207756232105,0.5999999999999913,0
7,0,-0.8375830152250047,0.8375830152250047,1.6751660304500093,-5.52287581699346,-4.14456233421751,-3.0841434797184064,2.930402930402999,0.6992704287796313,9.439834024896273,1.3810065414126362,8,0.2766251728907398,0.21428571428570986,1
8,1,1.7485600516968334,0.8742800258484167,1.7485600516968334,-7.05045278137129,-4.549983394221188,-3.7508372404554633,2.758620689655091,0.7351495910658132,10.086956521739127,1.4565009828498552,9,0.27826086956520907,0.5454545454545586,0
9,0,-1.003874403920762,1.003874403920762,2.007748807841524,-6.278464541314249,-4.728835978835989,-3.1271015467384062,5.460750853242448,0.7260966261429758,10.173611111111121,1.5065989962871,9,0.555555555555569,0.3333333333333253,1
10,0,-1.3064021323239048,1.3064021323239048,2.6128042646478096,-6.03112840466926,-3.8487060384870673,-2.914572864321603,11.26279863481229,0.7368474205531098,10.11391094235417,1.536419644778084,9,1.1391094235415964,0.666666666666656,1
11,0,-1.3677650737541462,1.3677650737541462,2.7355301475082925,-6.417284746855851,-3.7159920371599244,-2.5193147463889813,12.627986348122903,0.7300539396624479,10.099965529127896,1.3176365742460339,9,1.27542226818339,0.2631578947368553,1
12,0,-1.5005528774297983,1.5005528774297983,3.0011057548595965,-5.916585838991271,-3.5785288270377746,-2.250587840107498,15.699658703071668,0.7101748705569444,10.06872852233678,1.1508871535648988,10,1.5807560137457057,0.6428571428571296,1
13,0,-1.769014631216913,1.769014631216913,3.538029262433826,-5.147296859825195,-3.0443414956982155,-0.8460236886632921,21.160409556314118,0.7095477822763703,10.013670539986338,1.0683554322724378,10,2.1189336978810807,0.9090909090908983,1
14,0,-1.2495005567632065,1.2495005567632065,2.499001113526413,-6.199285946121382,-4.9342105263157885,-2.166553825321592,9.556313993174136,0.7654065042044196,10.131396957123108,1.1693892215129047,10,0.9681881051175742,0.9000000000000076,0
15,0,-1.7502380854123503,1.7502380854123503,3.5004761708247005,-5.476344782890482,-4.548429319371735,-1.1856368563685742,18.088737201365202,0.8417704817099115,10.044566335275979,1.1947508524445687,10,1.8169352074048715,0.44642857142856823,1
16,0,-2.1596341972342223,2.1596341972342223,4.319268394468445,-5.795709253922502,-3.5409836065573774,-0.6752194463200412,26.279863481228727,0.8505556525215325,9.962597755865362,1.1713556551877151,11,2.618157089425374,0.8064516129032294,1
17,0,-2.4844130319812634,2.4844130319812634,4.968826063962527,-4.916452442159394,-2.4076517150395826,0.4412763068567547,32.42320819112626,0.8791409806125562,9.901993916863816,1.1551684653403747,11,3.2105441027374124,0.4615384615384564,1
18,0,-2.4883667012843484,2.4883667012843484,4.976733402568697,-5.670595731124555,-1.7258546299369386,0.6800408024481486,32.76450511945394,0.8667450796627214,9.898648648648658,1.091616615261505,11,3.243243243243249,0.095238095238109,1
19,0,-2.272343561622512,2.272343561622512,4.544687123245024,-5.694177863083806,-1.667778519012665,0.2380142808568535,28.327645051194573,0.8641318208692015,9.942314217848669,1.0521505812252685,11,2.816423481506623,0.521739130434776,0
20,0,-2.727061510482923,2.727061510482923,5.454123020965846,-4.77564102564102,-1.0326449033977276,2.096219931271488,37.20136518771333,0.8938963574388545,9.855364951227726,1.1331733082348723,12,3.6663303060881316,0.5853658536585369,1
21,0,-2.5389154320127014,2.5389154320127014,5.077830864025403,-5.156950672645744,-1.1352253756260349,1.9979331725800857,33.10580204778164,0.9009552834142488,9.8953056399865,1.2427700408462297,12,3.275920297196903,0.4285714285714264,0
22,0,-2.366763608570097,2.366763608570097,4.733527217140194,-5.690537084398983,-1.6666666666666712,1.2701682114658477,29.692832764505184,0.8926870243613464,9.928837682141657,1.341939835161889,12,2.9481531684174946,0.5000000000000099,0
23,0,-2.675472638662208,2.675472638662208,5.350945277324416,-5.3537284894837525,-1.0000000000000027,2.1320495185694632,36.177474402730404,0.8909608541504175,9.865319865319876,1.2680579471124154,12,3.569023569023576,0.7037037037036977,1
24,0,-2.5912724828712985,2.5912724828712985,5.182544965742597,-5.451067899266819,-1.0343677010343748,2.205375603032385,35.915492957746466,0.8717849575847135,9.575185434929212,1.2066559057967203,13,3.4389750505731653,0.2222222222222249,0
25,0,-2.493105318401338,2.493105318401338,4.986210636802676,-5.552010210593494,-1.2345679012345725,2.4221453287197146,33.80281690140846,0.8714836967797145,9.594594594594607,1.1061490639709464,13,3.243243243243249,0.2399999999999986,0
26,0,-2.333398486548673,2.333398486548673,4.666796973097346,-5.263157894736832,-1.4028056112224427,2.1099965409892874,30.985915492957844,0.8428835813996178,9.620596205962073,1.066342068389273,13,2.9810298102981165,0.6153846153845974,0
27,0,-2.286065264070094,2.286065264070094,4.572130528140188,-5.656759348034504,-1.4686248331108067,2.71398747390398,31.18279569892481,0.8119886798613489,9.454422229752632,1.0021322007308646,13,2.9481531684174946,0.0,0
28,0,-2.137039991396559,2.137039991396559,4.274079982793118,-6.124401913875608,-1.1420893516963446,2.15203054494967,28.519855595667863,0.7948721354672329,9.41216445803603,0.9868798334411846,14,2.68433571185865,0.5000000000000135,0
29,0,-2.1052494180548003,2.1052494180548003,4.2104988361096005,-5.73901891631933,-1.8036072144288655,1.4492753623188384,29.213483146067524,0.7796205941254946,9.075458871515986,1.0178069410138555,14,2.6512576478586123,0.1764705882352911,0
30,0,-1.7212711554617601,1.7212711554617601,3.4425423109235203,-6.048906048906056,-2.2103148024112556,0.6202618883528527,20.610687022900844,0.795979860053943,8.9787525702536,0.9085436142469852,14,1.8505825908156348,0.8148148148148231,0
31,0,-1.5732621504979436,1.5732621504979436,3.146524300995887,-5.977382875605825,-2.773137320414306,0.0,18.852459016393432,0.7828841436250918,8.384879725085922,0.7888723432169865,14,1.5807560137457057,0.4705882352941387,0
32,0,-1.3242567465258215,1.3242567465258215,2.648513493051643,-6.73976136730087,-3.0506201810258107,-1.2969283276450458,11.475409836065662,0.8401626939670331,8.437067773167369,0.8487722019261905,15,0.9681881051175742,0.40909090909090234,0
33,0,-1.4316956680071162,1.4316956680071162,2.8633913360142325,-6.118484946584666,-2.553763440860219,0.3460207612456606,13.991769547325166,0.8450842118304396,8.38509316770187,0.8724301268874117,15,1.1732229123533533,0.2962962962962862,1
34,0,-1.4802033719725372,1.4802033719725372,2.9604067439450743,-5.5934959349593445,-2.6818638954073006,-0.47994514912580355,17.04035874439473,0.8254824898222897,7.684355616815992,0.8882711593092744,15,1.3094417643004916,0.29411764705883553,1
35,0,-1.2743448650308065,1.2743448650308065,2.548689730061613,-5.337262606417811,-2.8888142425260375,-1.7335146159075547,11.682242990654327,0.8416691987102728,7.407407407407415,0.9165602189800205,15,0.865351332641062,0.3793103448275924,0
36,0,-1.0462253439990494,1.0462253439990494,2.092450687998099,-5.8303308221421615,-3.4911043974488063,-2.8387968908414964,5.365853658536655,0.8549209961729615,7.130434782608706,0.9890419739744547,16,0.3826086956521794,0.5000000000000078,0
37,0,-1.6487010629939625,1.6487010629939625,3.297402125987925,-4.377880184331793,-2.6148172980221234,-1.8912529550827444,20.000000000000085,0.9430212006875932,7.056798623063694,1.35349453386734,16,1.411359724612745,0.46875000000000255,1
38,0,-1.337291300915256,1.337291300915256,2.674582601830512,-3.025210084033621,-3.382451440053582,-2.137042062415201,10.243902439024465,0.9733398277783358,7.10571923743502,1.3676854564050593,16,0.7279029462738366,0.5405405405405399,0
39,0,-1.1843962024138852,1.1843962024138852,2.3687924048277704,-5.546439120446337,-3.2279757901815787,-3.1302591719959674,6.341463414634132,0.9584664144403023,7.125477928397649,1.4495951290629436,16,0.4518595759471669,0.3333333333333333,0
40,0,-0.9632041263703006,0.9632041263703006,1.9264082527406012,-4.848887412819657,-4.02010050251256,-3.2421479229989925,0.975609756097689,0.9283122910597588,7.152826238660165,1.5838060189216108,17,0.06978367062108394,0.9230769230769128,0
41,1,1.908436812895252,0.954218406447626,1.908436812895252,-4.690618762475053,-3.762176687940884,-2.88135593220339,1.4563106796116332,0.9018806534818186,7.187718073970692,1.5997649546466903,17,0.10467550593161078,0.06250000000000847,0
42,0,-1.289390504358738,1.289390504358738,2.578781008717476,-5.171838505171845,-4.534766543500172,-4.309764309764312,7.7235772357723205,0.9551188646683828,8.655876143560876,1.5836600543167767,17,0.668543279380715,0.5454545454545463,0
43,0,-1.388653200973727,1.388653200973727,2.777306401947454,-4.682274247491637,-3.5532994923857886,-3.910991233985158,10.569105691056897,0.9323527446732717,8.634608634608638,1.6002284552109713,17,0.9126009126009119,0.4210526315789498,1
44,0,-1.4833628832557657,1.4833628832557657,2.9667257665115314,-4.925124792013301,-3.2836831415030425,-3.4797297297297227,13.821138211382177,0.8883331317681875,8.61043052152608,1.548560743188073,18,1.1900595029751548,0.8000000000000174,1
45,0,-1.484394202914181,1.484394202914181,2.968788405828362,-4.986702127659574,-3.1842818428184394,-3.1842818428184394,14.227642276422706,0.8720778978057145,8.607417774667605,1.5129893881855236,18,1.2246326102169307,0.052631578947352806,1
46,0,-1.4426016854611141,1.4426016854611141,2.8852033709222282,-4.577347143334446,-3.5786630654962783,-3.2520325203252085,13.821138211382177,0.8475719339735361,8.61043052152608,1.4579736559790135,18,1.1900595029751548,0.1333333333333237,0
47,0,-1.3268801141983366,1.3268801141983366,2.6537602283966732,-5.123087159015305,-3.190767141887302,-3.0920829085966677,11.788617886178834,0.8184649669332571,8.625525946704071,0.9922067158534374,18,1.0168302945301524,0.4166666666666908,0
48,0,-1.269308448972868,1.269308448972868,2.538616897945736,-5.12820512820513,-3.1281876912614783,-3.095238095238093,10.975609756097601,0.7956242384465526,8.631578947368425,0.9195432516684368,19,0.9473684210526356,0.21428571428570986,0
49,0,-1.213329605599033,1.213329605599033,2.426659211198066,-5.664127194435249,-3.1621897313838896,-2.4657534246575348,10.162601626016194,0.7744251112170131,8.637640449438207,0.8669035609583862,19,0.8778089887640397,0.14285714285716497,0
50,0,-1.349375351710057,1.349375351710057,2.698750703420114,-5.019946808510627,-1.821305841924387,-1.821305841924387,13.821138211382177,0.7543456002224779,8.61043052152608,0.7890605845182601,19,1.1900595029751548,0.600000000000029,1
51,0,-1.5315727216517254,1.5315727216517254,3.063145443303451,-4.0133779264214,-1.136755080950742,-0.7607192254495119,18.699186991869922,0.7298996648375007,8.574416172882541,0.7447503821323977,19,1.603346113628443,1.0,1
52,0,-1.463029244093983,1.463029244093983,2.926058488187966,-4.723885562208922,-1.6821146584277378,-1.2413793103448278,17.88617886178869,0.6956766106792632,8.580397628182773,0.5217566714526374,20,1.5347052668294454,0.7142857142857408,0
53,0,-1.6467690291629842,1.6467690291629842,3.2935380583259684,-4.890945142101788,-1.0316368638239366,-0.8611780916293585,21.951219512195028,0.7082914483496405,8.550573514077168,0.5380226051397196,20,1.8769551616266873,0.4230769230769128,1
54,0,-1.5248745698294455,1.5248745698294455,3.049749139658891,-4.872389791183294,-1.1026878015161925,-0.7263922518159721,19.512195121951155,0.688928906297579,8.568443051201676,0.5430354869905606,20,1.671891327063736,0.5833333333333093,0
55,0,-1.3844995403467784,1.3844995403467784,2.7689990806935567,-4.915310528063756,-0.9342560553633257,-0.4173913043478212,16.66666666666658,0.6687174174417526,8.589385474860341,0.4946108281165189,20,1.431564245810049,0.7272727272727237,0
56,0,-1.4489291163220503,1.4489291163220503,2.8978582326441007,-4.905535299966859,-0.7609823590453091,-1.2392426850258178,18.699186991869922,0.6472560595078263,8.574416172882541,0.46735503629602404,21,1.603346113628443,0.4545454545454689,1
57,0,-1.4519838041678312,1.4519838041678312,2.9039676083356625,-4.840848806366043,-0.13917884481557632,-0.5199306759098725,19.105691056910626,0.6331684731573767,8.571428571428577,0.5290232572563494,21,1.6376306620209118,0.07692307692308718,1
58,0,-1.479874589366558,1.479874589366558,2.959749178733116,-4.583194951843231,-0.27768136063865884,-0.17373175816538555,20.325203252032566,0.6097040359380864,8.562478245736168,0.5320544129082952,21,1.7403411068569483,0.3333333333333333,1
59,0,-1.4134301657683535,1.4134301657683535,2.826860331536707,-5.191798941798941,-1.0697032436162794,0.06980802792322043,18.699186991869922,0.6117571089541297,8.574416172882541,0.557571273824209,21,1.603346113628443,0.3333333333333333,0
60,0,-1.4314759804047326,1.4314759804047326,2.862951960809465,-4.810882548108831,-1.1371467953135783,0.13961605584642572,19.105691056910626,0.6126606493942797,8.571428571428577,0.5871423078491539,22,1.6376306620209118,0.0,0
61,0,-1.6322585711534807,1.6322585711534807,3.2645171423069614,-4.379562043795627,-0.9621993127147702,1.407459535538357,23.98373983739837,0.6086638452686771,8.53573907009022,0.624129603119587,22,2.047189451769605,0.7058823529411644,1
62,0,-1.604209838519271,1.604209838519271,3.208419677038542,-4.605699138502313,-1.740614334470984,1.0175438596491209,23.577235772357668,0.5976149062041021,8.53870183963902,0.7083015286730511,22,2.013189864630333,0.2307692307692282,0
63,0,-1.5838367402703006,1.5838367402703006,3.1676734805406013,-4.698874917273321,-0.3460207612456756,0.8050402520126012,23.577235772357668,0.5772418079551314,8.53870183963902,0.6350942766723158,22,2.013189864630333,0.11111111111107363,0
64,0,-1.5985193358442025,1.5985193358442025,3.197038671688405,-5.1644736842105265,-1.1655810764483971,0.874737578726392,24.390243902439078,0.5579366095174552,8.532778355879296,0.6599476234866642,23,2.081165452653491,0.22222222222225435,1
65,0,-1.727304101104529,1.727304101104529,3.454608202209058,-5.333769633507852,-1.665533650577838,1.295518207282918,27.642276422764176,0.5512404553072272,8.509166378415777,0.6783927319132828,23,2.352127291594601,0.7142857142857099,1
66,0,-1.736743480335203,1.736743480335203,3.473486960670406,-5.278688524590168,-2.365664075701242,1.297335203366064,28.048780487804887,0.5437974222439123,8.506224066390047,0.731294666025327,23,2.3858921161825744,0.153846153846141,0
67,0,-1.8656307361251745,1.8656307361251745,3.731261472250349,-4.320580474934038,-2.0263424518743722,1.8252018252018238,31.300813008129992,0.5380445292286241,8.48275862068966,0.7524271693456631,23,2.655172413793097,0.6428571428571296,1
68,0,-1.9659885643476354,1.9659885643476354,3.9319771286952707,-3.5844673083305683,-1.4586160108548192,2.0014044943820295,38.785046728972006,0.5379087295231336,7.364074328974543,0.8204165295030929,0,2.8561596696490077,0.3125000000000068,1
69,0,-1.958409975991859,1.958409975991859,3.916819951983718,-3.1354236157438256,-2.2551329518680654,1.6450822541126964,42.18749999999998,0.5637818768183034,6.61157024793388,0.9080316407866311,0,2.7892561983471045,0.07692307692308718,0
70,0,-2.7481674684581066,2.7481674684581066,5.496334936916213,-1.8321119253830755,-0.4728132387706897,2.682926829268286,66.66666666666666,0.6443330605856948,6.311503223617238,1.0286960630923654,0,4.2076688157448245,0.811320754716981,1
71,0,-2.552568602679451,2.552568602679451,5.105137205358902,-1.969949916527547,-0.4745762711864449,2.5139664804469284,60.21505376344094,0.6445617883693983,6.337308347529811,1.0312608595848507,0,3.816013628620106,0.6111111111111125,0
72,0,-2.5890609509684555,2.5890609509684555,5.178121901936911,-2.0333333333333288,-1.0437710437710361,2.1195274496178,61.82795698924737,0.6319472681910533,6.330837304288631,0.9380012917256003,1,3.914227365554802,0.28571428571429014,1
73,0,-3.094433866851775,3.094433866851775,6.18886773370355,-1.0333333333333405,0.10114632501685653,3.4494773519163657,80.44692737430174,0.6677402369225549,6.033029996629589,0.978372082730199,1,4.853387259858444,0.8611111111111047,1
74,0,-2.6175567943134586,2.6175567943134586,5.235113588626917,-2.068735402068735,-0.8445945945945894,2.5148445686343,62.56983240223474,0.7095499800034033,6.0988074957410525,0.9626047484331813,1,3.816013628620106,0.9696969696969657,0
75,0,-2.7852021987932742,2.7852021987932742,5.5704043975865485,-1.7684351017684383,-0.2710027100271068,2.614151272220285,68.71508379888263,0.6976258240478583,6.076035302104546,0.9706952051627891,1,4.17515274949083,0.5294117647058734,1
76,0,-2.7896598061941527,2.7896598061941527,5.579319612388305,-1.6700066800267244,-0.2710027100271068,2.578397212543549,68.15642458100571,0.7183525056848137,6.078098471986414,0.9593410776101217,2,4.142614601018681,0.06896551724137363,0
77,0,-2.9611342924859394,2.9611342924859394,5.922268584971879,-1.3017356475300392,0.4757050628610304,2.9237730595196614,73.74301675977667,0.727631754414868,6.0575296108291,0.89646081052837,2,4.467005076142137,0.4615384615384564,1
78,0,-2.8951793903853913,2.8951793903853913,5.790358780770783,-0.8733624454148466,0.374149659863951,2.9298918730380143,73.71428571428591,0.7102200407918884,5.928184281842812,0.8206832644302241,2,4.369918699186998,0.28571428571429014,0
79,0,-2.9348396550703026,2.9348396550703026,5.869679310140605,-1.3360053440213795,1.1643835616438418,2.9627047751829907,76.00000000000001,0.6851779500635398,5.920162381596747,0.6855930192493476,2,4.4993234100135275,0.1818181818181639,1
80,0,-2.7311785414553063,2.7311785414553063,5.4623570829106125,-1.3730743469524382,1.2027491408934814,2.1859819569743277,68.57142857142858,0.6924425577651981,5.9463132857628205,0.6165130488602211,3,4.07747196738022,0.4999999999999901,0
81,0,-2.842425177180115,2.842425177180115,5.68485035436023,-1.4032743067156679,2.040110650069157,2.500868357068427,72.57142857142863,0.6898828042987573,5.932203389830502,0.6167904737800959,3,4.30508474576271,0.40000000000001734,1
82,0,-2.7372545608745433,2.7372545608745433,5.474509121749087,-1.273885350318466,1.551724137931046,2.256944444444443,69.71428571428588,0.6659472603652035,5.942275042444814,0.6228912251665178,3,4.142614601018681,0.4999999999999783,0
83,0,-2.655388504933957,2.655388504933957,5.310777009867914,-1.209677419354839,1.2745435756114263,1.9771071800208033,66.85714285714288,0.6655925865666135,5.9523809523809454,0.5596307332426108,3,3.979591836734691,0.2631578947368553,0
84,0,-2.5352748237066893,2.5352748237066893,5.070549647413379,-1.6426416359369762,1.4873746108612962,1.4172139647424749,63.42857142857149,0.6436592817843988,5.964553510565774,0.5562354519826006,4,3.783231083844581,0.5999999999999913,0
85,0,-2.8578794525136817,2.8578794525136817,5.715758905027363,-0.8397715821296556,2.678260869565226,2.180685358255456,74.2857142857143,0.6567280810270558,5.926176769387058,0.5629457228210101,4,4.402302742973244,0.6923076923077013,1
86,0,-2.5225699250023785,2.5225699250023785,5.045139850004757,-1.6112789526686762,0.8950086058519787,1.0341261633919365,61.7142857142858,0.680195308830425,5.970658478335033,0.5840361123436022,4,3.6847492323439104,0.8148148148148071,0
87,0,-2.595395735501861,2.595395735501861,5.190791471003722,-1.5085484411666075,1.837088388214908,1.1359724612736675,65.1428571428572,0.654639862161722,5.9584610146407835,0.5510818055055405,4,3.8815117466802844,0.7000000000000043,1
88,0,-2.441813148350822,2.441813148350822,4.883626296701644,-1.9423978566644307,1.737317581653931,0.8264462809917408,60.0000000000001,0.6487803614655713,5.976775956284146,0.5459625892004819,5,3.586065573770494,0.5624999999999949,0
89,0,-2.4507432004786054,2.4507432004786054,4.901486400957211,-1.5131136516476094,2.2338568935427663,-0.6107906345435964,60.57142857142874,0.6412519065216189,5.9747354045749335,0.5419146180709732,5,3.61898258791397,0.06250000000000847,1
90,0,-2.2556674872575444,2.2556674872575444,4.511334974515089,-2.2445561139028407,1.8499127399650994,-0.6130790190735622,53.714285714285715,0.6444230580494559,5.999314364072672,0.4915997664795339,5,3.2224888584161775,0.5789473684210634,0
91,0,-2.465557454517146,2.465557454517146,4.931114909034292,-1.645952300974135,3.0260380014074646,-0.37427696495407137,61.142857142857146,0.6396188879642476,5.972696245733782,0.45136280516220545,5,3.6518771331057986,0.6111111111111125,1
92,0,-2.5560306403892064,2.5560306403892064,5.112061280778413,-1.4444071212630187,2.947368421052627,-1.1788480970023536,64.57142857142854,0.6316437194082859,5.960490463215253,0.4529577731616585,6,3.8487738419618474,0.2500000000000068,1
93,0,-2.3722048437164234,2.3722048437164234,4.744409687432847,-1.0490693739424775,2.3451172558627853,-0.3747870528109083,61.212121212121104,0.6451186604058886,5.642954856361157,0.6533368051673565,6,3.4541723666210657,0.521739130434776,0
94,0,-2.1738189393482306,2.1738189393482306,4.347637878696461,-1.4556533513879508,1.8544436668999336,-1.1209239130434798,53.93939393939393,0.6456595986888888,5.666208791208798,0.6388020881877313,6,3.0563186813186847,0.7222222222222302,0
95,0,-2.2506141625371243,2.2506141625371243,4.501228325074249,-1.11788617886179,2.2058823529411806,-0.8491847826086906,57.57575757575752,0.6227868835789331,5.65455791638109,0.5935148191635198,6,3.2556545579163823,0.7000000000000043,1
96,0,-2.165778962328554,2.165778962328554,4.331557924657108,-1.6542876434841325,2.1388499298737678,-1.487994589110592,54.545454545454355,0.6209797862214521,5.664263645726064,0.6002186545884179,7,3.089598352214206,0.31250000000001527,0
97,0,-2.516094771916132,2.516094771916132,5.032189543832264,-0.40733197556007666,2.9835029835029836,-0.5760759064723852,66.6666666666665,0.6408816795192683,5.625639277190597,0.6930507038123448,7,3.7504261847937217,0.75,1
98,0,-2.596514304145978,2.596514304145978,5.193028608291956,-0.06800408024480897,3.195224719101137,-0.5077860528097434,70.30303030303034,0.6230539434790785,5.614154474310997,0.7131603745795747,7,3.9469207213337945,0.5000000000000362,1
99,0,-2.3647894767076694,2.3647894767076694,4.729578953415339,-0.544032641958516,2.3801190059502946,-0.6791171477079814,61.212121212121104,0.637703293397136,5.642954856361157,0.754149551752526,7,3.4541723666210657,0.608695652173918,0
100,0,-2.394952842711012,2.394952842711012,4.789905685422024,0.6872852233676994,2.0905923344947634,-0.7116231785835372,63.0303030303029,0.6183898088879863,5.637171165015382,0.7243060540767008,8,3.5531260676460517,0.5454545454545526,1
101,0,-2.59394231803813,2.59394231803813,5.18788463607626,1.2400964519462625,2.618715083798897,-0.20373514431239145,70.30303030303034,0.6204819573712335,5.614154474310997,0.7573540729586862,8,3.9469207213337945,0.600000000000013,1
102,0,-2.5699395639716736,2.5699395639716736,5.139879127943347,0.9268795056642677,2.154273801250868,0.0,69.69696969696966,0.6128258811942708,5.616065350578632,0.8026364372806027,8,3.914227365554802,0.06666666666664546,1
103,0,-2.349359504428181,2.349359504428181,4.698719008856362,0.618982118294368,1.9512195121951241,-0.27266530334014183,61.81818181818179,0.6057697608384358,5.641025641025648,0.5915857370524699,8,3.4871794871794903,0.857142857142866,0
104,0,-2.325626255332881,2.325626255332881,4.651252510665762,0.7925568573397662,2.1655606007684245,-0.9146341463414672,61.81818181818179,0.582036511743139,5.641025641025648,0.5901933554149914,9,3.4871794871794903,0.0,0
105,0,-2.562386097288513,2.562386097288513,5.124772194577026,1.6955017301038062,2.4398745207389396,0.27294438758103695,70.30303030303034,0.5889257366216127,5.614154474310997,0.6089805531868137,9,3.9469207213337945,0.6666666666666666,1
106,0,-2.885663228511106,2.885663228511106,5.771326457022212,2.352127291594601,3.1010452961672357,0.7147719537099984,81.81818181818178,0.6037159668478206,5.578093306288039,0.6242817833087235,9,4.563894523326576,0.7999999999999896,1
107,0,-2.6692375239995627,2.6692375239995627,5.338475047999125,2.4704244954766987,2.5060911938739996,0.5806010928961779,73.33333333333326,0.6142103500865226,5.604619565217399,0.5644046580109311,9,4.110054347826087,0.6190476190476132,0
108,0,-2.6817733129306363,2.6817733129306363,5.3635466258612725,2.2908712252690067,2.790373212417153,0.6145442130419865,74.54545454545436,0.5941969381852242,5.600814663951128,0.5552253457783491,10,4.17515274949083,0.29999999999999566,1
109,0,-2.7646282021539332,2.7646282021539332,5.5292564043078665,1.8633540372670887,2.892994074590456,1.1651816312542898,78.1818181818182,0.5796688525604362,5.58943089430895,0.5228065370978745,10,4.369918699186998,0.5000000000000362,1
110,0,-2.6296143848808096,2.6296143848808096,5.259228769761619,1.3783597518952484,2.0818875780707895,0.47814207650273644,72.72727272727256,0.5908784011907013,5.606523955147816,0.5624450080878731,10,4.07747196738022,0.47619047619048305,0
111,0,-2.765834706522335,2.765834706522335,5.53166941304467,1.4432989690721776,2.535602639805493,0.613496932515345,78.1818181818182,0.5808753569288388,5.58943089430895,0.5289279887138615,10,4.369918699186998,0.6428571428571606,1
112,0,-2.9759897989565522,2.9759897989565522,5.9519795979131045,1.1262798634812303,2.8819444444444353,1.3337893296853616,85.45454545454538,0.597447288835095,5.566801619433206,0.5663584927619211,11,4.757085020242917,0.4399999999999917,1
113,0,-2.935295623936382,2.935295623936382,5.870591247872764,2.4913494809688435,2.740201179327077,1.7519752662315295,84.24242424242401,0.5889080479741945,5.570560432140454,0.6057897630535688,11,4.692775151924369,0.14285714285716056,0
114,0,-2.946705544999385,2.946705544999385,5.89341108999877,1.6112444292080963,2.45419979260283,1.5416238437821137,85.45454545454538,0.5681630348779236,5.566801619433206,0.6126975453858786,11,4.757085020242917,0.22222222222225435,1
115,0,-3.0191131708587835,3.0191131708587835,6.038226341717567,0.8497620666213408,2.6998961578400813,1.8537590113285354,88.48484848484829,0.5603728542538654,5.557426743011122,0.6265330804905317,11,4.917480633209831,0.21428571428570986,1
116,0,-2.9359145714198087,2.9359145714198087,5.871829142839617,0.20277120648869087,2.2061358152361343,1.0565780504430884,85.45454545454538,0.5573720612983523,5.566801619433206,0.5432666566872341,12,4.757085020242917,0.2666666666666474,0
117,0,-2.8797380292842223,2.8797380292842223,5.759476058568445,-0.06754474839582118,1.8588640275387192,0.6805035726437434,83.63636363636358,0.5494442096286996,5.572441742654516,0.5261808179152276,12,4.660587639311046,0.38461538461540257,0
118,0,-2.89017449506215,2.89017449506215,5.7803489901243,0.4409769335142466,1.9628099173553786,1.2307692307692308,84.24242424242401,0.5437869190999688,5.570560432140454,0.5415970377597308,12,4.692775151924369,0.0,0
119,0,-2.6197529029382856,2.6197529029382856,5.239505805876571,-0.9424436216762117,-0.1357312521208041,0.44368600682593823,72.72727272727256,0.5810169192481774,5.606523955147816,0.630108329878036,12,4.07747196738022,0.633333333333329,0
120,0,-2.630753258771253,2.630753258771253,5.261506517542506,-0.5741303613644069,0.2724795640327042,0.17012589316093216,76.10062893081769,0.5757260848582103,5.400815217391299,0.6207292092929955,13,4.110054347826087,0.06666666666667631,1
121,0,-2.8352548985040884,2.8352548985040884,5.670509797008177,0.1694915254237366,0.5444028581150036,0.5102040816326617,84.71337579617824,0.5855931934973279,5.311231393775373,0.7305396355895714,13,4.4993234100135275,0.5000000000000099,1
122,0,-2.905482027985409,2.905482027985409,5.810964055970818,-0.3367003367003376,-0.3031323678006027,1.1619958988379953,87.26114649681526,0.5912928387962191,5.304054054054054,0.7077179016946916,13,4.628378378378377,0.2105263157894749,1
123,0,-2.826042635725845,2.826042635725845,5.65208527145169,-0.33715441672285995,0.7155025553662607,1.0598290598290523,84.71337579617824,0.5763809307190818,5.311231393775373,0.7066879900892735,13,4.4993234100135275,0.3636363636363816,0
124,0,-2.5917540644283066,2.5917540644283066,5.183508128856613,-0.5743243243243273,-0.033967391304352335,0.1361007145287398,75.79617834394915,0.5693203458694978,5.336505778382054,0.7264234183455485,14,4.044867437117613,1.0,0
125,0,-2.236713648000702,2.236713648000702,4.473427296001404,-1.1856368563685742,-0.9171195652173952,-1.4193984454207482,62.09150326797391,0.6088863690425144,5.243317340644274,0.8787222471262603,14,3.2556545579163823,0.8333333333333406,0
126,0,-2.135684751195594,2.135684751195594,4.271369502391188,-1.2872628726287354,-1.454176530267165,-1.0526315789473755,58.82352941176461,0.5908855750884887,5.252317198764159,0.8707144850855156,14,3.089598352214206,0.4000000000000087,0
127,0,-2.149876068928102,2.149876068928102,4.299752137856204,-0.9514101257220461,-1.219925449000339,-1.0858500169664034,58.82352941176461,0.6050768928209989,5.252317198764159,0.9798763617367761,14,3.089598352214206,0.08695652173914191,1
128,0,-2.3658250379415753,2.3658250379415753,4.731650075883151,-0.44217687074829903,-0.9140148950575528,-0.8468834688346978,67.32026143790868,0.6057430147016502,5.228981544771016,0.9847377559351884,15,3.5201640464798434,0.7368421052631675,1
129,0,-1.4894353725560046,1.4894353725560046,2.978870745112009,-1.883561643835614,-2.7164685908319255,-2.617267165193754,27.450980392156836,0.7564510793622884,5.340314136125652,1.3551609005796306,15,1.4659685863874323,0.8356164383561666,0
130,0,-1.532635762923173,1.532635762923173,3.065271525846346,-1.512027491408927,-2.8803795323619115,-2.9132791327913323,27.450980392156836,0.7996514697294548,5.340314136125652,1.8120813730117495,15,1.4659685863874323,0.02564102564102906,1
131,0,-1.2465005517104117,1.2465005517104117,2.4930011034208235,-1.5905947441217163,-3.3616298811545033,-3.948700641241982,15.686274509804027,0.825004239803139,5.374077976817699,1.8327305798694888,15,0.8429926238145468,0.6129032258064534,0
132,0,-1.1419079099063516,1.1419079099063516,2.283815819812703,-1.9655172413793023,-3.299319727891152,-4.0175557056043125,12.418300653594724,0.8076362702159942,5.3835327234341985,1.8972122129461277,16,0.668543279380715,0.2500000000000068,0
133,0,-1.144136717737808,1.144136717737808,2.288273435475616,-2.066827419910443,-3.101567825494204,-4.082321187584346,13.07189542483664,0.7923955992010474,5.381639113612378,2.031338449280894,16,0.7034822370735158,0.05882352941177371,1
134,0,-1.3161014353506755,1.3161014353506755,2.632202870701351,-1.2798339674852892,-3.3197831978319776,-3.8085608358611327,20.26143790849688,0.7730040282028107,5.3608969866853515,2.0982273383187264,16,1.0861948142957327,0.6875000000000119,1
135,0,-1.2371597798862717,1.2371597798862717,2.4743195597725434,-0.7652173913043437,-2.661207778915044,-3.7774030354131574,18.30065359477113,0.7461040099809766,5.366538056822166,2.0189301980401586,16,0.9821115398105863,0.09090909090910167,0
136,0,-1.184282028118423,1.184282028118423,2.368564056236846,-1.9621342512908844,-3.063308373042894,-3.7512673200405544,17.647058823529495,0.7105978175921037,5.368421052631576,2.0199216647339324,17,0.9473684210526356,0.4285714285714197,0
137,0,-1.2124492800006923,1.2124492800006923,2.4248985600013846,-1.1091854419410714,-2.561475409836065,-3.6474164133738607,19.607843137254964,0.6866869245853352,5.36277602523659,2.029285939632521,17,1.051524710830707,0.27272727272726555,1
138,0,-1.295870967519753,1.295870967519753,2.591741935039506,-0.6601806810284893,-2.3898941618299823,-2.854230377166153,23.5294117647059,0.6662802015176505,5.351521511017836,2.128303825575523,17,1.2591815320041975,0.5,1
139,0,-1.3368183151094761,1.3368183151094761,2.6736366302189523,-0.1047120418848155,-1.9191226867717637,-2.785326086956523,25.490196078431364,0.6554765960319082,5.345911949685532,1.6391814094095802,17,1.3626834381551354,0.2,1
140,0,-1.4531523701334819,1.4531523701334819,2.9063047402669637,0.17452006980803594,-1.980874316939887,-2.876480541455161,30.71895424836614,0.6343370391230262,5.331010452961669,1.0839362638929309,18,1.6376306620209118,0.7272727272727344,1
141,0,-1.6410494774226267,1.6410494774226267,3.2820989548452535,1.2667135819845183,-1.9086571233810519,-2.770270270270272,37.25490196078446,0.6514661440892884,5.312499999999997,1.1297544490108735,18,1.9791666666666732,0.3076923076922987,1
142,0,-1.4809430961817855,1.4809430961817855,2.961886192363571,1.0175438596491209,-1.5389876880984918,-2.604871447902565,33.561643835616465,0.6299531691237772,5.071205279610972,1.0675055927020196,18,1.7019798541160123,0.10000000000001301,0
143,0,-1.5666565303489877,1.5666565303489877,3.1333130606979753,0.9450472523626069,-0.9275163174166993,-2.004757050628611,37.67123287671231,0.6134502911808761,5.060658578856147,0.9521419299776405,18,1.9064124783362193,0.41666666666665464,1
144,0,-1.241771457759631,1.241771457759631,2.483542915519262,0.24492652204338916,-1.8499486125385483,-1.782653411038737,23.972602739725964,0.6309512134315324,5.095986038394411,0.9128181117132531,19,1.2216404886561911,0.869565217391306,0
145,0,-1.2701678109249155,1.2701678109249155,2.540335621849831,0.4551820728291313,-1.5104703055269402,-1.5442690459848971,26.027397260273887,0.607685244676664,5.090655509065546,0.8675620171698873,19,1.3249651324965077,0.4444444444444605,1
146,0,-1.1156982127248445,1.1156982127248445,2.231396425449689,0.2454417952314187,-2.556237218813905,-1.921097770154376,19.86301369863012,0.6085278734453792,5.106680657572573,0.8958325963691764,19,1.0143406785589348,0.5624999999999949,0
147,0,-0.984701349237232,0.984701349237232,1.969402698474464,0.10530010530010406,-2.9601905410003493,-2.5623505295524422,15.068493150684867,0.5990070995878684,5.1192145862552545,0.881664503462174,19,0.7713884992987338,0.5384615384615435,0
148,0,-1.128695941087522,1.128695941087522,2.257391882175044,0.45646067415730307,-2.1880341880341967,-0.13961605584642572,21.232876712328636,0.5869273287142309,5.1031108004194285,0.7740441883598677,20,1.0835372247465844,0.6923076923076846,1
149,0,-1.0850344310415332,1.0850344310415332,2.1700688620830664,0.07000350017500286,-2.423208191126276,-0.2442428471737635,19.86301369863012,0.5778640917620643,5.106680657572573,0.8148539696490322,20,1.0143406785589348,0.153846153846141,0
150,0,-1.0441236303739019,1.0441236303739019,2.0882472607478038,-0.34843205574912983,-2.68798911194284,0.49191848208011674,19.178082191780714,0.5542705862871302,5.108467459762067,0.8091810384939497,20,0.9797060881735413,0.14285714285716056,1
151,0,-1.0048844782967148,1.0048844782967148,2.0097689565934296,-0.2444134078212161,-2.8231292517006716,0.4924375659514641,18.493150684931603,0.5323608521154067,5.110255512775633,0.6437264664737263,20,0.945047252362622,0.1428571428570986,0
152,0,-0.913134405097851,0.913134405097851,1.826268810195702,-0.7991660875608068,-2.42652084757349,0.4220893422441033,15.753424657534273,0.5100499326127464,5.1174202593760905,0.6180226307807364,21,0.8061689449702074,0.3333333333333815,0
153,1,1.6950998471515852,0.8475499235757926,1.6950998471515852,-0.6968641114982597,-2.5641025641025634,-0.14015416958654858,13.69863013698635,0.4966727305933369,5.122807017543854,0.5514524332225827,21,0.7017543859649141,0.3333333333333333,0
154,1,1.2845922158212306,0.6422961079106153,1.2845922158212306,-0.8732099196646973,-3.4365430418509826,-0.5257623554153612,4.761904761904804,0.5188828498006025,5.183356840620592,0.5222343124059302,21,0.24682651622003038,0.5454545454545616,0
155,1,1.6083441077804892,0.8041720538902446,1.6083441077804892,-0.8713837574067567,-3.8864481243663285,-0.14044943820223538,10.88435374149657,0.5229769748041321,5.166959578207382,0.5222226321022917,21,0.5623901581722305,0.4705882352941387,1
156,1,1.1231784786714487,0.5615892393357244,1.1231784786714487,-1.3937282229965193,-3.9049235993208855,-0.8061689449702074,0.0,0.5615892393357274,5.1961823966065745,0.5765443491873026,22,0.0,0.5172413793103396,0
157,1,1.6922395260748329,0.8461197630374164,1.6922395260748329,-1.113818308388441,-3.596878181201214,-0.6295907660020912,10.596026490066476,0.564528773949064,5.315029919042594,0.6095957698329341,22,0.563181978176712,0.6666666666666747,1
158,1,1.5775042121602638,0.7887521060801319,1.5775042121602638,-0.9417509591907958,-3.7940379403794076,-0.7686932215234062,9.271523178808023,0.5421864139350069,5.318774216273339,0.6038921939321454,22,0.4931313842902474,0.14285714285716056,0
159,1,1.6045896303665466,0.8022948151832733,1.6045896303665466,-1.045660508888117,-3.5010197144799533,-1.080139372822307,10.596026490066476,0.5207038260949189,5.315029919042594,0.5255994467204729,22,0.563181978176712,0.0,0
160,1,1.5704306536513268,0.7852153268256634,1.5704306536513268,-1.4226231783483625,-3.760162601626016,-1.2856150104238953,10.596026490066476,0.5036243377373073,5.315029919042594,0.52522639728413,23,0.563181978176712,0.0,0
161,1,1.830234050326033,0.9151170251630165,1.830234050326033,-1.0767627648489133,-3.8812014849814407,-1.0767627648489133,15.894039735099428,0.49391660396259196,5.300105300105304,0.5117357550597978,23,0.8424008424008476,0.6363636363636185,1
162,1,1.8198460242171506,0.9099230121085753,1.8198460242171506,-1.111111111111123,-3.848750844024307,-1.2482662968099865,15.894039735099428,0.48872259090815195,5.300105300105304,0.5500496674566138,23,0.8424008424008476,0.08333333333334236,0
163,0,-1.1917431712656534,1.1917431712656534,2.383486342531307,-0.6243496357960534,-3.3400809716599236,0.0,26.490066225165616,0.4936628920335385,5.270506108202447,0.557049139833579,23,1.3961605584642272,0.9411764705882278,1
164,0,-1.3367748885025632,1.3367748885025632,2.6735497770051264,-0.6567576909782354,-3.1344792719919177,0.17427675148134528,32.450331125827795,0.4843044640070861,5.254001391788451,0.5485953123038964,0,1.7049408489909534,0.8181818181818289,1
165,0,-1.9838575697154872,1.9838575697154872,3.9677151394309744,0.657667012807197,-1.922428330522772,1.713885974116824,55.629139072847856,0.5400624511180265,5.190787212100381,0.7133063438157167,0,2.8875902371949227,0.8717948717948769,1
166,0,-1.68372569732898,1.68372569732898,3.36745139465796,-0.41365046535676864,-2.365664075701242,1.297335203366064,43.04635761589427,0.5591582232805337,5.224913494809692,0.6523005089998266,0,2.249134948096899,0.9090909090909163,0
167,0,-1.8573294199174764,1.8573294199174764,3.7146588398349527,-0.17211703958692703,-2.0601148260722826,1.363159734358615,49.66887417218538,0.5642259716416169,5.2068965517241415,0.7013448031583712,0,2.5862068965517238,0.526315789473665,1
168,0,-1.5320267641589618,1.5320267641589618,3.0640535283179235,-0.7920110192837471,-2.1066938498131154,0.7694998251136721,36.42384105960287,0.5771656530478414,5.243055555555558,0.8006988955895544,1,1.9097222222222345,0.9499999999999935,0
169,0,-1.6263014070416664,1.6263014070416664,3.2526028140833327,-2.0699015948422073,-1.9701086956521703,0.9090909090909084,40.39735099337765,0.5694753502156022,5.232155232155235,0.8322394235264622,1,2.113652113652124,0.4285714285714197,1
170,0,-1.2274823036248308,1.2274823036248308,2.4549646072496616,-2.520435967302447,-3.1472081218274175,0.17500875043751474,23.841059602648997,0.5983316569977772,5.277874868926952,0.8716161974874382,1,1.2583012932541073,0.9230769230769295,0
171,0,-1.0975510391109873,1.0975510391109873,2.1951020782219746,-2.8581150051037874,-3.547297297297299,0.0,19.205298013245272,0.589492174359754,5.290819901892084,0.8701315045739033,1,1.016117729502466,0.4615384615384564,0
172,0,-1.039017353637713,1.039017353637713,2.078034707275426,-3.9744021556079505,-3.552097428958054,0.03508771929823505,17.218543046357592,0.5830369958685073,5.296387232549986,0.85221245634931,2,0.9119607155384071,0.21428571428574084,0
173,0,-1.1377843936665502,1.1377843936665502,2.2755687873331003,-2.657580919931855,-2.922188243289151,0.6694855532064959,21.192052980132665,0.5777563922664761,5.285264263213164,0.8709685654651043,2,1.120056002800152,0.40000000000001734,1
174,0,-1.1802809731560777,1.1802809731560777,2.3605619463121554,-2.8192934782608754,-1.919780596503259,0.5977496483825476,23.178807947020058,0.5683928612679616,5.279720279720283,0.8739512113900937,2,1.2237762237762346,0.307692307692282,1
175,0,-1.1404790208423172,1.1404790208423172,2.2809580416846345,-2.8872282608695654,-1.8874399450926536,1.0247349823321534,21.854304635761604,0.5631522188829049,5.283414975507352,0.692139550432729,2,1.154653603918826,0.07142857142858249,0
176,0,-1.0935213470482077,1.0935213470482077,2.1870426940964154,-3.41562394318566,-2.0240137221269303,0.5279831045406483,20.52980132450344,0.550804260213472,5.287114845938379,0.6691203081728675,3,1.0854341736694753,0.1818181818181639,0
177,0,-1.5097072538382847,1.5097072538382847,3.0194145076765695,-2.439850898000678,-1.6399043389135586,1.3732394366197174,35.76158940397364,0.5718816199376219,5.244876693296287,0.7052762259290937,3,1.8756512678013277,0.8846153846153859,1
178,0,-1.419221925375417,1.419221925375417,2.838443850750834,-2.6743398781313497,0.3490401396160568,1.2680521310320538,32.450331125827795,0.566751500879942,5.254001391788451,0.6834793334200103,3,1.7049408489909534,0.28571428571429897,0
179,0,-1.5459246945542926,1.5459246945542926,3.091849389108585,-2.13921901528014,0.5582693649685957,1.4431538190777824,37.748344370861034,0.557028094970665,5.239417071478143,0.695828415233968,3,1.9777931991672517,0.6153846153846307,1
180,0,-1.6129495744523072,1.6129495744523072,3.2258991489046145,-2.134869535750597,1.475755446240335,1.4044943820224758,40.39735099337765,0.5561235176262481,5.232155232155235,0.7487572681915169,4,2.113652113652124,0.3749999999999966,1
181,0,-1.9802537148338875,1.9802537148338875,3.960507429667775,-1.256366723259767,2.2863172704889188,2.1067415730337133,53.64238410596046,0.586585442294307,5.196145905024091,0.882888323307284,4,2.787336545079158,0.7333333333333275,1
182,0,-2.741811030214053,2.741811030214053,5.483622060428106,0.2380952380952402,3.6581076327822695,2.8621291448516595,81.45695364238425,0.6556509216658831,5.122116689280872,0.9828156986642753,4,4.172320217096346,0.8367346938775471,1
183,0,-2.1992237797988774,2.1992237797988774,4.398447559597755,-0.817995910020455,1.9621583742116195,1.2526096033402927,56.95364238410602,0.7220681631722852,5.187220886293374,1.1176526259419761,4,2.9543112332531827,0.883720930232563,0
184,0,-1.9141085748587492,1.9141085748587492,3.8282171497174984,-2.032520325203257,1.366982124079915,-0.5502063273727632,45.03311258278166,0.7388579699503428,5.219495333563778,1.1787551452658842,5,2.350501209816811,0.7307692307692282,0
185,0,-1.779222586671187,1.779222586671187,3.558445173342374,-1.5353121801432925,1.334269662921358,-0.10384215991692504,40.39735099337765,0.7223965298451256,5.232155232155235,1.213351003758932,5,2.113652113652124,0.5,0
186,0,-1.8882138662930579,1.8882138662930579,3.7764277325861157,-1.4635806671204925,1.472134595162984,-0.17241379310344127,45.695364238410605,0.6960922353324475,5.217691776088462,1.2132119642335732,5,2.384243261921218,0.8181818181817967,1
187,0,-2.0724952563972843,2.0724952563972843,4.1449905127945685,-0.7172131147541048,1.6789087093389248,0.9024644220756675,52.98013245033123,0.6955589397019257,5.19793459552496,1.1064992091506618,5,2.7538726333907126,0.619047619047626,1
188,0,-2.088481549450482,2.088481549450482,4.176963098900964,-0.7852509388869926,1.5373864430468276,0.6930006930006948,53.64238410596046,0.6948132769109042,5.196145905024091,1.0773687107507606,6,2.787336545079158,0.050000000000006505,1
189,0,-1.92010299859758,1.92010299859758,3.84020599719516,-0.7539410555174738,0.9059233449477344,1.1879804332634583,47.01986754966905,0.6942742693158083,5.214088397790058,1.0912409789740296,6,2.4516574585635467,0.5263157894736878,0
190,0,-1.8853107165351632,1.8853107165351632,3.7706214330703265,-1.1270491803278704,0.5906879777623381,1.4010507880910719,47.01986754966905,0.6594819872533925,5.214088397790058,1.0019412308347861,6,2.4516574585635467,0.16666666666669075,0
191,0,-1.8733821331388067,1.8733821331388067,3.7467642662776135,-1.3292433537832302,0.5557485237929821,1.5433181339880815,46.357615894039824,0.6644011314116876,5.215889464594131,0.8920588419280759,6,2.417962003454238,0.0476190476190545,0
192,0,-1.7957107434469215,1.7957107434469215,3.591421486893843,-1.0943912448700381,0.2773925104022259,1.2250612530626486,44.370860927152435,0.6373428319669748,5.221300138312589,0.7649989201940726,7,2.3167358229598967,0.37499999999998646,0
193,0,-1.8162446573164466,1.8162446573164466,3.632489314632893,-0.6870491240123687,0.9075043630017445,1.048584411045092,45.03311258278166,0.640994052408039,5.219495333563778,0.6595598975279107,7,2.350501209816811,0.050000000000006505,0
194,0,-1.9097015058644355,1.9097015058644355,3.819403011728871,-0.719424460431661,1.010805158591842,1.3641133263378795,49.00662251655645,0.6333993327012746,5.2086926526388435,0.6757605569221197,7,2.552604346326329,0.3333333333333237,1
195,0,-1.7609062769064858,1.7609062769064858,3.5218125538129716,-0.7552351527634701,1.1192724728926167,1.225490196078427,43.70860927152321,0.6194327383385128,5.223106191629197,0.6384049062170043,7,2.282947077135942,0.6666666666666666,0
196,0,-1.6434795891303877,1.6434795891303877,3.2869591782607754,-1.6359918200408952,1.192145862552601,0.2431399791594325,39.73509933774842,0.6036182373106289,5.233968804159448,0.6427473506640622,8,2.0797227036395203,0.45454545454544737,0
197,0,-1.7638314648742135,1.7638314648742135,3.527662929748427,-1.5651582170806408,1.1184900384481071,0.6260869565217468,45.03311258278166,0.5885808599658082,5.219495333563778,0.6837404623638967,8,2.350501209816811,0.6666666666666666,1
198,0,-1.6137936069187417,1.6137936069187417,3.2275872138374835,-1.4700854700854724,0.8044770898915711,0.0,38.41059602649025,0.6078969714695529,5.237599722511276,0.6597959569989964,8,2.011793270898381,0.4583333333333371,0
199,0,-1.7055671906667569,1.7055671906667569,3.4111343813335138,-1.4334470989761072,0.9790209790209725,0.0,42.384105960265046,0.5979174848862036,5.226722049151959,0.6514939465015824,8,2.2152994115611024,0.35714285714283944,1
200,0,-1.6453574394620296,1.6453574394620296,3.2907148789240592,-1.8373596461381498,0.9800490024501158,-0.79092159559835,39.73509933774842,0.6054960876422668,5.233968804159448,0.761561780269021,9,2.0797227036395203,0.20000000000000434,0
201,0,-1.56218403250417,1.56218403250417,3.12436806500834,-2.0068027210884365,0.9106830122591938,-2.2395656599932163,37.08609271523181,0.5902992702688361,5.241235682054846,0.7427112280499171,9,1.943769524470672,0.3636363636363672,0
202,0,-1.5976936439810483,1.5976936439810483,3.1953872879620966,-1.435406698564606,1.1929824561403417,-0.8934707903780063,39.072847682119196,0.5748087618728634,5.23578363384189,0.7675554856656491,9,2.045769764216367,0.27272727272726555,1
203,0,-1.4208823554307966,1.4208823554307966,2.841764710861593,-1.811965811965815,1.1980267794221346,-0.6915629322268344,31.788079470198856,0.5855186241394609,5.255830142707973,0.7664607868409182,9,1.6707274625826767,0.5999999999999913,0
204,0,-1.5804633462125703,1.5804633462125703,3.1609266924251407,-1.939435182034712,1.3361462728551279,-0.13860013860014198,37.748344370861034,0.5915667466289465,5.239417071478143,0.7102984383775771,10,1.9777931991672517,0.4499999999999935,1
205,0,-1.3444526316508156,1.3444526316508156,2.6889052633016313,-3.0415680973301726,1.3780918727915183,-0.898100172711571,27.814569536424074,0.611979663391303,5.266829438437394,0.7612294457723209,10,1.4649459365190223,0.5416666666666629,0
206,0,-1.330636654398762,1.330636654398762,2.661273308797524,-2.6485568760611184,0.9151707145371341,-1.375988992088052,27.814569536424074,0.5981636861392506,5.266829438437394,0.792979281900261,10,1.4649459365190223,0.0,0
207,0,-1.2194881222157334,1.2194881222157334,2.438976244431467,-3.053953172718012,0.5985915492957777,-1.6861665519614588,21.854304635761604,0.6421613202563239,5.283414975507352,0.9743863947676412,10,1.154653603918826,0.29411764705882276,0
208,0,-1.565590687045119,1.565590687045119,3.131181374090238,-2.472899728997295,1.408946812257841,-0.5870165745856384,34.437086092715184,0.661871535150788,5.248522766770945,0.9691635724141244,11,1.8074383037886677,0.7777777777777813,1
209,0,-1.663232050876131,1.663232050876131,3.326464101752262,-2.039428959891236,1.4431538190777824,-0.4490500863557855,39.072847682119196,0.6403471687679473,5.23578363384189,0.9756720435569598,11,2.045769764216367,0.4545454545454689,1
210,0,-1.5107551814024365,1.5107551814024365,3.021510362804873,-2.676151761517618,0.8778089887640549,-0.7599309153713258,33.11258278145702,0.6411899640111269,5.252173913043482,0.9020134153441044,11,1.7391304347826133,0.6111111111111031,0
211,0,-1.2578540186042968,1.2578540186042968,2.5157080372085936,-3.6112048599392472,0.28089887640450123,-1.244813278008299,23.178807947020058,0.6459659067161803,5.279720279720283,0.92466420888541,11,1.2237762237762346,1.0,0
212,0,-1.0645771612214607,1.0645771612214607,2.1291543224429215,-3.9500337609723135,-0.6980802792321136,-1.5911449325492921,14.000000000000087,0.6956382996613693,5.270555165144076,1.1017442830210527,12,0.7378777231201752,0.4054054054054108,0
213,0,-1.2800985811940104,1.2800985811940104,2.560197162388021,-3.508771929824559,-0.4871259568545473,-1.3112491373360882,22.666666666666725,0.6854850799698033,5.246589716684169,1.074761795867709,12,1.1892270024484146,0.8235294117647088,1
214,0,-1.1464992979171962,1.1464992979171962,2.2929985958343924,-3.842264914054599,-1.8913342503438766,-1.314424074714626,18.00000000000003,0.6731472642566042,5.259467040673226,1.0708621648448868,12,0.9467040673211821,0.4285714285714197,0
215,0,-1.3237265597918808,1.3237265597918808,2.6474531195837616,-3.4738617200674606,-0.9345794392523403,-0.8316008316008366,25.333333333333446,0.6600870208467112,5.239259517988138,1.0913785082015321,12,1.3272790778903343,0.6666666666666571,1
216,0,-1.1483595921309333,1.1483595921309333,2.2967191842618666,-3.548496113551863,-1.5862068965517104,-1.3480815762184573,18.66666666666678,0.6576480604099372,5.257623554153536,1.0907317601155255,13,0.9814230634419996,0.5294117647058868,0
217,0,-1.248539183629976,1.248539183629976,2.497078367259952,-3.37723741979062,-0.6942034015966696,-0.7286606523247809,23.333333333333478,0.6366510717418614,5.244755244755258,0.8853210708594211,13,1.2237762237762346,0.7272727272727237,1
218,0,-1.0182383005562288,1.0182383005562288,2.0364766011124575,-3.2619775739041708,-1.3513513513513504,-1.419667590027694,14.000000000000087,0.649299438996145,5.270555165144076,0.9511225753024223,13,0.7378777231201752,0.5909090909090936,0
219,0,-0.9552982423993646,0.9552982423993646,1.9105964847987291,-3.3627717391304395,-0.5939902166317291,-1.3864818024263468,12.000000000000115,0.6387312357162802,5.276116778051368,1.0766085196183837,13,0.6331340133661703,0.07142857142858028,0
220,0,-0.8785580323376152,0.8785580323376152,1.7571160646752304,-4.027072758037232,-0.6654991243432546,-1.5619576535924993,8.666666666666638,0.6495235009775,5.285412262156462,1.1087847254449048,14,0.4580690627202252,0.3181818181818164,0
221,0,-0.892253812838124,0.892253812838124,1.784507625676248,-4.087837837837839,-0.42090494563310626,-1.5603328710124793,9.33333333333339,0.6456881206929969,5.283550545966904,1.1613919355266566,14,0.4931313842902474,0.05882352941177371,1
222,0,-0.9783424406756431,0.9783424406756431,1.9566848813512863,-4.093369418132612,-0.7700385019251074,-1.2883008356546009,12.328767123287538,0.66088212321533,5.149911816578479,1.1180146425953121,14,0.6349206349206274,0.16666666666666968,0
223,0,-0.97866236779924,0.97866236779924,1.95732473559848,-3.7037037037036944,-0.9437259699405691,-1.6655100624566228,13.669064748201402,0.6436835243577729,4.901269393511982,1.135785897474269,14,0.6699576868829309,0.08333333333330623,0
224,0,-0.9210661130558826,0.9210661130558826,1.8421322261117652,-2.8111073020226276,-0.83945435466947,-1.1850819100732024,11.594202898550684,0.6386799499778721,4.871161313095662,1.0964523400852808,15,0.5647723261560168,0.06250000000000847,0
225,0,-0.679862716154701,0.679862716154701,1.359725432309402,-3.2944406314344454,-1.3305322128851484,-1.709103592605511,1.4388489208634978,0.6443765557572504,4.932576295244862,1.138880141253212,15,0.0709723207948994,0.7894736842105203,0
226,0,-0.8127086167185799,0.8127086167185799,1.6254172334371597,-3.4991423670668986,-2.292462660646061,-1.5400770038501994,5.960264900662177,0.6527370561071323,5.367934589406332,1.311282853152911,15,0.3199431212228899,0.23809523809525188,0
227,0,-0.7993787188778048,0.7993787188778048,1.5987574377556095,-3.860608131192341,-2.1217391304347775,-2.2577283779089945,5.298013245032951,0.6571312082092494,5.369843527738269,1.4210429214624893,15,0.2844950213371181,0.050000000000006505,1
228,0,-1.547544104177536,1.547544104177536,3.095088208355072,-3.246073298429311,-3.8167938931297662,-3.8167938931297662,18.18181818181822,0.826823383456816,7.927927927927933,1.985031482020747,16,1.4414414414414451,0.49382716049382364,0
229,0,-1.5845843247507128,1.5845843247507128,3.1691686495014255,-3.1402651779483683,-3.8781163434903085,-3.3762617473024816,19.545454545454565,0.8106462397975073,7.91936645068395,2.081805497953197,16,1.5478761699064099,0.0588235294117467,1
230,0,-1.497983270780902,1.497983270780902,2.995966541561804,-2.5650035137034486,-4.642365887207708,-2.9061624649860005,17.7272727272727,0.7950272505934487,7.930785868781548,2.234265176349933,16,1.405912040374909,0.31250000000001527,0
231,0,-1.201388396710306,1.201388396710306,2.402776793420612,-3.236018290538166,-6.65083135391924,-3.3040421792618595,8.108108108108013,0.8742346344420449,8.06979280261723,2.445848280855751,16,0.6543075245365244,0.46000000000000313,0
232,0,-1.084185616225625,1.084185616225625,2.16837123245125,-3.482237073513898,-5.7044673539518875,-4.055944055944064,5.405405405405342,0.8656063812529495,8.08743169398907,2.447479978364523,17,0.43715846994535,0.35000000000000214,0
233,0,-1.056569234564015,1.056569234564015,2.11313846912803,-3.819201121233362,-5.08298755186722,-3.785488958990537,4.9549549549548315,0.8561319167797666,8.090379008746355,2.541214450165491,17,0.40087463556850317,0.0,0
234,0,-1.0366884656614017,1.0366884656614017,2.0733769313228034,-3.7504381352961755,-4.8510048510048485,-4.053109713487064,5.405405405405342,0.8181092306887281,8.08743169398907,2.5627380945119307,17,0.43715846994535,0.22222222222225435,1
235,0,-1.0933565687565427,1.0933565687565427,2.1867131375130855,-3.511235955056174,-5.077720207253885,-3.7140854940434544,7.657657657657503,0.7842656596656431,8.072727272727272,2.466142869119157,17,0.6181818181818056,0.29999999999999566,1
236,0,-1.1931758587250334,1.1931758587250334,2.386351717450067,-3.434980722046968,-5.2287581699346335,-3.7049982523593066,10.36036036036037,0.7759044508875889,8.055152394775035,2.274374285388938,18,0.8345428156748916,0.2631578947368553,1
237,0,-1.242212853685312,1.242212853685312,2.484425707370624,-3.462749213011547,-5.02408809359946,-3.0558482613277227,12.16216216216202,0.7530824189027053,8.043478260869565,2.1796040223203073,18,0.9782608695652059,0.307692307692282,1
238,0,-0.9811829463695024,0.9811829463695024,1.9623658927390049,-4.122990915443747,-5.248618784530394,-3.550087873462213,5.855855855855852,0.7444750075493981,8.08448652585579,1.4422996517636464,18,0.4734158776402036,1.0,0
239,0,-1.3942512009203636,1.3942512009203636,2.788502401840727,-4.111498257839723,-4.939550949913641,-2.961918194640334,14.529914529914588,0.7771913098132857,8.49364791288567,1.5579126543798314,18,1.2341197822141623,0.1764705882352911,1
240,0,-1.3952702353556699,1.3952702353556699,2.7905404707113397,-4.273801250868654,-4.835924006908461,-2.9587883057414537,14.957264957265073,0.7602920060378087,8.490566037735858,1.5985579648298351,19,1.269956458635715,0.0,0
241,0,-1.5685296454994977,1.5685296454994977,3.1370592909989954,-4.029176797499139,-4.460580912863078,-2.5396825396825404,19.23076923076917,0.7550806216383281,8.459869848156194,1.3720030660927531,19,1.6268980477223391,0.3499999999999805,1
242,0,-1.5553510504639096,1.5553510504639096,3.1107021009278193,-4.056865464632453,-4.289173296437218,-2.3641496118560417,19.65811965811965,0.7241258968679599,8.45681243223709,1.243703929419057,19,1.662450307191906,0.12500000000001354,1
243,0,-1.5799291295526405,1.5799291295526405,3.159858259105281,-3.420593368237347,-4.520358868184957,-2.398589065255729,20.512820512820618,0.7131902346447242,8.450704225352123,1.1418699496992402,19,1.7334777898158287,0.0,0
244,0,-1.443393086866101,1.443393086866101,2.886786173732202,-3.8340885325897474,-4.565894154271869,-2.0936834634492554,16.666666666666636,0.7368713477356668,8.478260869565228,1.2328895703881586,20,1.4130434782608687,0.35714285714285493,0
245,0,-1.5782679528307038,1.5782679528307038,3.1565359056614075,-3.2179083595662843,-4.1233541233541295,-1.6352648418059021,19.65811965811965,0.747042799234749,8.45681243223709,1.3617660759890298,20,1.662450307191906,0.2800000000000042,1
246,0,-2.642722647431957,2.642722647431957,5.285445294863914,-4.59326788218794,-5.945385413066031,-3.304904051172715,26.87499999999991,1.062421287637768,11.760382212421904,2.4714991150302748,20,3.1606027195883764,0.3382352941176477,0
247,0,-2.668896271439336,2.668896271439336,5.337792542878672,-4.788535477105906,-5.482303955586404,-1.7316017316017422,27.8124999999999,1.0352692523497695,11.747430249632892,2.5302167390929764,20,3.267254038179136,0.15789473684210045,1
248,0,-2.6369035757344697,2.6369035757344697,5.273807151468939,-4.721930745015745,-5.678670360110806,-1.8731988472622467,27.8124999999999,1.0032765566449033,11.747430249632892,2.533790314860829,21,3.267254038179136,0.0,0
249,0,-2.858396300013283,2.858396300013283,5.716792600026566,-4.30069930069931,-5.129982668977474,-1.2982329606923912,31.874999999999897,0.9950422627462112,11.691633175009134,2.3903110106983605,21,3.726708074534149,0.5,1
250,0,-2.875510916339226,2.875510916339226,5.751021832678452,-4.060203010150515,-4.859423811176673,-0.3635041802980744,32.812499999999886,0.9594525221786485,11.678832116788321,2.2971899425153928,21,3.832116788321154,0.28571428571429014,1
251,0,-2.749835255176825,2.749835255176825,5.49967051035365,-4.273204903677748,-5.235783633841875,-0.40087463556850317,30.312499999999957,0.9745790326292469,11.713030746705709,2.3789508883992174,21,3.5505124450951637,0.22580645161289284,0
252,0,-3.0051244781363122,3.0051244781363122,6.0102489562726245,-3.684210526315791,-4.422005571030638,0.0,35.31249999999994,0.9490837212221961,11.644832605531294,2.376603906542781,22,4.112081513828232,0.6842105263157918,1
253,0,-3.1778997942852354,3.1778997942852354,6.355799588570471,-2.7836504580690504,-4.267869535045103,0.4734158776402036,38.43749999999996,0.9480230720227323,11.602610587382161,2.4309022816829757,22,4.459753444525012,0.4230769230769295,1
254,0,-3.1020738965452757,3.1020738965452757,6.204147793090551,-3.0942334739803083,-3.9386545834785576,0.29112081513828947,37.81250000000001,0.906863446617848,11.611030478955005,2.347365059726713,22,4.390420899854862,0.19999999999998266,0
255,0,-2.9182994372444147,2.9182994372444147,5.836598874488829,-3.0035335689045937,-4.255319148936175,-0.36297640653357627,34.6875,0.8971778057804666,11.65331391114348,2.2327389787427245,22,4.042243262927895,0.5500000000000065,0
256,0,-2.836504695347925,2.836504695347925,5.67300939069585,-3.414290742696244,-3.9551977598880033,-0.5797101449275347,33.75000000000001,0.867857229070129,11.666059059423986,1.033618916815035,23,3.937294932555597,0.15384615384617437,0
257,0,-2.9994532869439667,2.9994532869439667,5.9989065738879335,-2.9929577464788735,-4.307051059395622,0.40087463556851893,37.18749999999992,0.8389594597834761,11.619462599854756,0.9144321129025744,23,4.320987654320978,0.857142857142866,1
258,0,-3.00628080675599,3.00628080675599,6.01256161351198,-2.888340965128568,-4.337265787647471,0.18168604651162049,38.124999999999915,0.7937309337055809,11.606819006166122,0.8006858552977676,23,4.425099746100824,0.5,1
259,0,-2.8412438391867636,2.8412438391867636,5.682487678373527,-3.238296374516018,-4.31604594500522,-0.2177858439201426,35.62499999999999,0.7677625732718842,11.640596580574753,0.6493004271461268,23,4.146962531829755,0.727272727272695,0
260,0,-2.7127626102171827,2.7127626102171827,5.425525220434365,-3.6867977528089755,-3.956582633053215,-0.7238508867173225,33.43749999999997,0.7616320485833425,11.670313639679065,0.6253448978815183,0,3.9022611232676834,0.3333333333333253,0
261,0,-2.570412837901884,2.570412837901884,5.140825675803768,-4.178370786516846,-4.077328646748675,-1.373328514636785,30.625000000000004,0.7775112645392772,11.708744968898644,0.6874746718455987,0,3.5858031467252105,0.5,0
262,0,-2.7091813795051056,2.7091813795051056,5.418362759010211,-4.328097731239092,-4.160839160839167,-0.9396458258041194,32.812499999999886,0.7931229853445256,11.678832116788321,0.7719211184103631,0,3.832116788321154,0.28571428571427465,1
263,0,-2.5799728482070146,2.5799728482070146,5.159945696414029,-4.87125956854558,-4.171048019628468,-0.9061254077564437,30.937499999999908,0.7694388321133868,11.704462326261886,0.7369646826614868,0,3.6210680321872606,0.5,0
264,0,-2.700979699040338,2.700979699040338,5.401959398080676,-5.708390646492432,-4.192872117400415,-0.9035056017347254,33.12499999999993,0.7673788234474909,11.674571324334183,0.8125449261781057,1,3.86720175118569,0.38095238095238687,1
265,0,-2.5624381792876556,2.5624381792876556,5.124876358575311,-5.330564209068884,-4.169586545199726,0.5145167217934629,30.625000000000004,0.7695366059250539,11.708744968898644,0.8716614175440854,1,3.5858031467252105,0.2857142857142857,0
266,0,-2.459700096143463,2.459700096143463,4.919400192286926,-5.896551724137922,-4.613771408598383,0.1835535976505224,29.06249999999993,0.7551546415980106,11.730205278592374,0.8833698796044923,1,3.4090909090909003,0.28571428571429897,0
267,0,-2.5111286448599652,2.5111286448599652,5.0222572897199305,-5.137105171815332,-4.004214963119071,0.3303964757709371,30.625000000000004,0.7182270714973564,11.708744968898644,0.8603547414360154,1,3.5858031467252105,0.7142857142857408,1
268,0,-2.456397175896565,2.456397175896565,4.91279435179313,-5.405405405405416,-4.042179261862921,-0.2557544757033271,29.999999999999922,0.6987992264275138,11.717319663127059,0.890550006913571,2,3.5151958989381082,0.25000000000003614,0
269,0,-2.5152642709808295,2.5152642709808295,5.030528541961659,-4.472396925227116,-3.5966149506347,-0.2553812477198126,31.24999999999995,0.6871107060813803,11.700182815356488,0.9337086980945022,2,3.656307129798897,0.1999999999999942,1
270,0,-2.2977429819583968,2.2977429819583968,4.5954859639167935,-4.693520140105079,-4.156393096160622,-0.4390779363337099,26.87499999999991,0.7174416221642116,11.760382212421904,1.465800084055992,2,3.1606027195883764,0.48275862068966036,0
271,0,-1.7970977156902046,1.7970977156902046,3.594195431380409,-5.787443002455272,-5.255731922398583,-2.1493624772313304,15.937499999999948,0.8477306270826148,11.91362620997766,1.8090471821634568,2,1.8987341772151838,0.5384615384615369,0
272,0,-1.2228253080281852,1.2228253080281852,2.4456506160563705,-7.140357017850898,-6.38673253352153,-3.8419717288872848,5.3124999999998925,0.9023124875153723,12.066365007541478,2.013728342627258,3,0.641025641025628,0.8461538461538478,0
273,0,-2.02132845259084,2.02132845259084,4.04265690518168,-5.87207270185249,-5.008818342151668,-2.2859216255442716,18.124999999999968,0.9444625038348089,11.882658744894169,2.0850368848963887,3,2.1537318975120643,0.9111111111111184,1
274,0,-2.0966335027478396,2.0966335027478396,4.193267005495679,-5.666316894018881,-4.293825408090845,-1.7486338797814158,19.374999999999996,0.9472082153915151,11.86503522432332,2.0639403988574134,3,2.298850574712643,0.1481481481481511,1
275,0,-2.2933597058471795,2.2933597058471795,4.586719411694359,-5.147058823529411,-3.697120511908991,-1.2755102040816282,23.437499999999993,0.909595868208801,11.80811808118081,2.017378420852904,3,2.7675276752767517,0.9230769230769128,1
276,0,-2.002997731387106,2.002997731387106,4.005995462774212,-6.460576589093433,-4.299928926794599,-2.2504537205081663,18.43750000000001,0.9079717477196958,11.87824795842613,2.0511801961753804,4,2.190051967334819,0.7727272727272808,0
277,0,-2.6376181714243527,2.6376181714243527,5.2752363428487055,-5.147826086956527,-1.6233766233766354,-1.088139281828077,28.749999999999886,0.9507828212226735,11.734506784011735,2.196171355096689,4,3.3736707004033604,0.7333333333333192,1
278,0,-2.4695581830285533,2.4695581830285533,4.939116366057107,-5.655794587092295,-2.0533141210374555,-1.091305929428886,26.24999999999996,0.9248726368718799,11.769032732622286,2.2341830374173743,4,3.0893710923133457,0.5333333333333237,0
279,0,-2.3824814089919615,2.3824814089919615,4.764962817983923,-5.921052631578952,-2.0194734944103883,-0.9478672985782141,25.31249999999997,0.8913179332924027,11.7820324005891,2.214007422902789,4,2.982326951399113,0.16666666666669075,0
280,0,-2.228071681491031,2.228071681491031,4.456143362982062,-6.740027510316368,-1.4176663031624852,-0.6229388054232352,22.812499999999915,0.8802134835589827,11.816838995568684,1.7015464149317086,5,2.6957163958640957,0.2105263157894797,0
281,0,-2.1844697734764487,2.1844697734764487,4.368939546952897,-8.10994231421785,-1.3119533527696796,-1.2039401678219643,22.500000000000007,0.8545842913929609,11.821204285186552,1.111845134165962,5,2.659770964166975,0.0,0
282,0,-2.1223574280013096,2.1223574280013096,4.244714856002619,-7.0446735395188975,-1.4571948998178545,-1.0607168983174815,22.22222222222216,0.8284572431584284,11.645101663585942,0.7820471620478514,5,2.5878003696857577,0.15384615384617437,0
283,0,-2.3222224868727577,2.3222224868727577,4.644444973745515,-6.051175656984794,-1.0560815731973918,-0.9117432530999373,28.975265017667724,0.8132051883817804,10.415899889584095,0.6665616737209354,5,3.0180345969819515,0.6666666666666506,1
284,0,-2.148483309378671,2.148483309378671,4.296966618757342,-6.202356202356199,-1.49199417758369,-1.023765996343686,25.62277580071175,0.8185978272951835,10.380495012929442,0.6357289849925348,6,2.659770964166975,0.4347826086956341,0
285,0,-1.8357136519243662,1.8357136519243662,3.6714273038487324,-7.115716753022454,-2.3956442831216,-1.465738365701726,19.217081850533734,0.8316229118723049,10.449981405727037,0.7266474248014851,6,2.00818148010412,0.7200000000000132,0
286,0,-1.8512800395436215,1.8512800395436215,3.702560079087243,-7.395940832473337,-2.463768115942026,-1.5001829491401477,20.284697508896713,0.7925876175525416,10.438335809806835,0.6752232591353209,6,2.1173848439821605,0.37499999999998646,1
287,0,-1.8238536474174445,1.8238536474174445,3.647707294834889,-7.3296627666896095,-1.8586005830903731,-1.3553113553113445,20.284697508896713,0.7651612254263616,10.438335809806835,0.5326408954099308,6,2.1173848439821605,0.09090909090910525,1
288,0,-1.6733442155902927,1.6733442155902927,3.3466884311805853,-7.35497237569061,-2.507267441860467,-1.8653986832479823,17.562724014336933,0.7605275240850788,10.39493293591653,0.4974974764654363,7,1.825633383010432,0.5,0
289,0,-1.8622421882059772,1.8622421882059772,3.7244843764119544,-6.977547495682209,-2.2504537205081663,-1.0290334435869097,21.376811594202923,0.7672162045385669,10.24498886414253,0.5513211423555133,7,2.190051967334819,0.3749999999999932,1
290,0,-1.8723358922040505,1.8723358922040505,3.744671784408101,-6.943005181347144,-2.497285559174796,0.2978406552494488,22.101449275362288,0.7410302542218553,10.237388724035599,0.5492702557385537,7,2.262611275964386,0.0,0
291,0,-1.8439339610380963,1.8439339610380963,3.6878679220761925,-6.742738589211614,-2.5298156848572373,1.6584998115341198,22.05882352941169,0.7307614192941314,10.092764378478652,0.5306649032806313,7,2.2263450834879306,0.06250000000000847,1
292,0,-1.761893078034645,1.761893078034645,3.52378615606929,-6.952611553095807,-2.782797253342964,-0.11139992573338152,20.955882352941114,0.7032006560435662,10.104011887072796,0.5166610278034082,8,2.1173848439821605,0.5555555555555127,0
293,0,-1.3797814883575195,1.3797814883575195,2.759562976715039,-8.592132505175986,-3.9869517941283177,-1.7797552836485093,9.859154929577553,0.8516788855661114,10.712938513768387,0.8748932916572514,8,1.0562052055828082,0.6142857142857137,0
294,0,-1.6913441917956282,1.6913441917956282,3.3826883835912565,-7.748184019370454,-3.6140224069389166,-1.5503875968992225,15.714285714285769,0.8664473039066074,10.498687664042006,0.9178507723536524,8,1.6497937757780352,0.5333333333333304,1
295,0,-1.6856980682882379,1.6856980682882379,3.3713961365764757,-7.588357588357589,-1.9845644983461888,-0.9654660230226505,15.77060931899648,0.8608011803992179,10.461192350956136,0.87575453897701,8,1.6497937757780352,0.0,0
296,0,-1.5082157020797637,1.5082157020797637,3.0164314041595275,-8.053923263048743,-2.3494860499265724,-2.4569123579024494,12.903225806451607,0.8312694816961603,10.49266641594585,0.8991805932018752,9,1.353892440767206,0.6363636363636579,0
297,0,-1.3713448972535454,1.3713448972535454,2.7426897945070907,-7.945870922970161,-2.606461086637294,-2.42736300110335,10.752688172043033,0.8059472342305531,10.516396532227674,0.9199979834720213,9,1.1307953260459886,0.4999999999999819,0
298,0,-1.4752314888040863,1.4752314888040863,2.9504629776081726,-7.929362880886429,-2.8498355864084743,-2.134707397865289,12.91512915129163,0.8168417220621718,10.195635816403309,1.0288380536164723,9,1.316779533483834,0.2307692307692282,1
299,0,-1.384033503717742,1.384033503717742,2.768067007435484,-8.041594454072792,-3.2105071141918997,-2.1755162241887915,11.439114391143992,0.8000093891736535,10.211002260738507,0.9927845480106421,9,1.1680482290881766,0.33333333333335263,0
300,0,-1.1936787454839235,1.1936787454839235,2.387357490967847,-8.156889968760845,-3.1833150384193294,-2.2895125553914326,8.178438661710151,0.7777997284706826,10.17013232514178,0.9917952335522444,10,0.831758034026477,0.6666666666666907,0
301,0,-1.420631315217611,1.420631315217611,2.841262630435222,-7.905686546463242,-3.2422586520947214,-1.8114602587800368,12.639405204461024,0.7808119700915217,10.124200225818598,1.00983720563336,10,1.2796386902521706,0.4782608695652051,1
302,0,-1.1386896080477256,1.1386896080477256,2.277379216095451,-8.112813370473543,-4.349401957230892,-2.8708133971291847,5.947955390334553,0.8355444773163875,10.193255020841233,1.1345979126084096,10,0.6062902614626736,0.4615384615384675,0
303,0,-0.9534239051414813,0.9534239051414813,1.9068478102829627,-8.882720333102018,-4.7169811320754835,-2.992242334687859,2.2140221402213762,0.839225199393477,10.31594975256947,0.8143224132298318,10,0.22839741149600035,0.5909090909090936,0
304,0,-0.926666113423282,0.926666113423282,1.853332226846564,-9.027535726734058,-4.9180327868852505,-2.9378951283004864,1.3986013986014316,0.8500377609328584,10.957854406130277,0.8397480972399585,11,0.15325670498084665,0.7083333333333326,0
305,0,-1.1134618655521262,1.1134618655521262,2.2269237311042525,-8.615277293337991,-4.518950437317783,-2.6745913818722147,5.017921146953446,0.846286293033039,10.648854961832068,0.8618774859032526,11,0.5343511450381726,0.45454545454545814,1
306,0,-1.2477452355785834,1.2477452355785834,2.495490471157167,-8.015400770038502,-4.609800362976404,-2.4136650575566265,8.24372759856631,0.8103165554720784,10.612400152149114,0.8517205355236145,11,0.8748573602130095,0.8000000000000174,1
307,0,-0.9675301764903342,0.9675301764903342,1.9350603529806685,-9.23931920805836,-5.223068552774757,-2.6090197540067157,2.508960573476723,0.8335845201566137,10.67738231917337,0.9027184063535494,11,0.26789131266743443,0.5714285714285647,0
308,1,2.2883554693280628,1.1441777346640314,2.2883554693280628,-9.888965995836228,-5.529283375773017,-3.564797623468257,4.651162790697715,0.8747397054107554,11.585835257890686,0.911760209485862,12,0.5388760585065483,0.4571428571428575,0
309,1,3.122427251979647,1.5612136259898235,3.122427251979647,-8.806126000696143,-4.4841414509661055,-2.746844840386053,11.666666666666629,0.8930196588267837,11.454753722794958,0.9604867444932331,12,1.336387934326074,0.6874999999999983,1
310,1,3.2722474044030725,1.6361237022015362,3.2722474044030725,-8.158263305322134,-3.884206669109571,-2.7437893956247783,13.745704467353987,0.8739285802503133,11.089939024390246,0.9951382957872161,12,1.524390243902443,0.23529411764706332,1
311,1,3.442898022159926,1.721449011079963,3.442898022159926,-7.73286467486818,-4.232032105071134,-2.4163568773234183,15.19434628975266,0.9030249532192808,10.772744575561486,1.050043071339668,12,1.636848115721358,0.029411764705886103,1
312,1,4.284053560771813,2.1420267803859065,4.284053560771813,-7.377622377622386,-3.1089978054133143,0.0,22.96819787985862,0.9151487131907372,10.683276708191782,0.9942307495922053,13,2.4537561343903342,0.7096774193548301,1
313,1,3.232434971131035,1.6162174855655176,3.232434971131035,-8.166841920785144,-4.449307075127649,-1.7622797150356269,11.660777385159014,0.985724554728681,10.813909056171198,1.0726757606086421,13,1.2609858616736738,0.630434782608694,0
314,1,2.978351757751518,1.489175878875759,2.978351757751518,-8.77009084556254,-4.533820840950639,-2.099737532808401,9.54063604240286,0.9721326004383777,10.83875909613176,1.1158564655742143,13,1.0340865568747648,0.29999999999999566,0
315,1,3.319185526608163,1.6595927633040815,3.319185526608163,-8.163980378416262,-3.957493587394651,-1.4661654135338336,13.12056737588657,0.9537552966882831,10.759252193819158,1.0599138928476584,13,1.4116749332315963,0.5,1
316,1,3.149588090182861,1.5747940450914304,3.149588090182861,-8.52848654316672,-4.244420051225767,-1.3569543912551831,11.702127659574478,0.9443011142545948,10.775697363393204,1.097099580837304,14,1.2609858616736738,0.19047619047619735,0
317,1,4.298999471334385,2.1494997356671925,4.298999471334385,-7.02493853178785,-3.040293040293031,-0.45129748025572985,21.985815602836865,0.9779199926588812,10.657596371882091,1.110888539474887,14,2.3431594860166287,0.7317073170731684,1
318,1,4.395606032748259,2.1978030163741296,4.395606032748259,-6.818980667838304,-3.0358449158741676,-0.07538635506972603,24.175824175824186,0.9525199975062038,10.301886792452839,1.0123601071561348,14,2.490566037735852,0.294117647058843,1
319,1,4.578007417926468,2.289003708963234,4.578007417926468,-6.346967559943584,-2.3888276368981978,0.3779289493575218,26.373626373626358,0.9335820222162424,10.278614457831335,0.9746059168728392,14,2.7108433734939767,0.3157894736842009,1
320,1,4.7011127853427706,2.3505563926713853,4.7011127853427706,-6.128918633321597,-0.7818317200297911,0.338855421686743,28.78787878787884,0.9219849640999568,9.924812030075184,0.9952113238026485,15,2.857142857142861,0.42857142857142855,1
321,1,4.049725986059608,2.024862993029804,4.049725986059608,-6.984126984126979,-0.6030908405578573,-0.07578628268282804,20.930232558139625,1.0013603395043997,9.78013646702047,1.0762873908550723,15,2.0470053070508047,0.5,0
322,1,4.388252669559993,2.1941263347799964,4.388252669559993,-6.704304869442486,-1.8195321203119195,0.685453160700694,24.806201550387698,0.9856671202784828,9.743202416918429,1.102065685400292,15,2.4169184290030303,0.27272727272726555,1
323,1,4.849444620629555,2.4247223103147775,4.849444620629555,-6.137566137566126,-1.334816462736374,1.9540229885057572,29.844961240310177,0.9778978082478789,9.695603156708003,1.0516436009502912,15,2.8936490041337932,0.5200000000000028,1
324,1,4.763430444017769,2.3817152220088844,4.763430444017769,-5.571327182398865,-1.7718715393133948,1.5648854961832153,30.67729083665349,0.9348907199419896,9.432544156332202,0.9351155182317031,16,2.8936490041337932,0.0,0
325,1,4.773031806104613,2.3865159030523064,4.773031806104613,-5.367934589406332,-1.1511325659116305,1.2937595129375854,31.707317073170692,0.921452041294227,9.241172051089412,1.0389648158475195,16,2.930127723516151,0.04999999999998482,1
326,1,4.619769480525864,2.309884740262932,4.619769480525864,-5.508173418621187,-2.493582691602491,1.7604286261002693,30.487804878048756,0.8995801144637621,9.251598345242577,1.0283540148796542,16,2.8206092515983445,0.1874999999999983,0
327,1,4.777766292185169,2.3888831460925846,4.777766292185169,-3.8961038961038965,-2.022802500919453,2.5798998844821033,34.482758620689744,0.8873816445910785,8.708708708708707,0.972943537043529,16,3.003003003003011,0.2500000000000108,1
328,1,4.521756482611972,2.260878241305986,4.521756482611972,-4.214697406340055,-2.134707397865289,1.4885496183206095,36.45320197044348,0.868854163051656,7.6373212942061715,0.9950726013881294,17,2.784048156508663,0.31250000000001527,0
329,1,4.775607477766957,2.3878037388834783,4.775607477766957,-3.8946988820771735,-1.733038348082602,1.6012199771254267,40.39408866995075,0.8499192677656987,7.614403600900227,1.0298393604220624,17,3.0757689422355607,0.41176470588232894,1
330,1,4.6630470818438265,2.3315235409219133,4.6630470818438265,-3.2715376226826534,-1.7355982274741408,1.3714285714285717,40.20100502512574,0.8300220394204089,7.469969969969968,0.9960482051159705,17,3.003003003003011,0.3333333333333237,0
331,1,4.5461790284430865,2.2730895142215433,4.5461790284430865,-2.9518950437317755,-1.552680221811458,0.5285013212533077,40.51282051282058,0.7897999911272895,7.322568531731124,0.8292437795130551,17,2.966579046188512,0.14285714285716056,0
332,1,4.4816311299198315,2.2408155649599157,4.4816311299198315,-2.987249544626595,-1.9874861980125065,1.6412213740458041,40.51282051282058,0.7575260418656624,7.322568531731124,0.7692381195181168,18,2.966579046188512,0.0,0
333,1,3.6809953486659843,1.8404976743329922,3.6809953486659843,-3.787327021121644,-2.401182120428533,1.1872845653006425,28.717948717948772,0.7798916137269306,7.386363636363631,0.7515855897160058,18,2.1212121212121233,0.8076923076923154,0
334,1,3.8166826996007868,1.9083413498003934,3.8166826996007868,-3.748180494905378,-1.636296020825577,0.9156810377718485,31.282051282051455,0.7552222571727855,7.372400756143661,0.762025371076055,18,2.306238185255209,0.4166666666666908,1
335,1,3.7790071462536536,1.8895035731268268,3.7790071462536536,-3.956442831215976,-1.708766716196138,1.10813909056171,31.282051282051455,0.736384480499223,7.372400756143661,0.6398966942803841,18,2.306238185255209,0.07692307692305382,1
336,1,3.519762916795627,1.7598814583978135,3.519762916795627,-4.347826086956517,-1.9680653546231004,-0.2644503211182494,28.205128205128187,0.7178200715088446,7.38916256157635,0.6115224628318862,19,2.0841227737779433,0.4166666666666908,0
337,1,3.2351067871116093,1.6175533935558046,3.2351067871116093,-4.045189504373178,-1.8635855385762254,-0.6789890607318075,25.128205128205146,0.6870558622227209,7.4060007595898165,0.5750126298423218,19,1.8609950626661602,1.0,0
338,1,3.306808752873475,1.6534043764367374,3.306808752873475,-4.215116279069775,-2.116598588934281,-0.7530120481927731,26.666666666666668,0.6670614325824161,7.39757207890743,0.5898588459323136,19,1.972685887708648,0.2727272727272763,1
339,1,3.2494505295758764,1.6247252647879382,3.2494505295758764,-4.319419237749552,-2.1529324424647482,-1.0881801125703545,26.666666666666668,0.638382320933618,7.39757207890743,0.5283679147250192,19,1.972685887708648,0.0,0
340,1,2.9601741766969134,1.4800870883484567,2.9601741766969134,-4.849800941006153,-2.5213199851687187,-0.3033750474023585,23.07692307692304,0.6242483664009466,7.41726892354507,0.5204736621642579,20,1.7116774438950135,0.6363636363636328,0
341,1,3.4529635104930616,1.7264817552465308,3.4529635104930616,-4.5536682327430364,-1.8215613382899627,-0.11346444780635266,29.230769230769347,0.6473450645990465,7.383566830745925,0.5602436555696856,20,2.158273381294971,0.4615384615384731,1
342,1,3.220534256605186,1.610267128302593,3.220534256605186,-4.770509577159369,-0.5285013212532915,-0.9770762871101082,26.666666666666668,0.6239241844482722,7.39757207890743,0.5159289316195558,20,1.972685887708648,0.7500000000000135,0
343,1,3.1747579640512327,1.5873789820256163,3.1747579640512327,-4.458137006161662,-1.1623547056618002,-0.9394964299135768,26.666666666666668,0.6010360381712935,7.39757207890743,0.43780462713096596,20,1.972685887708648,0.0,0
344,1,3.0478524219575815,1.5239262109787908,3.0478524219575815,-4.842790025298157,-1.2748406449193916,-1.0894064613072858,25.641025641025728,0.5747994076378642,7.40318906605922,0.37801330215179413,21,1.8982536066818576,0.5,0
345,1,3.040514031788343,1.5202570158941715,3.040514031788343,-3.197353914002199,-0.9774436090225557,-0.9402030838661094,27.127659574468193,0.5525150804102941,7.134724857685018,0.3460736504105784,21,1.9354838709677518,0.0,0
346,1,2.8205542683028093,1.4102771341514047,2.8205542683028093,-3.4508076358296584,-0.866943083301923,-1.276276276276283,24.46808510638297,0.5357524193225052,7.14828897338404,0.3665101691573016,21,1.7490494296577959,0.6250000000000135,0
347,1,3.5683185933745136,1.7841592966872568,3.5683185933745136,-2.826725403817908,-0.45129748025572985,-0.45129748025572985,33.51063829787236,0.5941328516551466,7.102380052890073,0.4572053882392071,21,2.380052890064228,0.4594594594594655,1
348,1,4.751838708485257,2.3759193542426287,4.751838708485257,-2.1921812203142026,0.9046362608367942,0.450281425891193,49.46808510638302,0.6389003030659384,7.022786701531573,0.484895250565899,22,3.4740381023533877,0.8571428571428624,1
349,1,4.036542202488563,2.0182711012442813,4.036542202488563,-3.246990149580449,0.2267573696145098,-0.33821871476889614,36.17021276595736,0.7362198191930001,7.088989441930628,0.6838115686653444,22,2.564102564102561,0.49019607843137974,0
350,1,3.0393375537437484,1.5196687768718742,3.0393375537437484,-5.232345407976594,-2.4849397590361475,-2.7412692452121723,13.679245283018846,0.9596069769491216,8.188489764387793,1.453647818177434,22,1.1201235998454981,0.659574468085107,0
351,1,3.5507102806199557,1.7753551403099779,3.5507102806199557,-5.173041894353378,-1.3641530882910198,-2.2530980097634306,20.28301886792436,0.9493851057344984,8.144448713023433,1.5057992865261383,22,1.6519400691509658,0.6086956521738991,1
352,1,4.068248408371067,2.0341242041855336,4.068248408371067,-5.110547299746287,-0.3046458492002955,-0.9084027252081649,26.886792452830083,0.9450909600128192,8.100878868933892,1.536188288793749,23,2.1780664883454244,0.6000000000000139,1
353,1,4.340296029964413,2.1701480149822063,4.340296029964413,-4.789550072568947,0.5363984674329549,-0.7939508506616326,32.17821782178217,0.93205277688697,7.695238095238093,1.5833825346114523,23,2.476190476190474,0.3333333333333333,1
354,1,4.346986237148711,2.1734931185743553,4.346986237148711,-4.335154826958113,0.22900763358778353,-0.7558578987150436,33.33333333333319,0.9168289906231053,7.539984767707534,1.6190445329357985,23,2.5133282559025005,0.052631578947352806,1
355,1,4.177262027225721,2.0886310136128605,4.177262027225721,-4.409620991253645,-0.19025875190259628,-0.6439393939393973,31.81818181818169,0.8877160307687917,7.548608463591301,1.6474364483643444,23,2.4018299656881315,0.2307692307692282,0
356,1,4.219901476073587,2.1099507380367934,4.219901476073587,-4.68239564428313,0.4975124378109449,-0.26585643752373955,33.33333333333319,0.8532866100855468,7.539984767707534,1.6703122492101476,0,2.5133282559025005,0.27272727272726555,1
357,1,4.472329135429458,2.236164567714729,4.472329135429458,-4.533913674283646,1.3477088948787015,-0.15174506828528442,36.86868686868676,0.8499131434838149,7.519939232814274,1.62816759405187,0,2.7725028484618197,0.27272727272727093,1
358,1,4.898281230802462,2.449140615401231,4.898281230802462,-3.7831938886867924,0.9541984732824536,0.341426403641894,42.92929292929297,0.8423353223955581,7.485822306238179,1.598138072375738,0,3.213610586011342,0.600000000000013,1
359,1,4.828382324431115,2.4141911622155576,4.828382324431115,-3.536274152387907,0.8768585589020214,0.6466337010270099,43.07692307692304,0.8256888929266064,7.375189107413005,1.4232213578229629,0,3.1770045385779073,0.06249999999998136,1
360,1,4.451707269100407,2.2258536345502034,4.451707269100407,-3.444485159399043,0.38095238095238193,-0.2271866717152567,37.9487179487179,0.8211459656056327,7.40318906605922,0.6012630412084141,1,2.809415337889136,0.4736842105263122,0
361,1,4.632991350339168,2.316495675169584,4.632991350339168,-3.721269609631525,-0.3775009437523604,0.1518026565464768,41.025641025640944,0.8013441600180752,7.386363636363631,0.5428282822903995,1,3.030303030303022,0.3333333333333237,1
362,1,4.50569325093796,2.25284662546898,4.50569325093796,-3.584491587417703,0.6106870229007617,0.0,40.414507772020784,0.7744539037100713,7.316148597422274,0.5219865147983803,1,2.956785443517814,0.3636363636363672,0
363,1,4.396723667253537,2.1983618336267683,4.396723667253537,-3.8293216630196953,0.9957870547682873,0.1519179642992821,39.896373056994804,0.7383694180029577,7.318923018581707,0.4728110117968585,1,2.9199848312476226,0.14285714285716056,0
364,1,4.247317605952883,2.1236588029764416,4.247317605952883,-3.692870201096891,0.4959938954597478,0.0,38.3419689119171,0.718951134031875,7.327258921791937,0.45806051915776835,2,2.809415337889136,0.24999999999999095,0
365,1,4.054682645846836,2.027341322923418,4.054682645846836,-3.6643459142543153,0.45854031333587536,-0.03802281368821797,37.29729729729712,0.715055282603909,7.036896158235065,0.46116602176434934,2,2.6245720806390116,0.29411764705883553,0
366,1,3.689436774862468,1.844718387431234,3.689436774862468,-4.207830223197954,-1.095579901775593,-1.095579901775593,31.8918918918917,0.7183342713564008,7.063764795723553,0.45491650359110014,2,2.25276823214966,0.5789473684210407,0
367,1,3.5936443815819707,1.7968221907909854,3.5936443815819707,-4.029304029304024,-1.1693700490381067,-2.1292491595069176,31.35135135135132,0.6891063771928231,7.066462948815884,0.40835801553080053,2,2.215431627196329,0.12500000000002032,1
368,1,3.592049661341855,1.7960248306709274,3.592049661341855,-4.169714703730796,-1.3554216867469884,-1.2066365007541446,31.8918918918917,0.6696407145960988,7.063764795723553,0.3696203369964677,3,2.25276823214966,0.1818181818181639,1
369,1,3.7877146889716147,1.8938573444858073,3.7877146889716147,-3.5281146637265612,-1.5009380863039277,1.3513513513513633,35.135135135135144,0.655762106390568,7.047619047619041,0.36734381666119426,3,2.476190476190474,0.46153846153848976,1
370,1,3.6587267512977513,1.8293633756488756,3.6587267512977513,-2.3082650781831715,-0.49298445202882024,0.806761429120253,35.79545454545438,0.6284483928048074,6.7098741898589385,0.36165610578099117,3,2.4018299656881315,0.14285714285716056,0
371,1,3.3189125448820063,1.6594562724410031,3.3189125448820063,-1.4700339238597804,-1.134644478063543,-0.15278838808250944,30.681818181818077,0.6265565019742897,6.732976281560823,0.36234953436976286,3,2.065799540933427,0.6,0
372,1,3.1139377695725243,1.5569688847862622,3.1139377695725243,-3.0449313033791325,-1.8789928598271375,-0.49542682926829235,28.409090909090747,0.5991144786560019,6.743295019157086,0.37602995789436766,4,1.9157088122605248,0.5,0
373,1,3.2654285856868306,1.6327142928434153,3.2654285856868306,-3.077493511308868,-1.7662532882375108,-0.45696877380045164,30.113636363636182,0.6185543234595731,6.735553004209718,0.43924062894565424,4,2.0283199387676873,0.17391304347826825,1
374,1,3.539349608156924,1.769674804078462,3.539349608156924,-3.211517165005531,-1.502629601803143,-0.0381242851696416,34.090909090908944,0.6246366361395385,6.717557251908395,0.4772633171108458,4,2.290076335877852,0.4736842105263242,1
375,1,3.8567148740375243,1.9283574370187622,3.8567148740375243,-2.339398440401044,-1.0906355772846914,0.15232292460015603,39.20454545454525,0.6160713966992527,6.694560669456065,0.47822005170892634,4,2.6245720806390116,0.7142857142857099,1
376,1,3.861080917512908,1.930540458756454,3.861080917512908,-3.703703703703703,-1.4264264264264366,-0.22796352583586357,39.20454545454525,0.6182544184369495,6.694560669456065,0.46401352113772715,5,2.6245720806390116,0.1764705882352911,0
377,1,4.567439217384611,2.2837196086923055,4.567439217384611,-2.611254137550566,-0.4136893569010803,0.1134215500945166,50.87719298245613,0.6403497560289174,6.460143558745739,0.4912653878839766,5,3.2867397053267786,0.7307692307692449,1
378,1,4.448620891220599,2.2243104456102993,4.448620891220599,-2.649981597350003,-0.7504690431519557,-0.03779289493574071,51.851851851851826,0.6358081763213491,6.12708018154311,0.5102602003862523,5,3.1770045385779073,0.1333333333333237,0
379,1,4.675001273725141,2.3375006368625706,4.675001273725141,-2.249262536873151,-0.3757985719654275,0.6072106261859566,56.17283950617286,0.6211671777905209,6.110901546586186,0.5058089288216205,5,3.4326669181440943,0.5833333333333454,1
380,1,4.7910046532562545,2.3955023266281272,4.7910046532562545,-2.0310192023633653,-0.3755163349605718,0.5305039787798456,58.0246913580247,0.624590495429936,6.1039939713639715,0.5957880685188884,6,3.541823662396379,0.11111111111110308,1
381,1,4.915060801533036,2.457530400766518,4.915060801533036,-1.7005545286506483,-0.15020653398423195,0.872534142640365,60.49382716049389,0.6140390538891661,6.094808126410828,0.6433694470080561,6,3.686982693754702,0.3846153846153692,1
382,1,5.2590225673637745,2.6295112836818872,5.2590225673637745,-1.766654398233341,1.021953065859202,1.2135001896094013,66.66666666666649,0.6055232776848967,6.071964017990998,0.6352507894145998,6,4.047976011993988,0.7857142857142592,1
383,1,4.636224763516054,2.318112381758027,4.636224763516054,-2.105652013298862,0.18903591682418888,0.6074411541381911,55.55555555555549,0.6199991742108615,6.113207547169805,0.5829438899741025,6,3.3962264150943318,0.9473684210526244,0
384,1,5.079906168915097,2.5399530844575486,5.079906168915097,-1.0412792859799114,0.5668934240362908,1.2171928489920254,68.91891891891883,0.6241003421585319,5.5597295266716635,0.5528494937006778,7,3.8317054845980336,0.5789473684210634,1
385,1,4.729455744491368,2.364727872245684,4.729455744491368,-1.5230312035661144,0.41666666666667274,1.2605042016806738,63.44827586206884,0.6301879024116067,5.467571644042223,0.5553198850827366,7,3.4690799396681613,0.6111111111111031,0
386,1,4.781265912560142,2.390632956280071,4.781265912560142,-1.485332343111775,0.7595898214963939,1.2595419847328262,64.8275862068966,0.6197211250818858,5.463451394122069,0.6040711931288661,7,3.541823662396379,0.07692307692308718,1
387,1,5.032822703529839,2.5164113517649196,5.032822703529839,-0.7454342154304903,1.0242792109256493,1.6412213740458041,70.34482758620679,0.6005586094659018,5.447032306536429,0.5728617194310434,7,3.8317054845980336,0.899999999999987,1
388,1,5.148587034571687,2.5742935172858434,5.148587034571687,-1.0025993316004498,1.1380880121396086,1.5619047619047544,73.10344827586204,0.5862965180360361,5.4388597149287214,0.5796471337546811,8,3.9759939984996153,0.3636363636363672,1
389,1,4.793452276360404,2.396726138180202,4.793452276360404,-1.33630289532294,1.1030810193990255,1.29573170731708,66.20689655172409,0.5894972225175595,5.459337349397581,0.6090811463940218,8,3.6144578313252915,0.49999999999998646,0
390,1,4.411830565111631,2.2059152825558157,4.411830565111631,-1.9651464590285537,0.11359333585762835,1.1476664116296893,57.93103448275863,0.6174130132668652,5.4841149773071,0.587169185534466,8,3.1770045385779073,0.4799999999999972,0
391,1,4.341479924977485,2.1707399624887427,4.341479924977485,-1.7100371747211907,0.34155597722959746,1.263883569513598,60.58394160583924,0.6005545671047158,5.183503594400301,0.5409954776430164,8,3.1403707907680567,0.0,0
392,1,4.548048016564238,2.274024008282119,4.548048016564238,0.0,0.493171471927162,1.338944146901296,66.91729323308252,0.5941448085841271,5.020762551906375,0.5443003478747194,9,3.359758399395986,0.4285714285714197,1
393,1,4.786686293958104,2.393343146979052,4.786686293958104,-0.4499437570303821,0.8355488036460268,1.2585812356979256,72.51908396946556,0.6042659341730319,4.934086629001869,0.5721423618244196,9,3.578154425612038,0.29999999999999566,1
394,1,5.159809097720822,2.579904548860411,5.159809097720822,-0.07499062617173848,1.1769172361427402,1.3307984790874476,80.15267175572515,0.6099233105864965,4.915572232645389,0.6173079630744732,9,3.9399624765478287,0.5263157894736878,1
395,1,5.238316186296252,2.619158093148126,5.238316186296252,0.3007518796992391,1.4448669201520852,1.599390708301597,82.442748091603,0.5951700871511348,4.91004497751123,0.6110932002036517,9,4.047976011993988,0.27272727272726555,1
396,1,5.67816490465965,2.839082452329825,5.67816490465965,0.9800226159065203,1.2089157536834119,1.17069486404833,86.76470588235277,0.6359457831737424,5.078416728902161,0.8111085118730171,10,4.406273338312159,0.34375000000000594,1
397,0,-3.322758218260416,3.322758218260416,6.645516436520832,1.7675817976683026,1.0833022039596543,2.306238185255193,93.46405228758168,0.6775491912533879,5.660377358490563,0.9495876886403418,10,5.290418054014054,0.8,1
398,0,-3.9362396380600275,3.9362396380600275,7.872479276120055,3.053147380324158,3.0920060331825057,3.130894002263287,86.50000000000013,0.771219513654612,7.317965605561641,1.2937994909829549,10,6.330040248810829,0.5438596491228054,1
399,0,-3.6332717206165404,3.6332717206165404,7.266543441233081,2.5699168556311385,4.787644787644787,2.299283829626832,77.50000000000001,0.7787597500824717,7.36648250460404,1.4005260015524006,10,5.709023941068131,0.8636363636363672,0
400,0,-3.7390134716899497,3.7390134716899497,7.478026943379899,2.5225903614457916,4.610065309258561,2.406919894697264,81.00000000000006,0.7632603489860614,7.347538574577504,1.3820969519734665,11,5.951506245407781,0.5000000000000135,1
401,0,-3.8230187135845326,3.8230187135845326,7.646037427169065,3.372489579386135,4.2016806722689015,2.210565754964407,84.00000000000001,0.7438398279540425,7.331378299120223,1.4261453702020244,11,6.158357771260988,0.4285714285714197,1
402,0,-4.8342038672328655,4.8342038672328655,9.668407734465731,5.750190403655754,5.830792682926826,4.792452830188678,87.95180722891561,0.8939375843973205,8.960057574667136,1.8292758004018657,11,7.88053256567109,0.5833333333333341,1
403,0,-4.375494546368083,4.375494546368083,8.750989092736166,5.363984674329499,4.722010662604721,3.344607290492284,75.90361445783141,0.9378808686670992,9.057839214259717,2.0298992473931783,11,6.875227355401961,0.7631578947368439,0
404,0,-4.2694983497385435,4.2694983497385435,8.538996699477087,4.7328244274809155,4.6130385055280225,3.5081101471142877,73.89558232931725,0.9167286704382571,9.074344023323603,2.1008663071940137,12,6.705539358600572,0.294117647058843,0
405,0,-4.536789470286577,4.536789470286577,9.073578940573155,5.022831050228301,5.102817974105103,4.033169996230678,80.32128514056222,0.9136010644894801,9.02173913043477,2.2281211328572823,12,7.246376811594191,0.6153846153846141,1
406,0,-5.525434211439798,5.525434211439798,11.050868422879596,7.654037504783777,6.87689969604864,5.63274502440856,95.48872180451133,1.012285668440515,9.45273631840795,2.2308076813923585,12,9.026297085998575,0.7464788732394392,1
407,0,-5.678645673875075,5.678645673875075,11.35729134775015,8.663842895648823,6.691871455576545,5.851462865716425,98.87218045112783,1.020480601257298,9.422600070846608,2.3398491882985453,12,9.316330145235558,0.24242424242423485,1
408,0,-7.496103881527856,7.496103881527856,14.992207763055712,11.526717557251915,10.430839002267582,9.932279909706542,86.1904761904762,1.3017164756414783,14.373716632443525,3.180191822589003,13,12.388774811772754,0.6305732484076441,1
409,0,-6.764145807350719,6.764145807350719,13.528291614701438,9.073579870377428,8.576850094876647,8.207261724659597,70.9523809523809,1.550709838141488,14.695591322603214,4.3517252796503145,13,10.426871938418463,0.4841269841269855,0
410,0,-6.490679600058165,6.490679600058165,12.98135920011633,7.999999999999988,7.427055702917771,7.22390317700453,65.47619047619042,1.6405914166366553,14.814814814814808,4.674340804684814,13,9.700176366843023,0.306666666666667,0
411,0,-6.488931386721393,6.488931386721393,12.977862773442785,6.946017365043418,7.473444613050082,6.946017365043418,64.99999999999999,1.6707174792028632,14.825273561595475,4.855671766576525,13,9.636427815037056,0.03448275862068656,0
412,0,-5.781760811530191,5.781760811530191,11.563521623060382,6.259541984732827,5.5745164960182025,4.858757062146902,53.571428571428584,1.742263504528398,15.080789946140028,4.819466661067986,14,8.078994614003589,0.7656250000000021,0
413,0,-5.776763941930993,5.776763941930993,11.553527883861985,6.8173113749521175,5.884586180713734,4.652908067542214,54.28571428571429,1.6878112876985714,15.064562410329978,4.818153691518411,14,8.177905308464846,0.1428571428571318,1
414,0,-6.623704628796602,6.623704628796602,13.247409257593205,8.279282716520402,7.949790794979079,6.3718140929535245,66.19047619047612,1.7258892658649705,14.799154334038048,4.908871201560223,14,9.79563072586327,0.675675675675673,1
415,0,-6.529548650466997,6.529548650466997,13.059097300933994,8.291937332823851,8.250572956455311,5.7857409481149755,64.99999999999999,1.7113347429484698,14.825273561595475,4.896515471625404,14,9.636427815037056,0.09523809523808736,0
416,0,-6.531932629821023,6.531932629821023,13.063865259642046,7.140158670192669,8.244274809160308,4.804138950480411,66.19047619047612,1.6341172668893895,14.799154334038048,4.769079764071082,15,9.79563072586327,0.15789473684210045,1
417,0,-6.983080511529684,6.983080511529684,13.966161023059367,8.072425499811384,9.351145038167939,4.791514264813461,72.85714285714285,1.6446297090174737,14.654570830425673,4.787343502037814,15,10.676901605024419,0.4736842105263198,1
418,0,-7.06523263847386,7.06523263847386,14.13046527694772,8.170180722891573,9.447619047619044,5.858511422254986,74.99999999999997,1.5869717689086467,14.608695652173905,3.868238248118214,15,10.956521739130427,0.2800000000000042,1
419,0,-7.083678034981911,7.083678034981911,14.167356069963821,8.105065666041277,9.794207317073166,5.802423797282398,76.42857142857139,1.5126957371686587,14.578271433530018,2.3770193386278806,15,11.141964595626508,0.3529411764705822,1
420,0,-7.434650818257794,7.434650818257794,14.869301636515589,10.011376564277585,10.979342004590663,6.341642228739003,81.42857142857143,1.5421628789056263,14.47277739490006,2.0766775245835394,16,11.784975878704335,0.3333333333333333,1
421,0,-7.544771967649639,7.544771967649639,15.089543935299279,10.136157337367626,11.528150134048259,4.861361181130722,83.57142857142856,1.5159159044411261,14.428031604259697,1.9211726285684727,16,12.05771212641703,0.27777777777777846,1
422,0,-7.112293188553713,7.112293188553713,14.224586377107427,8.30514844043592,10.252486610558531,4.800000000000006,76.66666666666666,1.5258948540637833,14.573213046495482,1.689964420318474,16,11.172796668979869,0.6904761904761902,0
423,0,-6.880491718629569,6.880491718629569,13.760983437259139,7.741450582487787,9.344012204424104,4.482507288629748,73.09523809523813,1.5264631173041427,14.649459365190086,1.5939246704733205,16,10.708057202650853,0.3658536585365828,0
424,0,-7.4060452605356515,7.4060452605356515,14.812090521071303,8.940646130728773,10.266159695817485,5.07246376811594,81.42857142857143,1.513557321183487,14.47277739490006,1.4719302570915753,17,11.784975878704335,0.7173913043478171,1
425,0,-7.383832394860295,7.383832394860295,14.76766478972059,9.251598345242577,10.624523990860633,3.2705296836118043,82.14285714285714,1.445794529111587,14.457831325301198,1.3767282352829278,17,11.876075731497412,0.1764705882352911,1
426,0,-7.100792752992249,7.100792752992249,14.201585505984498,8.295795795795788,8.950151057401804,2.232459248759749,77.61904761904763,1.4528371050366067,14.553014553014545,1.4161428192811385,17,11.295911295911292,0.4878048780487841,0
427,0,-7.413140070391478,7.413140070391478,14.826280140782956,9.326814591951859,9.905482041587888,-0.5133470225872777,83.09523809523812,1.4145151133615732,14.437951185974555,1.2151397004623066,17,11.997249914059811,0.6999999999999899,1
428,0,-7.4126833098182185,7.4126833098182185,14.825366619636437,9.193245778611631,9.769898151640879,1.7126878713736458,83.33333333333329,1.398937605350874,14.432989690721643,1.1856415151337263,18,12.027491408934695,0.028571428571420074,1
429,0,-7.2959980705529075,7.2959980705529075,14.591996141105815,9.094325441563322,9.423294383716556,2.3985890652557447,81.42857142857143,1.4035101312007365,14.47277739490006,1.3212788882345172,18,11.784975878704335,0.1707317073170649,0
430,0,-7.107002599438619,7.107002599438619,14.214005198877238,8.636875704093134,8.800300864986847,2.1178962230850744,78.80952380952377,1.3823398529841122,14.527845036319606,1.0987691149613221,18,11.449325492909018,0.3,0
431,0,-6.953449541675785,6.953449541675785,13.90689908335157,8.33646263612467,8.09291869614088,3.6278735632183894,77.1428571428571,1.3362512060308573,14.563106796116498,0.9856149926000947,18,11.234396671289863,0.29999999999999566,0
432,0,-6.795120460374247,6.795120460374247,13.590240920748494,8.819076457229377,8.490566037735848,3.083542488347083,75.23809523809526,1.3013791530029033,14.603616133518768,0.9109841483049159,19,10.987482614742694,0.39130434782608203,0
433,0,-6.628351205574531,6.628351205574531,13.256702411149062,8.355387523629483,7.70387072529124,0.9866102889358791,72.85714285714285,1.2899004030623211,14.654570830425673,0.8751977296335172,19,10.676901605024419,0.322580645161289,0
434,0,-7.1172017454721415,7.1172017454721415,14.234403490944283,9.448223733938029,9.24179554884949,2.187720536344389,80.47619047619045,1.285593739951098,14.492753623188397,0.8505779737349475,19,11.66321601104209,0.7317073170731762,1
435,0,-6.836360130834679,6.836360130834679,13.672720261669358,9.166666666666668,8.63173765548436,1.6220028208744723,76.66666666666666,1.2499617963447425,14.573213046495482,0.8635474312726171,19,11.172796668979869,0.7999999999999957,0
436,0,-6.88393026963425,6.88393026963425,13.7678605392685,9.760729206228648,8.524220803604965,0.8726003490401495,78.09523809523807,1.2052599095234509,14.542936288088637,0.7547365941221285,20,11.357340720221599,0.4210526315789498,1
437,0,-6.636745872541488,6.636745872541488,13.273491745082977,8.990895295902893,7.764441110277575,0.0,74.28571428571426,1.2049909978896853,14.623955431754867,0.7531301037463761,20,10.863509749303613,0.4687499999999894,0
438,0,-6.433553300474585,6.433553300474585,12.86710660094917,8.497723823975731,7.599699021820914,-0.7289135716764926,71.66666666666661,1.1731548383983947,14.680181754631242,0.7006119082720343,20,10.520796924152382,0.5999999999999913,0
439,0,-6.841831557834414,6.841831557834414,13.683663115668828,9.813617344998098,9.190620272314664,-0.48259220958290666,77.8571428571428,1.1785132343151938,14.54797367509525,0.6117417334707379,20,11.326636647038434,0.6499999999999978,1
440,0,-6.54589510353366,6.54589510353366,13.09179020706732,8.59522907989397,8.472012102874425,-1.5109890109890178,73.3333333333333,1.1762995665741072,14.64435146443514,0.6065707349859805,21,10.739191073919097,0.633333333333329,0
441,0,-6.430745797119626,6.430745797119626,12.861491594239252,8.652751423149901,8.0785201963005,-0.6592643997224122,72.14285714285715,1.1390936839516248,14.66992665036674,0.5856781273693634,21,10.583304226336008,0.2777777777777631,0
442,0,-6.356042153421465,6.356042153421465,12.71208430684293,8.497723823975731,7.721280602636547,-0.24415765608650372,71.42857142857144,1.1112869086662214,14.685314685314676,0.5398885835027335,21,10.489510489510486,0.14285714285714285,0
443,0,-6.145105519266903,6.145105519266903,12.290211038533807,8.317508545385492,7.016885553470924,-1.655172413793099,68.57142857142851,1.0889257439860074,14.74719101123595,0.5437372241336874,21,10.112359550561784,0.3809523809523947,0
444,0,-6.0312078384073295,6.0312078384073295,12.062415676814659,7.896735003796501,6.521739130434787,-2.168674698795185,66.42857142857139,1.1175058306581271,14.793941528707286,0.5499954668780614,22,9.827404015498406,0.1463414634146331,0
445,0,-5.873504437565648,5.873504437565648,11.747008875131296,7.4904942965779515,5.52444942142591,-2.010398613518194,63.80952380952374,1.1351734616109184,14.851485148514845,0.5746379312077579,22,9.476661951909463,0.32432432432432307,0
446,0,-5.868193502289945,5.868193502289945,11.73638700457989,6.837929731771807,4.50849963045084,-2.7175782593739277,63.80952380952374,1.1298625263352144,14.851485148514845,0.6125005450724378,22,9.476661951909463,0.0,0
447,0,-5.786529823025668,5.786529823025668,11.573059646051336,5.565932013447883,3.365032918800295,-2.886597938144326,63.3333333333333,1.0802311676824348,14.861995753715492,0.5744015560023517,22,9.412597310686474,0.1666666666666486,0
448,0,-5.487281197818115,5.487281197818115,10.97456239563623,5.7692307692307825,3.352984524686823,-3.3758181191870476,58.33333333333336,1.1200797717931574,14.973262032085552,0.6754180063895279,23,8.73440285204991,0.48837209302324924,0
449,0,-5.384396105432692,5.384396105432692,10.768792210865383,8.146718146718158,2.8644876973925792,-3.180089872105083,57.38095238095239,1.0823611179282266,14.99464476972509,0.6016350003736443,23,8.60406997500892,0.2500000000000068,0
450,0,-4.898265698651033,4.898265698651033,9.796531397302067,7.568190549366122,2.639296187683285,-2.946273830155979,54.54545454545454,1.0411228415081768,14.142857142857146,0.6263482654080864,23,7.714285714285716,0.07142857142858028,0
451,0,-4.483719901491978,4.483719901491978,8.967439802983955,6.531703590527109,0.4321209938782808,-2.991304347826092,50.523560209424105,1.0261778018861039,13.686850591185953,0.6537723913554555,23,6.915084199211753,0.5000000000000099,0
452,0,-4.308051624759012,4.308051624759012,8.616103249518025,6.364329268292685,1.4909090909090996,-2.6168876482902994,49.465240641711276,0.9938273323906818,13.400214976710863,0.6709730553645475,0,6.628448584736662,0.0,0
453,0,-4.1985190519211155,4.1985190519211155,8.397038103842231,6.092916984006093,1.5306122448979569,-3.7983425414364738,48.128342245989295,0.9680811481163747,13.42426417803303,0.689574061559703,0,6.460875807609477,0.294117647058843,0
454,0,-4.007872659079839,4.007872659079839,8.015745318159677,5.871139916126575,0.6159420289855105,-3.6433032616238745,45.45454545454543,0.9459130049011647,13.472622478386176,0.6617589147215107,0,6.123919308357349,0.5294117647058734,0
455,0,-3.853840215909341,3.853840215909341,7.707680431818682,5.407463823305416,-1.599715606114465,-4.221453287197237,42.780748663101576,0.9615770199585076,13.521330441070145,0.7146897096160826,0,5.784526391901663,0.25806451612902276,0
456,0,-4.031070309669551,4.031070309669551,8.062140619339102,5.5471124620060905,-1.5591778880226708,-3.3066481030281945,45.98930481283428,0.9353179698567325,13.462922966162713,0.6678630780157198,1,6.191504679625639,0.6666666666666747,1
457,0,-3.9084228294013137,3.9084228294013137,7.816845658802627,4.801512287334591,-5.1334702258726885,-3.0769230769230758,44.38502673796798,0.9141948351733148,13.4920634920635,0.6707744856967909,1,5.988455988456001,0.35294117647059126,0
458,0,-3.90870962547797,3.90870962547797,7.81741925095594,4.837490551776269,-3.040894792030753,-3.914097679251812,44.65240641711229,0.8975303972053376,13.487197980526513,0.5551164021534014,1,6.02235845654526,0.10526315789472603,1
459,0,-3.97509569960559,3.97509569960559,7.95019139921118,5.426944971536997,-2.0105820105820023,-3.138075313807524,46.256684491978575,0.8624652570003392,13.458078445483995,0.5396221851153704,1,6.225260885210507,0.4166666666666908,1
460,0,-3.5885019799681355,3.5885019799681355,7.177003959936271,4.3577112542629814,-2.7885633603953432,-3.807195249738042,39.572192513369,0.9015012537517183,13.580246913580254,0.598783329889986,2,5.37400145243283,0.6944444444444401,0
461,0,-3.5604198538961254,3.5604198538961254,7.120839707792251,4.438543247344459,-1.1135057471264445,-3.7412587412587524,39.572192513369,0.8734191276797134,13.580246913580254,0.5944665948249787,2,5.37400145243283,0.07142857142858028,0
462,0,-3.4654199347604138,3.4654199347604138,6.9308398695208275,4.285172544558203,-1.3983506633201854,-3.576437587657787,38.23529411764713,0.8644741362882377,13.60494725354675,0.5938575439028325,2,5.201891596944355,0.20000000000000434,0
463,0,-3.3290015684206726,3.3290015684206726,6.658003136841345,4.138192862566445,-3.3474277660324034,-3.4834623504574136,36.36363636363642,0.8490599199888692,13.639679066374915,0.5499341640376199,2,4.959883296863613,0.3749999999999966,0
464,0,-3.20359336400949,3.20359336400949,6.40718672801898,4.031951312286048,-3.493295695130562,-3.254333215422712,34.491978609625704,0.8452752652891943,13.674588665447903,0.5432145925805405,3,4.716636197440593,0.3333333333333333,0
465,0,-3.2389064504162954,3.2389064504162954,6.477812900832591,4.621848739495799,-3.420310296191815,-3.1471004243281357,35.294117647058854,0.8283878236814491,13.65960555149745,0.4171063046698038,3,4.821037253469692,0.23529411764706332,1
466,0,-2.9397184909990415,2.9397184909990415,5.879436981998083,3.854961832061067,-5.026178010471205,-3.7154989384288766,30.748663101604283,0.8265248122044813,13.744946710768108,0.42691824753697355,3,4.226387357589125,0.8500000000000022,0
467,0,-2.9415209638033013,2.9415209638033013,5.883041927606603,3.931297709923673,-5.22102332057083,-2.9233511586452776,31.283422459893124,0.7931551907588563,13.734851266984949,0.42780347417857634,3,4.2967315460888855,0.20000000000002602,1
468,0,-4.095329587013925,4.095329587013925,8.19065917402785,6.095238095238095,-3.3321763276639964,-0.5712245626561926,47.86096256684498,0.8816850627769357,13.429084380610421,0.44330987140116884,4,6.427289048473979,0.9841269841269888,1
469,0,-3.8839971041216845,3.8839971041216845,7.767994208243369,5.640243902439029,-4.446742502585307,-0.9999999999999932,43.85026737967914,0.9237082954574254,13.501805054151633,0.5559141827597034,4,5.920577617328523,0.3333333333333333,0
470,0,-3.463732187615106,3.463732187615106,6.927464375230212,4.934965570007659,-5.8035714285714235,-1.649336679813539,36.89839572192514,0.9491549281398867,13.629737609329453,0.5588729344772182,4,5.029154518950441,0.8437499999999923,0
471,0,-3.7243891315851054,3.7243891315851054,7.448778263170211,5.591727307544996,-4.337265787647471,-1.2182013615191751,40.909090909090985,0.9516453838504122,13.55563610003625,0.6543975531677781,4,5.545487495469385,0.448275862068966,1
472,0,-3.5683820164761606,3.5683820164761606,7.136764032952321,5.279265493496561,-4.011161492849672,-1.2203876525484474,38.77005347593585,0.9329767093151259,13.595056343147954,0.6226764995950241,5,5.2708106143220705,0.38888888888888756,0
473,0,-3.599077862206578,3.599077862206578,7.198155724413156,5.034324942791751,-5.034482758620686,-0.828231904933382,39.572192513369,0.9120771359901657,13.580246913580254,0.6265351416142324,5,5.37400145243283,0.16666666666666666,1
474,0,-3.131135290111009,3.131135290111009,6.262270580222018,4.1444866920152155,-5.714285714285712,-1.0476878612716745,33.795013850415536,0.9056701314098057,13.170375775264509,0.616437308092114,5,4.450930317402413,0.7142857142857143,0
475,0,-3.0254550712857533,3.0254550712857533,6.050910142571507,4.265041888804269,-5.095320623916811,-1.4398848092152665,32.777777777777786,0.8705975110227899,13.14828341855369,0.6390052479035866,5,4.309715120525933,0.2727272727272763,0
476,0,-2.880335539497131,2.880335539497131,5.760671078994262,3.2854984894259753,-5.916752665978667,-1.3347763347763397,31.179775280898873,0.8510850824587406,13.016453382084094,0.6467919709079918,6,4.058500914076782,0.1874999999999983,0
477,0,-2.6020681121431393,2.6020681121431393,5.2041362242862785,3.3648393194706867,-6.048109965635738,-1.4419610670511933,28.19767441860473,0.8274614527944315,12.586900841566049,0.6542910714235128,6,3.5492133186974124,0.07142857142858028,0
478,0,-2.6811528288516433,2.6811528288516433,5.362305657703287,3.206337231233497,-5.752669652084053,-1.5118790496760235,29.069767441860535,0.8536674487346834,12.573099415204684,0.6900384192909029,6,3.654970760233928,0.09090909090909091,1
479,0,-2.6194807141967607,2.6194807141967607,5.238961428393521,3.053147380324158,-5.496024887659878,-0.7262164124909243,28.488372093023244,0.8272349204879095,12.582297000731534,0.5875672207288168,6,3.584491587417703,0.15384615384617437,0
480,0,-2.626398902046301,2.626398902046301,5.252797804092602,2.895825498307644,-5.164644714038123,-0.6175081729022759,29.069767441860535,0.7989135219293364,12.573099415204684,0.5020439411776767,7,3.654970760233928,0.16666666666668473,1
481,0,-2.7157907997076842,2.7157907997076842,5.4315815994153684,2.6601723491944504,-4.695652173913048,-0.3636363636363646,30.523255813953494,0.8004314418091064,12.550164173659253,0.39295939202492514,7,3.8307187157971567,0.17391304347824613,1
482,0,-2.820798855426904,2.820798855426904,5.641597710853808,3.7358490566037785,-4.082344731332865,0.21873860736419717,32.55813953488374,0.782953149458928,12.518195050946145,0.40396765106994775,7,4.075691411935957,0.5000000000000135,1
483,0,-3.1316552605947408,3.1316552605947408,6.2633105211894815,3.9458850056369643,-4.488950276243106,1.1334552102376518,37.79069767441857,0.7816914138846904,12.43673174258858,0.4090836780789745,7,4.699927693420098,0.7826086956521641,1
484,0,-3.1027656900146217,3.1027656900146217,6.205531380029243,4.337985665786482,-4.024982650936857,0.9857612267250704,37.50000000000005,0.7700351294359521,12.441229656419534,0.39987374883782567,8,4.665461121157331,0.0,0
485,0,-3.0813462342437465,3.0813462342437465,6.162692468487493,4.259329061439873,-4.29065743944638,1.6538037486218267,37.50000000000005,0.7486156736650812,12.441229656419534,0.4010840039498997,8,4.665461121157331,0.07692307692305382,1
486,0,-3.065148604245696,3.065148604245696,6.130297208491392,3.8302666165978256,-3.7591367908109996,1.5424164524421569,37.209302325581405,0.749663799614723,12.445730824891466,0.38348269793156586,8,4.630969609261943,0.0,0
487,0,-3.1597967933923763,3.1597967933923763,6.319593586784753,3.8634658664666253,-3.1818181818181794,-0.5745062836624759,38.95348837209301,0.741024230215477,12.4187725631769,0.36764755124576326,8,4.837545126353791,0.27777777777779383,1
488,0,-3.1403889254785837,3.1403889254785837,6.2807778509571675,4.288939051918734,-3.983373744371308,0.0,38.95348837209301,0.7216163623016846,12.4187725631769,0.3485602780065193,9,4.837545126353791,0.15384615384617437,1
489,0,-2.9065082441184464,2.9065082441184464,5.813016488236893,4.31164901664145,-3.835425383542533,0.5468465184104929,35.17441860465115,0.7120940257651599,12.477330431628586,0.3329422999690019,9,4.388828436706565,0.8,0
490,0,-2.961677924315954,2.961677924315954,5.923355848631908,4.425113464447803,-3.5626964722319276,0.14508523757708006,36.62790697674424,0.6807220952066068,12.454742939898628,0.3282053425028257,9,4.5619116582186905,0.5000000000000271,1
491,0,-2.763722478851545,2.763722478851545,5.52744495770309,3.8127595318988288,-3.846153846153856,-0.07267441860466081,33.43023255813955,0.6735734421376229,12.504543802253732,0.30863313692470906,9,4.180298073427847,0.8000000000000289,0
492,0,-2.7635210529211274,2.7635210529211274,5.527042105842255,3.766478342749539,-3.4011220196353387,0.03631082062455093,34.01759530791794,0.6582578950263887,12.377495462794924,0.31776895553396584,10,4.210526315789481,0.30769230769231537,1
493,0,-2.4392118305453954,2.4392118305453954,4.878423661090791,3.1894934333958727,-3.237156931738215,0.40160642570280125,30.00000000000004,0.6385570469877387,12.004365223717715,0.29597587388173996,10,3.6013095671153192,0.5000000000000216,0
494,1,4.556888996789651,2.2784444983948253,4.556888996789651,3.1109445277361387,-2.6883622214361553,0.47479912344777175,28.348909657320842,0.6238990438493716,11.672727272727277,0.31839995483573474,10,3.309090909090907,0.1666666666666546,1
495,0,-2.3456840164038475,2.3456840164038475,4.691368032807695,2.9861888764464433,-2.4398868458274268,0.8775137111517423,30.063291139240526,0.6240457416666237,11.453425154041314,0.32608700288869924,10,3.4432765494744486,0.5000000000000241,1
496,1,3.9673539068553234,1.9836769534276617,3.9673539068553234,1.8477457501847796,-2.4769992922859077,0.8046817849305163,25.16556291390731,0.6038657696949069,10.965867828612934,0.31961206587868696,11,2.759622367465509,0.33333333333331727,0
497,1,3.0863159080434035,1.5431579540217017,3.0863159080434035,0.8046817849305163,-1.7468805704099821,0.7309941520467855,18.7725631768953,0.599419297034406,10.054446460980031,0.3197065459193292,11,1.8874773139745904,0.13333333333335262,1
498,1,2.7932694904478748,1.3966347452239374,2.7932694904478748,1.5475313190862334,-1.6065690824705425,0.8046817849305163,16.04477611940301,0.6162354711767489,9.72776769509982,0.30039514196549477,11,1.5607985480943765,0.04347826086957177,1
499,1,2.852505614844884,1.426252807422442,2.852505614844884,1.1751744399559276,-1.6071428571428534,0.6944444444444414,17.164179104477626,0.592315171454348,9.71718636693256,0.30283609059845035,11,1.6678752719361871,0.0,0
500,1,2.3923955805916104,1.1961977902958052,2.3923955805916104,0.7697947214076314,-1.434205808533513,0.3284671532846835,12.830188679245346,0.5777910969527671,9.639869043288469,0.2985969429002005,12,1.236813386686074,0.899999999999987,0
501,1,2.324598463989663,1.1622992319948315,2.324598463989663,-0.9722722362261473,-1.4690075241848886,0.036376864314285155,12.213740458015229,0.5804810501766494,9.527272727272731,0.303871802311524,12,1.1636363636363605,0.0588235294117482,1
502,1,2.2372913549766356,1.1186456774883178,2.2372913549766356,-0.07272727272726662,-1.3639626704953283,-0.6507592190889294,11.832061068702366,0.5548042806167232,9.530738450345583,0.29631948473651465,12,1.127682793743187,0.3333333333333092,0
503,1,2.301029930253322,1.150514965126661,2.301029930253322,0.2915451895043803,-0.900252070579757,-0.5061460592913843,12.977099236641285,0.5327824069871222,9.520348837209305,0.30370847617613034,12,1.2354651162790762,0.4285714285714197,1
504,1,2.002333579361263,1.0011667896806316,2.002333579361263,-0.6159420289854948,-0.9031791907514396,-0.831525668835849,9.923664122137394,0.5274058567360285,9.548104956268224,0.30248014487319813,13,0.9475218658892122,0.75,0
505,1,2.106135460672049,1.0530677303360245,2.106135460672049,-2.346249555634557,-1.115910727141836,-0.650994575045216,11.45038167938934,0.507216201951746,9.534206695778751,0.2620322379825577,13,1.091703056768562,0.42857142857144626,1
506,1,2.4967530470938955,1.2483765235469477,2.4967530470938955,-2.19702338766832,-0.4329004329004434,-0.32502708559047766,15.648854961832148,0.5053536891866666,9.496194273287426,0.2709906291217368,13,1.4860456687205594,0.8571428571428394,1
507,1,3.0183352640566343,1.5091676320283172,3.0183352640566343,-5.201916495551,-0.14419610670512248,-0.07215007215008172,19.847328244274788,0.5705394731835529,9.458483754512638,0.342016883975975,13,1.8772563176895292,0.2749999999999924,1
508,1,2.527618689620942,1.263809344810471,2.527618689620942,-3.7049982523593066,-0.8279337652987767,-0.10877447425670647,17.050691244239683,0.5923029927233534,7.876588021778591,0.34482891763062923,14,1.3430127041742337,0.65217391304347,0
509,1,3.4049846592814403,1.7024923296407202,3.4049846592814403,-1.8694885361551912,1.0167029774873002,0.7605939876856278,27.64976958525351,0.6225787227292735,7.811375089992807,0.42043544007375333,14,2.1598272138228998,0.9000000000000015,1
510,1,3.350517785979164,1.675258892989582,3.350517785979164,-2.047299682315563,0.7991282237559143,0.9090909090909195,26.267281105990854,0.6482318659625482,7.819819819819826,0.4914318983271543,14,2.0540540540540606,0.11111111111110933,0
511,1,3.784814801979945,1.8924074009899725,3.784814801979945,0.07183908045976407,1.3090909090909093,1.1252268602540754,30.875576036866438,0.6895348695716582,7.791741472172357,0.546796445485463,14,2.4057450628366324,0.3142857142857037,1
512,1,3.8015587653309715,1.9007793826654857,3.8015587653309715,-0.07171029042667021,1.60408312067079,1.3454545454545508,31.79723502304147,0.6628891781444954,7.786149982059569,0.5462953179198629,15,2.4757804090419824,0.22222222222219545,1
513,1,3.7991254197218374,1.8995627098609187,3.7991254197218374,-1.8675123326286,1.8281535648994565,1.2359142130134562,31.79723502304147,0.6616725053399262,7.786149982059569,0.5818028242913532,15,2.4757804090419824,0.1111111111111004,0
514,1,2.86507653643848,1.43253826821924,2.86507653643848,-2.7875793930839827,0.5841548010222692,-0.14498006524103288,17.5115207373273,0.7431333335312793,7.87373004354137,0.7961606853150835,15,1.3788098693759168,0.6808510638297829,0
515,1,2.7119998480427294,1.3559999240213647,2.7119998480427294,-2.997179125528914,1.1025358324145564,-0.1814223512336803,15.207373271889407,0.7562180265295401,7.8880407124682,0.9276219515864886,15,1.199563794983644,0.20000000000000695,0
516,1,2.6256948198844636,1.3128474099422318,2.6256948198844636,-3.979057591623035,1.0282776349614327,-0.1814223512336803,14.74654377880179,0.7310292281240509,7.890909090909099,0.9649347388778795,16,1.1636363636363605,0.0,0
517,0,-2.488547413361665,2.488547413361665,4.97709482672333,-2.1928297946397537,0.8976660682226156,1.9593613933236498,42.85714285714292,0.8343318317181174,7.719672714336541,1.1341014287148592,16,3.3084311632870933,0.8955223880597067,1
518,0,-5.074410535507592,5.074410535507592,10.148821071015185,2.325581395348845,6.349206349206346,7.005444646098004,80.28169014084506,1.2047567676868187,9.640190088255261,3.3258691465644286,16,7.739307535641545,0.7135416666666669,1
519,0,-5.508616094038864,5.508616094038864,11.017232188077728,2.2406066873491883,8.129784907036079,7.893779556202246,87.32394366197182,1.327901326675411,9.575185434929196,3.8203506466338935,16,8.361429534726904,0.2222222222222233,1
520,0,-5.130540498564881,5.130540498564881,10.261080997129762,0.8585164835164782,6.528835690968446,6.800000000000004,77.81690140845082,1.3707582597081247,9.663150731541338,4.285094074391233,17,7.519564477713517,0.557692307692307,0
521,0,-4.610161596765225,4.610161596765225,9.22032319353045,0.5204718945176899,5.2688953488372,5.422125181950503,64.08450704225348,1.4722305622824718,9.793103448275861,4.539196497916869,17,6.2758620689655125,0.5675675675675704,0
522,0,-5.055433160953257,5.055433160953257,10.110866321906514,2.1276595744680797,6.3180827886710285,6.3953488372092995,74.29577464788743,1.4535212456237905,9.6961420279959,4.721018605525576,17,7.203823830658935,0.682926829268302,1
523,0,-4.944668600498922,4.944668600498922,9.889337200997844,0.7931034482758627,6.717780211756104,6.562158220925979,72.18309859154927,1.4379973723087107,9.716045159083134,4.817267409619675,17,7.013342456380428,0.1714285714285824,0
524,0,-5.200914707105426,5.200914707105426,10.401829414210852,1.2048192771084294,7.3776479181884556,7.025846377866765,78.52112676056343,1.4096872334570036,9.656579394763684,4.729614652082038,18,7.582454947296842,0.5000000000000063,1
525,0,-4.918869543910791,4.918869543910791,9.837739087821582,1.3518197573656836,6.910420475319924,5.94202898550725,73.23943661971842,1.364529147465131,9.706083390293916,4.693071665411786,18,7.108680792891328,0.8500000000000022,0
526,0,-4.933520941112982,4.933520941112982,9.867041882225964,0.7567939456484458,7.132406730065849,5.7400722021660755,74.29577464788743,1.3316090257835111,9.6961420279959,4.756226320461116,18,7.203823830658935,0.11111111111110933,1
527,0,-5.17593201248506,5.17593201248506,10.35186402497012,1.099656357388328,7.529239766081871,6.787658802177862,79.92957746478882,1.3219421992422686,9.643463497453308,4.638548267625997,18,7.707979626485575,0.3421052631578959,1
528,0,-4.923004267144084,4.923004267144084,9.846008534288169,0.9300723389596859,7.168983174835406,5.319913731128674,75.00000000000003,1.2894321074716153,9.689525759126576,2.5462941081783934,19,7.267144319344935,0.6521739130434889,0
529,0,-4.791197525089032,4.791197525089032,9.582395050178064,1.0024196335983389,6.798245614035086,5.2972972972972965,71.47887323943665,1.316360140631657,9.722697706264977,1.9639359095670372,19,6.949674768914757,0.19148936170212472,0
530,0,-4.7101782317869665,4.7101782317869665,9.420356463573933,1.1785095320623977,6.53284671532848,4.7738693467336795,70.77464788732402,1.2672183140068989,9.729359369647138,1.3896757921027099,19,6.885919835560131,0.1111111111111004,0
531,0,-4.564539181750884,4.564539181750884,9.129078363501767,1.18260869565218,5.8202982902873766,4.377466810190174,68.30985915492964,1.2334952257069216,9.752747252747252,1.009048766436281,19,6.662087912087918,0.45454545454545814,0
532,0,-4.6123651593269015,4.6123651593269015,9.224730318653803,1.7445917655268712,5.422993492407824,4.703770197486536,69.71830985915503,1.2173034309318347,9.739368998628256,0.8504233509178931,20,6.790123456790131,0.13333333333333622,1
533,0,-4.557048169774994,4.557048169774994,9.114096339549988,0.5870165745856234,5.314533622559653,5.735027223230479,68.66197183098588,1.209983288209602,9.749399244764847,0.7955308713234888,20,6.694129763130789,0.09375000000001271,0
534,0,-4.5909479017541015,4.5909479017541015,9.181895803508203,1.2144344205412863,5.459146782357198,6.034169392948016,69.71830985915503,1.195886173359038,9.739368998628256,0.7454296783593396,20,6.790123456790131,0.13333333333333816,1
535,0,-4.276188496959771,4.276188496959771,8.552376993919543,0.2076124567474024,4.737793851717904,5.2708106143220705,63.028169014084476,1.1867856664454461,9.803244735933724,0.7186140565868226,20,6.1788056610286475,0.714285714285721,0
536,0,-4.650939868538219,4.650939868538219,9.301879737076439,1.6011138183083897,5.417118093174429,3.8790035587188667,71.47887323943665,1.1761024840808423,9.722697706264977,0.7359690645529715,21,6.949674768914757,0.6470588235294178,1
537,0,-4.533121194101561,4.533121194101561,9.066242388203122,1.9230769230769205,5.158730158730155,-1.1194029850746283,69.71830985915503,1.1380594657064922,9.739368998628256,0.66835067926407,21,6.790123456790131,0.3333333333333253,0
538,0,-4.840740265236678,4.840740265236678,9.681480530473356,1.6626255628680395,6.41769398114576,-1.0451786918408557,77.11267605633803,1.1124460875042976,9.669731018045624,0.6514916009038589,21,7.456588355464761,0.7307692307692282,1
539,0,-4.122336368891015,4.122336368891015,8.24467273778203,0.7322175732217638,4.636001448750456,-1.6343207354443265,59.85915492957747,1.1791230724921244,9.833795013850414,0.6282791348808221,21,5.886426592797784,0.9230769230769211,0
540,0,-4.057167532400209,4.057167532400209,8.114335064800418,0.8382815228780899,4.981818181818181,-0.3451846738004842,58.80281690140847,1.162886769835215,9.844020797227035,0.6257923569190141,22,5.7885615251299845,0.037037037037041795,0
541,0,-3.907065078051607,3.907065078051607,7.814130156103214,0.4895104895104786,4.319419237749536,-1.844262295081975,55.633802816901465,1.1601944243659277,9.874826147426981,0.7482827073616672,22,5.493741307371354,0.35483870967742703,0
542,0,-3.8207286842572046,3.8207286842572046,7.641457368514409,0.7012622720897634,4.436363636363642,-1.7447827574409795,54.57746478873246,1.1231999686289413,9.88513748694744,0.7260833671439956,22,5.395057431256533,0.22222222222223026,0
543,0,-3.621336151597284,3.621336151597284,7.242672303194568,0.738916256157642,4.071246819338427,-2.619047619047613,51.05633802816908,1.0890273845696907,9.919664687390847,0.6927021954554335,22,5.064617534055192,0.5882352941176455,0
544,0,-3.5921914960669237,3.5921914960669237,7.184382992133847,1.3088079235939054,3.8057267125770067,-2.0519835841313325,51.4084507042253,1.0433088145026768,9.916201117318435,0.6494552431954427,23,5.097765363128487,0.07692307692305382,1
545,0,-3.8489729206516485,3.8489729206516485,7.697945841303297,1.838755304101853,4.499274310595064,-1.6729259132809833,57.39436619718309,1.0200940591452288,9.857688302672681,0.6400112629832284,23,5.657757723012842,0.6956521739130599,1
546,0,-3.87867997813469,3.87867997813469,7.75735995626938,2.0877565463552736,4.680696661828729,-1.9374575118966755,58.45070422535209,1.0007326827116665,9.847434119278779,0.6619933517280255,23,5.755894590846045,0.1818181818181872,1
547,0,-4.479439083665015,4.479439083665015,8.95887816733003,4.278074866310156,6.1320754716981085,-0.1706484641638156,71.12676056338026,1.0205349740759735,9.726027397260273,0.6763403330365794,23,6.91780821917808,0.9761904761904833,1
548,0,-4.759624449908232,4.759624449908232,9.519248899816464,4.926811852909679,6.6787658802177905,0.5817932922655745,77.81690140845082,0.9998422110514733,9.663150731541338,0.7041896899638638,0,7.519564477713517,0.7916666666666907,1
549,0,-4.866958440972507,4.866958440972507,9.733916881945014,5.214285714285709,7.166242269916322,0.9249743062692594,80.63380281690144,0.9816513490145824,9.636918900576857,0.6862055633635078,0,7.770614183915849,0.3043478260869401,1
550,0,-4.998260103300556,4.998260103300556,9.996520206601112,6.02366439584081,7.5272727272727336,1.650051564111374,83.09859154929582,1.0036764878638569,9.614082599864588,0.7434374429358295,0,7.989167230873395,0.2564102564102573,1
551,0,-4.642690991880739,4.642690991880739,9.285381983761479,4.980293801504829,6.622998544395919,0.480109739368988,74.64788732394365,1.0249435516076992,9.692832764505118,0.6239995005732749,0,7.235494880546074,0.6857142857142925,0
552,0,-4.551315786562287,4.551315786562287,9.102631573124574,4.989231873653993,6.286337209302324,0.411946446961905,73.23943661971842,0.9969753901166216,9.706083390293916,0.6602294649704791,1,7.108680792891328,0.2777777777777631,0
553,0,-4.4385329944496235,4.4385329944496235,8.877065988899247,5.149441843716237,6.452788917243881,0.10284538909838753,70.42253521126764,1.0115281966429068,9.732693625771075,0.6603129537084671,1,6.854009595613437,0.17647058823530612,0
554,0,-4.148507135747604,4.148507135747604,8.297014271495208,4.732658959537574,5.533309064433936,0.10359116022099324,63.732394366197255,1.0267410094971672,9.796481545360468,0.7457900184829965,1,6.243532252500868,0.5757575757575726,0
555,0,-3.871190354538512,3.871190354538512,7.742380709077024,3.779697624190067,4.456521739130445,-1.2332990750256938,57.74647887323947,1.0259439978417706,9.854267869535043,0.7661992706632612,1,5.690492713393479,0.5925925925925885,0
556,0,-3.618466735341572,3.618466735341572,7.236933470683144,3.4992784992784944,3.5740072202166115,-1.5780445969125225,52.46478873239446,1.0199316812780854,9.90582490408092,0.7102719252862488,2,5.197070108126971,0.5199999999999938,0
557,0,-3.4228099167021098,3.4228099167021098,6.8456198334042195,2.847873107426102,3.5571687840290376,-2.7938671209540047,47.53521126760569,1.0568793173330209,9.954433929197334,0.9061268678280201,2,4.731861198738175,0.33333333333333676,0
558,0,-3.4614264970649873,3.4614264970649873,6.922852994129975,2.95176385889129,2.8037383177570074,-1.0038075458636186,49.295774647887306,1.012161276631121,9.937018894331699,0.8856083794368829,2,4.898530440867738,0.5384615384615435,1
559,0,-3.4892143374251923,3.4892143374251923,6.9784286748503845,3.812636165577344,3.0270270270270223,-0.9698649116730105,50.7042253521127,0.9734910669849427,9.923130677847658,0.8448666815562192,2,5.031446540880504,0.07142857142858028,1
560,0,-3.5731640850032838,3.5731640850032838,7.1463281700065675,4.249909189974586,3.0150753768844334,-0.13917884481557632,53.16901408450708,0.9415851376348597,9.898919484140814,0.7859802104778267,3,5.263157894736845,0.5000000000000135,1
561,0,-3.799739966276187,3.799739966276187,7.599479932552374,4.8363636363636475,3.4445640473627614,0.38300835654596654,58.45070422535209,0.9217926708531637,9.847434119278779,0.816710304131941,3,5.755894590846045,0.6666666666666804,1
562,0,-3.361517408447002,3.361517408447002,6.723034816894004,4.083120670798384,2.51346499102333,-0.27942717429270675,48.239436619718305,0.9622179338410511,9.947460595446584,0.8234895057231341,3,4.798598949211908,0.7435897435897427,0
563,0,-3.2395506848144873,3.2395506848144873,6.4791013696289745,4.168190127970748,3.411978221415604,-0.5237430167597703,46.1267605633803,0.9404983857621882,9.968409968409969,0.7766043538736496,3,4.598104598104599,0.3333333333333253,0
564,0,-3.0994275330350702,3.0994275330350702,6.1988550660701405,3.72398685651698,3.2715376226826693,-1.3541666666666656,42.9577464788733,0.9515402090914027,9.999999999999998,0.7513674665978403,4,4.295774647887329,0.266666666666658,0
565,0,-3.184576860847379,3.184576860847379,6.369153721694758,4.704152884968765,3.5623409669211195,-1.2478336221837092,45.422535211267686,0.9190341843457918,9.975412715138742,0.7520203877760909,4,4.531085353003168,0.6,1
566,0,-3.1032202953826977,3.1032202953826977,6.2064405907653954,4.443628351083364,1.209964412811394,-2.769230769230766,44.0140845070423,0.904838304527966,9.989447766443895,0.7348866958127858,4,4.396763981709466,0.14999999999999783,0
567,0,-3.049373247454691,3.049373247454691,6.098746494909382,2.1903052064631905,-3.4599728629579407,-3.164341612793474,44.44444444444448,0.871642302600459,9.799789251844036,0.494519900272533,4,4.355461889708464,0.2307692307692282,1
568,0,-2.917995506148381,2.917995506148381,5.835991012296762,2.45310245310245,-4.248145650708017,-3.598099117447378,42.2939068100359,0.8412619616218026,9.820485744456168,0.48880963137805217,5,4.1534670890531515,0.5833333333333454,0
569,0,-2.7443691786995563,2.7443691786995563,5.488738357399113,3.1352533722201854,-3.6772216547497454,-4.328711531958068,38.70967741935488,0.8369159819492874,9.85517484987636,0.5373159063051733,5,3.8149063935005305,0.5714285714285803,0
570,0,-2.5909877760153686,2.5909877760153686,5.181975552030737,2.393906420021766,-2.554366586123571,-3.6518771331057986,35.842293906810006,0.8198223491645065,9.883103081827834,0.5258345004914577,5,3.54233085370173,0.5000000000000135,0
571,0,-2.3695941715910123,2.3695941715910123,4.7391883431820245,2.034883720930235,-4.0983606557377,-3.9999999999999973,30.824372759856555,0.8388002947665212,9.932360270558908,0.5026895069034136,5,3.061587753648975,0.5172413793103396,0
572,0,-2.5648089086764405,2.5648089086764405,5.129617817352881,2.469135802469133,-3.4553540882654796,-3.356164383561644,35.48387096774186,0.8107337846509322,9.886605244507432,0.458511333571269,6,3.5081502480510176,1.0,1
573,0,-2.623745000346258,2.623745000346258,5.247490000692516,3.176341730558592,-3.877551020408162,-2.5181096929975904,37.275985663082444,0.7843392698899412,9.8691192076406,0.4284823545340635,6,3.6788114609126255,0.30769230769231537,1
574,0,-2.4635192952851814,2.4635192952851814,4.927038590570363,2.9948867786705637,-3.5567715458276314,-2.1852237252861646,34.40860215053757,0.7607878302266575,9.897126640652704,0.33236708320256586,6,3.4054629301170536,0.5833333333333243,0
575,0,-2.5573903451197086,2.5573903451197086,5.114780690239417,3.363802559414993,-3.482417207237968,-1.4639247124433579,36.917562724014296,0.7350265800807881,9.872611464968143,0.31845687604195005,6,3.6447275300778412,0.6666666666666907,1
576,0,-2.8758139064448445,2.8758139064448445,5.751627812889689,3.9502560351133877,-3.399048266485393,-0.38555906063793055,43.36917562724019,0.7485283930833839,9.810126582278471,0.45327808577509776,7,4.254571026722926,0.5714285714285647,1
577,0,-2.679506624705736,2.679506624705736,5.359013249411472,3.5818713450292394,-3.2764505119453835,-0.9090909090909084,39.42652329749102,0.738101753544422,9.84821743734556,0.46344312757454975,7,3.882809742322621,0.6250000000000034,0
578,0,-2.2932296567483923,2.2932296567483923,4.586459313496785,2.7432333577176293,-3.8672142368241014,-1.748863238894723,30.824372759856555,0.7624357799239064,9.932360270558908,0.4986268132358085,7,3.061587753648975,0.8571428571428549,0
579,0,-2.3523911273038705,2.3523911273038705,4.704782254607741,2.81432748538011,-3.6313806097978825,-1.9860627177700416,32.25806451612899,0.752675521189408,9.918236757909696,0.46577390165806337,7,3.19943121222893,0.22222222222223026,1
580,0,-2.2023492975479178,2.2023492975479178,4.4046985950958355,2.2992700729927056,-3.643863870745967,-2.774887270204655,28.673835125447976,0.7753068430348977,9.953621120228318,0.5584444210044719,8,2.8540849090260356,0.3448275862068981,0
581,0,-2.219804194673284,2.219804194673284,4.439608389346568,2.3644961804292453,-3.4979423868312787,-1.4360770577933382,30.11152416356877,0.780571785291619,9.559346126510295,0.5773237246737056,8,2.8784648187633226,0.440000000000009,1
582,0,-2.0967013438828737,2.0967013438828737,4.193402687765747,1.5545914678235746,-3.570202540336421,-1.4040014040014077,27.985074626865664,0.7617066838615159,9.540761836952653,0.5601159003879126,8,2.669989320042719,0.35714285714288146,0
583,0,-2.3408542830466854,2.3408542830466854,4.681708566093371,2.0607375271149744,-3.2224888584161775,-0.6335797254487934,33.20895522388063,0.7645170531494101,9.493446687920652,0.6035039483746855,8,3.152674459794549,0.5833333333333348,1
584,0,-2.2320037345009225,2.2320037345009225,4.464007469001845,1.8799710773680551,-2.693370165745854,-1.0881010881010802,31.343283582089665,0.7415849978082274,9.510290986515258,0.618312174121248,9,2.98083747338539,0.41666666666665464,0
585,0,-2.0879002086117495,2.0879002086117495,4.175800417223499,1.6636528028933104,-3.699897225077082,-1.1603375527426174,28.731343283582177,0.7182808560681663,9.53397367484881,0.618219328356506,9,2.7392387050871663,0.6363636363636328,0
586,0,-2.003157746319169,2.003157746319169,4.006315492638338,1.4806789454676708,-3.602058319039453,-1.2649332396345752,27.611940298507566,0.6854939286553473,9.544159544159545,0.45557141416676333,9,2.6353276353276454,0.14285714285716056,0
587,0,-1.930819209871018,1.930819209871018,3.861638419742036,1.190476190476192,-4.429301533219758,-1.2323943661971786,26.49253731343295,0.6652220619209261,9.554367201426023,0.4738700466792722,9,2.5311942959001894,0.2727272727272763,0
588,0,-1.8693573846375446,1.8693573846375446,3.7387147692750893,1.6316171138506128,-2.9768085842852248,-0.9190526687875569,25.74626865671644,0.6385332676200638,9.561184445237245,0.43265705156862133,10,2.461648234034964,0.25000000000004063,0
589,0,-2.240173860249079,2.240173860249079,4.480347720498158,2.2093444404201326,-2.251472116383788,-0.03542330853702206,33.58208955223889,0.6466894409856209,9.490084985835693,0.4507659811173907,10,3.1869688385269206,0.826086956521735,1
590,0,-2.499402776567806,2.499402776567806,4.998805553135612,3.1999999999999993,-1.2526096033402927,1.0683760683760557,39.17910447761196,0.6501600854793975,9.43994364212751,0.3614284690725202,10,3.698485382176825,0.666666666666646,1
591,0,-2.4438261092161286,2.4438261092161286,4.887652218432257,2.8312159709618854,-1.3579387186629517,0.38979447200567535,37.68656716417909,0.6625209945776801,9.453262786596122,0.3348513300461395,10,3.5626102292768946,0.260869565217388,0
592,0,-2.567436296453977,2.567436296453977,5.134872592907954,3.309090909090923,-0.7684247293049208,0.5307855626327055,39.92537313432848,0.6842965569256394,9.433298134459697,0.403962887258152,11,3.7662794790566814,0.21428571428572868,1
593,0,-2.603805624295131,2.603805624295131,5.207611248590262,3.344238458742278,-0.7332402234636785,0.8156028368794332,41.044776119403096,0.6699097030574295,9.423347398030941,0.39989392853034483,11,3.8677918424753965,0.142857142857134,1
594,0,-2.6162322066867483,2.6162322066867483,5.2324644133734965,3.0808263863718737,-1.2500000000000002,0.6013441811107212,41.044776119403096,0.682336285449047,9.423347398030941,0.45684254530421275,11,3.8677918424753965,0.0,0
595,0,-2.4379306670436134,2.4379306670436134,4.875861334087227,2.7939042089985415,-1.8024263431542449,-0.31667839549612575,37.31343283582099,0.6736399119271648,9.456598447424135,0.4635179729118115,11,3.5285815102328955,0.7333333333333314,0
596,0,-2.400742313428992,2.400742313428992,4.801484626857984,2.7939042089985415,-3.145299145299148,-0.03528581510233354,36.940298507462735,0.6534779293838088,9.459936463113308,0.4862021660131182,12,3.494528768090368,0.09090909090910167,0
597,0,-2.1085119976971343,2.1085119976971343,4.2170239953942685,2.104499274310591,-4.253147329023481,0.17799928800285617,29.850746268656792,0.6870478896658611,9.523809523809524,0.5292297050791404,12,2.8429282160625515,0.6333333333333382,0
598,0,-2.043847789290967,2.043847789290967,4.087695578581934,2.0689655172413706,-4.5485403937542435,-0.03554923569143736,28.731343283582177,0.6742284367473839,9.53397367484881,0.5532031225689036,12,2.7392387050871663,0.14285714285716056,0
599,0,-1.9140597555548131,1.9140597555548131,3.8281195111096262,2.037104401600584,-5.140344944200196,0.07135212272566056,26.119402985074696,0.6658429224592324,9.557774607703282,0.5325992395784351,12,2.496433666191162,0.4,0
600,0,-1.7817893204322002,1.7817893204322002,3.5635786408644003,1.6000000000000074,-4.641638225255967,-0.7107320540156379,23.50746268656721,0.655582670450073,9.581694672863783,0.5292758103297628,13,2.252413299964252,0.7142857142857099,0
601,0,-1.773268335467473,1.773268335467473,3.546536670934946,1.7831149927219796,-4.376068376068379,-0.42719829120683017,23.50746268656721,0.6470616854853436,9.581694672863783,0.5196592362013338,13,2.252413299964252,0.0,0
602,0,-1.7410633771002504,1.7410633771002504,3.4821267542005008,1.5988372093023169,-4.246575342465753,-0.9564293304994728,22.761194029850852,0.6498290300519438,9.588550983899822,0.49119462698309047,13,2.1824686940966114,0.05263157894737563,0
603,0,-1.7112049973642618,1.7112049973642618,3.4224099947285236,1.8592781625956918,-3.6219385995170765,-0.8516678495386851,22.014925373134336,0.6549930388966648,9.595417114214106,0.5006026865203342,13,2.1124239169351964,0.050000000000006505,0
604,0,-1.6283906738026648,1.6283906738026648,3.2567813476053296,1.5289406625409516,-3.260492542490473,-0.7826396300249134,20.522388059701466,0.6423741804358707,9.609178917174615,0.4514460573868282,14,1.9720329867335937,0.30769230769231537,0
605,0,-1.8230876896022727,1.8230876896022727,3.6461753792045455,1.4855072463768204,-2.3701638201463893,-0.32028469750889305,25.00000000000008,0.6270862615408619,9.568011424491253,0.45373275319790746,14,2.392002856122821,0.9230769230769462,1
606,0,-1.549989536842464,1.549989536842464,3.099979073684928,0.5415162454873739,-2.3834560112162606,-0.7130124777183618,19.029850746268753,0.6343701472553832,9.6229802513465,0.44147834334895397,14,1.8312387791741567,0.8421052631578959,0
607,0,-1.5907368696853084,1.5907368696853084,3.1814737393706167,1.1252268602540754,-2.5874125874125973,-0.6064930431680374,19.77611940298511,0.639893669111209,9.616074632221027,0.41045325147378464,14,1.9016864011481913,0.04999999999998482,1
608,0,-1.7565756046163856,1.7565756046163856,3.5131512092327712,0.575125808770667,-2.1336131514515513,-0.8504606661941786,23.50746268656721,0.630368954634257,9.581694672863783,0.4111133833095059,15,2.252413299964252,0.7333333333333314,1
609,0,-1.5752973982933163,1.5752973982933163,3.1505947965866326,0.3603603603603613,-2.961672473867596,-1.8675123326286,19.029850746268753,0.6596780087062387,9.6229802513465,0.532325909568377,15,1.8312387791741567,0.4444444444444373,0
610,0,-1.6758878616269,1.6758878616269,3.3517757232538,0.17946877243360482,-3.191120360735347,-1.482527356159546,21.268656716417983,0.6547484850593588,9.602293084915802,0.5420793186340828,15,2.042278753135084,0.3529411764705822,1
611,0,-1.5722046938917082,1.5722046938917082,3.1444093877834165,-0.10764262648008485,-2.4868651488616424,-2.0063357972544944,18.28358208955224,0.6918597424005121,9.629895795903701,0.6547276975812374,15,1.760689902982393,0.21874999999999958,0
612,0,-1.7199855101388768,1.7199855101388768,3.4399710202777536,0.2872531418312302,-1.9656019656019676,-1.7587055926837891,21.64179104477624,0.6813035617148016,9.598853868194842,0.6796788628013782,16,2.077363896848149,0.6249999999999865,1
613,0,-1.62107973736028,1.62107973736028,3.24215947472056,1.1252268602540754,-1.9359380499824133,-2.0393811533052153,19.40298507462685,0.6878421207055804,9.619526202440776,0.6582754876675555,16,1.8664752333094028,0.28571428571430046,0
614,0,-1.205884667245689,1.205884667245689,2.411769334491378,0.3635041802980744,-3.088803088803088,-2.5414754677020834,10.074626865671684,0.7169313894477852,9.70662803332126,0.6946182859615524,16,0.9779065555958028,0.8928571428571435,0
615,0,-1.250073044822969,1.250073044822969,2.500146089645938,0.21810250817884147,-3.0590717299578154,-2.682668549241091,9.89010989010994,0.7602326964920525,9.905660377358483,0.8386298752740303,16,0.9796806966618329,0.11111111111111378,0
616,0,-0.9531883817676368,0.9531883817676368,1.9063767635352735,-2.6334519572953683,-3.865073787772307,-2.7718550106609787,3.29670329670326,0.7888348390357212,9.970781592403206,0.8797815683891811,17,0.32870708546383837,0.6666666666666666,0
617,0,-1.3378935279578574,1.3378935279578574,2.675787055915715,-6.919945725915881,-3.380281690140851,-2.4182076813655735,10.069444444444574,0.8092752268277035,10.499453153481591,0.9505141063756034,17,1.0572366022603128,0.1999999999999971,1
618,0,-1.5011661385877486,1.5011661385877486,3.002332277175497,-7.147673634524611,-2.651113467656415,-1.8181818181818274,14.552238805970138,0.7928479402586553,9.734834725753725,1.2092375732713392,17,1.41663639665819,0.6470588235293923,1
619,0,-1.3909903999042068,1.3909903999042068,2.7819807998084136,-6.435137895812051,-2.656748140276301,-1.646385110952041,11.940298507462813,0.8083247043470249,9.759650400582666,1.3029639075369686,17,1.1653313911143606,0.18518518518517685,0
620,0,-1.4855372138389291,1.4855372138389291,2.9710744276778582,-4.97065930272696,-1.9586894586894714,-1.573114050768688,14.552238805970138,0.7772190155098363,9.734834725753725,1.390979908646061,18,1.41663639665819,0.6363636363635934,1
621,0,-1.3222974589144303,1.3222974589144303,2.6445949178288606,-6.215846994535515,-2.6931254429482525,-1.7882689556509193,11.567164179104557,0.7576344352350124,9.763205828779599,1.277280954328566,18,1.129326047358842,0.5384615384615102,0
622,0,-1.1064812299765192,1.1064812299765192,2.2129624599530384,-6.500171057133071,-3.2908704883227093,-2.1832498210450915,7.089552238806101,0.7588778637123366,9.806073911452616,1.3374703456119066,18,0.6952067325283701,0.5999999999999913,0
623,0,-1.0429662904195625,1.0429662904195625,2.085932580839125,-7.210884353741495,-3.262411347517733,-2.1871638580136197,5.970149253731327,0.7499259973792679,9.816849816849818,1.4047244325583492,18,0.5860805860805846,0.29411764705883553,0
624,0,-0.9050470329082797,0.9050470329082797,1.8100940658165594,-6.839945280437759,-3.643438273788476,-2.7490182077829433,3.731343283582099,0.7214934352577671,9.838472834067549,1.397877673223593,19,0.36710719530102887,0.6666666666666666,0
625,0,-0.8383941830940527,0.8383941830940527,1.6767883661881053,-7.03311710481393,-4.1871921182265925,-2.2262118491921,2.985074626865744,0.6914434116024988,9.845701689933872,1.1447360687432453,19,0.2939015429831078,0.12499999999996612,0
626,0,-0.9440249322872397,0.9440249322872397,1.8880498645744794,-7.239972807613871,-3.705010585744532,-2.0459440057429923,5.597014925373229,0.6691989887181604,9.820447050201539,1.0681030204905588,19,0.5496518871381552,0.6363636363636328,1
627,0,-1.2089018253528263,1.2089018253528263,2.4178036507056526,-6.3139931740614275,-2.278390886436448,-1.8942101501072228,11.194029850746299,0.6622545950321268,9.766763848396502,0.9353465852450144,19,1.0932944606414023,0.9411764705882278,1
628,0,-1.3601771032636085,1.3601771032636085,2.720354206527217,-5.6810403832991065,-2.026306434411652,-1.0412926391382387,14.552238805970138,0.6518589049345145,9.734834725753725,0.9129305523650703,20,1.41663639665819,0.8000000000000058,1
629,0,-1.120754447282311,1.120754447282311,2.241508894564622,-6.269270298047276,-2.3902961113093038,-1.9706198495162999,8.208955223880714,0.7187076636565731,9.7953216374269,0.8379553352959737,20,0.8040935672514735,0.4249999999999902,0
630,0,-1.0698091977262243,1.0698091977262243,2.1396183954524486,-5.947060845651426,-2.7718550106609787,-1.7241379310344778,7.835820895522456,0.6858969490973362,9.798903107861062,0.8202207005736297,20,0.7678244972577764,0.0,0
631,0,-1.0875265059260109,1.0875265059260109,2.1750530118520217,-6.138545953360779,-2.5631897472410117,-2.005012531328323,8.95522388059707,0.6492503919742203,9.788166544923302,0.8036109021312926,20,0.8765522279035848,0.39999999999994795,1
632,0,-1.0977429210617955,1.0977429210617955,2.195485842123591,-5.870236869206994,-2.869287991498403,-1.5793251974156413,9.701492537313426,0.6232903663172684,9.78102189781022,0.6519104341918379,21,0.9489051094890505,0.5,1
633,0,-1.028279212073208,1.028279212073208,2.056558424146416,-6.170723345903327,-2.8743789921930567,-0.8692502716407153,8.582089552238813,0.6081111448463155,9.79174278407015,0.5421379136212003,21,0.8403361344537822,0.27272727272726555,0
634,0,-1.120702115639212,1.120702115639212,2.241404231278424,-5.283149171270715,-2.4190679473496948,-0.5077983315197566,10.8208955223882,0.5920838145090559,9.77032446226759,0.501999719099771,21,1.0572366022603128,0.5454545454545705,1
635,0,-1.1834499126730067,1.1834499126730067,2.3668998253460134,-5.892428914011657,-2.2419928825622817,0.4020467836257209,12.313432835820912,0.5827946523890589,9.75609756097561,0.48439174808504976,21,1.2013105205678938,0.307692307692282,1
636,0,-1.3962545279049488,1.3962545279049488,2.7925090558098975,-5.351629502572895,-1.6399286987522292,0.546647230320709,16.41791044776127,0.5985750500224202,9.71718636693256,0.5478033628563648,22,1.5953589557650545,0.5217391304347949,1
637,0,-1.3014713778087277,1.3014713778087277,2.6029427556174554,-6.166950596252136,-1.7481270067784518,0.0,14.552238805970138,0.593153179479629,9.734834725753725,0.5146493132393916,22,1.41663639665819,0.28571428571429014,0
638,0,-1.0013679365763517,1.0013679365763517,2.0027358731527034,-5.295950155763237,-3.0474840538624983,-0.43668122270741844,7.462686567164198,0.6356034888806672,9.802487198244332,0.5676536815981968,22,0.7315288953913699,0.5666666666666619,0
639,0,-0.8795197738216554,0.8795197738216554,1.7590395476433107,-5.5074471770003415,-3.875968992248057,-0.9081002542680657,5.223880597014971,0.622921533352447,9.824046920821115,0.3982563914851006,22,0.513196480938421,0.5,0
640,0,-0.7400453945191192,0.7400453945191192,1.4800907890382384,-5.42797494780793,-4.0593010942463845,-1.0196649672250635,2.6119402985074855,0.6114162140707504,9.849320102903345,0.4107433201576649,23,0.25725836089673143,0.8333333333333454,0
641,0,-0.7905853295981097,0.7905853295981097,1.5811706591962194,-5.222841225626739,-4.188665962689201,-0.40248810830589676,3.7037037037037153,0.6068968652336685,9.919177075679642,0.4696158748855723,23,0.3673769287288768,0.06666666666667631,1
642,0,-0.8352282903563206,0.8352282903563206,1.6704565807126412,-4.785190359762486,-4.115371086880053,-0.07331378299119617,5.185185185185234,0.5784417899894818,9.904622157006598,0.4542166345210613,23,0.5135730007336802,0.6666666666666907,1
643,0,-0.8767947483025493,0.8767947483025493,1.7535894966050987,-4.643854748603348,-3.973277074542906,0.2569750367107218,6.296296296296333,0.5653253455909341,9.89373396848662,0.4851453875495506,23,0.6229388054232352,0.45454545454544737,1
644,0,-0.7750169730839487,0.7750169730839487,1.5500339461678974,-5.416666666666678,-3.8475114719378802,0.03672420124861179,4.444444444444395,0.5547526559033351,9.911894273127748,0.5162527188459849,0,0.4405286343612283,0.4545454545454689,0
645,0,-0.9162544721514532,0.9162544721514532,1.8325089443029063,-5.3032928942807604,-3.5651253088598645,0.10993037742762786,7.4074074074074305,0.5502222613169021,9.882869692532935,0.6826897072325993,0,0.7320644216691088,0.5714285714285979,1
646,0,-1.103798066551904,1.103798066551904,2.207596133103808,-6.358974358974358,-2.6652452025586344,-0.218579234972675,10.370370370370308,0.5928491614424162,9.854014598540141,0.7872387572581152,0,1.0218978102189713,0.21875000000000255,1
647,0,-1.326756829593515,1.326756829593515,2.65351365918703,-6.362708404219125,-2.1337126600284395,-0.1451378809869411,14.814814814814861,0.6000126435470002,9.8110465116279,0.8178985660909226,0,1.453488372093027,0.6000000000000261,1
648,0,-1.6746417573732384,1.6746417573732384,3.349283514746477,-5.974202308214527,-1.247771836007141,1.2426900584795226,21.851851851851876,0.6100441391848602,9.743774810537706,0.944545976051856,1,2.12919523637676,0.8181818181818128,1
649,0,-1.2263108269734366,1.2263108269734366,2.4526216539468733,-7.304700710179238,-1.8969219756621365,0.18274853801168847,11.111111111111146,0.6792648751134793,9.846827133479206,1.1768061279721864,1,1.0940919037199155,0.7317073170731684,0
650,0,-1.2498197557865254,1.2498197557865254,2.4996395115730508,-6.2457337883959045,-1.7876296031462329,0.36536353671903643,12.749003984063714,0.6667293767777774,9.147230320699705,1.1980381968001492,1,1.1661807580174897,0.35714285714283944,1
651,0,-1.52963212158694,1.52963212158694,3.05926424317388,-5.675213675213672,-1.3233190271816777,0.6199854121079535,20.61403508771938,0.6778742382958861,8.26386371873867,1.2058778824178094,1,1.7035157665821008,0.6250000000000068,1
652,0,-1.3472701467824244,1.3472701467824244,2.694540293564849,-5.890410958904105,-1.646385110952041,0.4018998903909448,15.350877192982407,0.7102115373903612,8.299963596650889,1.2507097783499457,2,1.2741172187841237,0.3666666666666763,0
653,0,-1.1707908609986744,1.1707908609986744,2.3415817219973487,-5.588133839254924,-1.8644675510935806,-0.21873860736421297,11.961722488038207,0.7140864400998799,7.636097917427841,1.3227490016388737,2,0.9134088417975831,0.5,0
654,0,-1.1665501981252648,1.1665501981252648,2.3331003962505297,-5.966007630940003,-3.2131381649411006,-1.3105205678922465,9.615384615384649,0.7979545475539418,7.666789531883518,1.5200726699907823,2,0.7371913011426484,0.5306122448979588,0
655,0,-0.9023089727704807,0.9023089727704807,1.8046179455409614,-6.343673753921222,-3.5188509874326748,-2.609641174338529,1.941747572815581,0.8278765202211703,7.666542612579084,1.4563682115061662,2,0.1488649050986266,0.8666666666666638,0
656,0,-1.259900601095194,1.259900601095194,2.519801202190388,-6.203995793901159,-3.9483129935391195,-2.832244008714595,8.695652173913077,0.8863481169711751,8.591707134852436,1.5141944530304794,3,0.7471049682480407,0.2558139534883754,0
657,0,-1.2836826326111497,1.2836826326111497,2.5673652652222994,-6.293706293706294,-4.217298070050037,-2.046783625730996,9.565217391304309,0.873081662099767,8.58529301978349,1.6007888827211867,3,0.8212019410227653,0.15789473684210406,1
658,0,-1.258647017702459,1.258647017702459,2.517294035404918,-6.260930395243089,-3.770197486535011,-1.7595307917888512,9.565217391304309,0.8480460471910787,8.58529301978349,1.381834304442199,3,0.8212019410227653,0.07142857142858028,1
659,0,-1.7846561740863336,1.7846561740863336,3.569312348172667,-5.644599303135897,-2.9738445001791534,-0.36791758646063377,21.73913043478269,0.8611245893061299,8.496490579977825,1.1468627667076947,3,1.8470631695604038,0.9354838709677338,1
660,0,-1.6024110234194624,1.6024110234194624,3.204822046838925,-6.451612903225805,-3.1249999999999942,-0.918442321822184,17.391304347826154,0.8608463218992535,8.527994067482378,1.1780111700239604,4,1.4831294030404192,0.45454545454545814,0
661,0,-1.4519950316545345,1.4519950316545345,2.903990063309069,-5.779334500875649,-3.6877909058360117,-1.3206162876008807,14.473684210526342,0.8386121320262797,8.475836431226762,1.1450548913872627,4,1.226765799256507,0.5000000000000155,0
662,0,-1.5273327923922344,1.5273327923922344,3.054665584784469,-5.335205335205328,-3.1945441493180073,-1.2449652142072407,18.719211822660014,0.8223235159543856,7.532467532467535,1.1347799960460863,4,1.41001855287569,0.41176470588236497,1
663,0,-1.506260058899723,1.506260058899723,3.012520117799446,-5.139035550862382,-2.3904382470119554,-1.064610866372979,18.407960199005064,0.8195488488032113,7.461024498886405,1.0827961070860586,4,1.3734224201930265,0.0,0
664,0,-1.5208308547791956,1.5208308547791956,3.041661709558391,-5.300105300105304,-2.1400072542618798,-1.2445095168374882,19.402985074626873,0.7975370862332039,7.455489614243316,0.8778724727642208,5,1.4465875370919872,0.285714285714268,1
665,0,-1.3235456184703736,1.3235456184703736,2.647091236940747,-5.555555555555561,-1.827485380116964,-1.9350127783862758,13.93034825870639,0.802130348451752,7.4860335195530645,0.834132139350481,5,1.0428305400372369,0.45454545454544915,0
666,0,-1.4350132374657705,1.4350132374657705,2.870026474931541,-7.132817990161633,-3.68075801749271,-3.960755813953494,10.788381742738586,0.9431479328876388,9.118426031025347,1.0936463367528122,5,0.9837306091562612,0.6176470588235292,0
667,0,-1.487010087594758,1.487010087594758,2.974020175189516,-6.830985915492964,-3.921568627450981,-4.47653429602888,12.448132780083025,0.920330828055653,9.104646769928216,1.1650093832397708,5,1.1333585190782047,0.1764705882352911,1
668,0,-1.800984130314862,1.800984130314862,3.601968260629724,-5.797101449275365,-3.020378457059686,-2.772710689529373,19.502074688796757,0.9188519981827294,9.046546546546542,1.2720467507166375,6,1.7642642642642703,0.6923076923076846,1
669,0,-1.721202619881472,1.721202619881472,3.442405239762944,-5.738575982996806,-3.341808935706489,-3.130688023298133,18.257261410788473,0.8944457615575311,9.056745584366775,1.3263650433817862,6,1.6535137166478844,0.2,0
670,0,-1.7694127700557192,1.7694127700557192,3.5388255401114384,-5.056980056980064,-2.913328477785878,-3.3707865168539395,20.33195020746889,0.8504330251194847,9.039759939984993,1.2883602937643013,6,1.837959489872468,0.6249999999999932,1
671,0,-1.7173494447759567,1.7173494447759567,3.4346988895519135,-5.634301913536494,-2.5612879619465856,-3.0931586608442507,19.917012448132734,0.816786592993597,9.043151969981235,1.296170122708476,6,1.801125703564723,0.29999999999999566,0
672,0,-1.5812599912398675,1.5812599912398675,3.162519982479735,-5.980184005661709,-2.6026392961876788,-2.9229082937522755,16.18257261410788,0.8470732442519138,9.073795180722888,1.3907905881038625,7,1.4683734939759026,0.24999999999999323,0
673,0,-1.6937864110704908,1.6937864110704908,3.3875728221409815,-5.638297872340421,-2.3127753303964647,-1.8443378827000996,19.087136929460605,0.8300988406611793,9.049943672549752,1.4398499930673307,7,1.727375140818627,0.29411764705883553,1
674,0,-1.5027772571011233,1.5027772571011233,3.0055545142022466,-6.08418818535551,-2.4972456849063662,-1.1909192407889968,15.35269709543575,0.8057162171614101,9.080633006782211,1.4355239544435376,7,1.3941220798794325,0.6666666666666907,0
675,0,-1.3675771721111116,1.3675771721111116,2.7351543442222233,-6.826178747361005,-2.968120190545984,-1.0463378176382592,12.86307053941918,0.7822297400869377,9.101208459214497,1.3876660975647523,7,1.1706948640483463,0.5454545454545311,0
676,0,-1.4201539693156797,1.4201539693156797,2.8403079386313594,-6.38673253352153,-3.351548269581059,-1.0074626865671683,14.52282157676344,0.7602746329657603,9.087481146304672,0.9183713244808904,8,1.3197586726998445,0.3846153846153692,1
677,0,-1.2722448891743925,1.2722448891743925,2.544489778348785,-5.838376646493402,-4.027576197387518,-1.3059701492537266,11.618257261410896,0.7429443220666364,9.111531190926272,0.841782825168921,8,1.0586011342155102,0.5384615384615102,0
678,0,-1.1091104749515468,1.1091104749515468,2.2182209499030936,-6.221116246000704,-3.5818713450292394,-2.584933530280641,8.298755186722017,0.7298916656986095,9.139173302995825,0.749145194876462,8,0.7584376185058799,0.5000000000000155,0
679,1,1.8812919736898261,0.9406459868449131,1.8812919736898261,-6.207634677131649,-3.9108187134503045,-2.5213199851687187,4.979253112033138,0.7124223276589148,9.166983643971088,0.7251322547391007,8,0.4564473183719992,0.6666666666666907,0
680,1,1.8019383503152215,0.9009691751576108,1.8019383503152215,-6.645344705046201,-4.0189989039093845,-2.342007434944242,4.564315352697164,0.6916845480647625,9.170471841704714,0.7766966098804147,9,0.41856925418569857,0.1818181818181639,0
681,1,1.9548972329273804,0.9774486164636902,1.9548972329273804,-6.229975080099673,-3.938730853391686,-2.3359288097886584,6.639004149377578,0.6736126878651332,9.153057349031519,0.8011036576314354,9,0.6076718571971119,0.5,1
682,1,1.7426119098138622,0.8713059549069311,1.7426119098138622,-6.90754516471838,-3.9824625502374764,-2.4860853432281926,4.564315352697164,0.6620213278140802,9.170471841704714,0.7109753439059198,9,0.41856925418569857,0.3846153846153692,0
683,0,-1.0695960765289954,1.0695960765289954,2.1391921530579907,-6.3875088715401,-3.8279256288734977,-2.223869532987388,9.128630705394148,0.6527715217734049,9.132247063281543,0.6613404311534669,9,0.8336491095111741,0.6666666666666763,1
684,0,-1.0925145398788412,1.0925145398788412,2.1850290797576823,-6.047669868374244,-3.8587550054604938,-1.675353685778105,9.958506224066456,0.6381411964483201,9.125331313896247,0.7020103595471265,10,0.9087466868610431,0.16666666666669075,1
685,1,1.6005062148386622,0.8002531074193311,1.6005062148386622,-6.583629893238428,-4.856832185574484,-0.6810442678774039,3.3195020746888786,0.6478721550383717,9.180952380952375,0.7191360228002244,10,0.3047619047619121,0.8421052631578959,0
686,1,1.8472915421338725,0.9236457710669362,1.8472915421338725,-6.203208556149736,-4.466230936819167,-0.5668934240362745,5.394190871369293,0.6764974820935488,9.16349809885931,0.8605734088715153,10,0.49429657794676773,0.21428571428570986,1
687,1,1.9139941654559376,0.9569970827279688,1.9139941654559376,-6.4573671066714144,-4.166666666666664,-1.613508442776722,5.220883534136549,0.7090947181208027,9.49656750572081,1.108486709680881,10,0.4958047292143398,0.2758620689655095,0
688,0,-1.0828409169436564,1.0828409169436564,2.1656818338873127,-6.768249468462076,-3.5557184750733084,-1.1273957158962824,8.433734939758947,0.6836013732174276,9.467680608365006,1.1105813283952968,11,0.798479087452462,0.899999999999987,1
689,0,-1.186113455189235,1.186113455189235,2.37222691037847,-7.152924594785047,-3.053715967623243,-1.1627906976744102,10.84337349397579,0.6739738497264219,9.446130500758713,1.0978736331649546,11,1.024279210925633,0.333333333333343,1
690,0,-1.4661923418443352,1.4661923418443352,2.9323846836886704,-6.494881750794216,-2.681851579720799,-0.5257228689448037,16.465863453815206,0.6926074361839628,9.396226415094326,1.1556350289029584,11,1.5471698113207473,0.5,1
691,0,-1.8762455521350336,1.8762455521350336,3.7524911042700673,-5.98380851812742,-2.017608217168009,0.5269100489273663,24.899598393574326,0.7156315498886858,9.32235117933357,1.261104142530511,11,2.3212280044926987,0.7241379310344905,1
692,0,-1.9219167193820066,1.9219167193820066,3.843833438764013,-5.979599015124869,-2.1237641889417755,0.45095828635850643,26.10441767068275,0.706509090361813,9.311892296185476,1.3621868934671273,12,2.4308152580403872,0.12499999999998984,1
693,0,-2.0949096889090546,2.0949096889090546,4.189819377818109,-5.696202531645578,-1.541850220264315,1.0169491525423773,29.31726907630515,0.733985005836725,9.284116331096184,1.5183726629378986,12,2.7218493661446574,0.266666666666658,1
694,0,-1.9210924379643828,1.9210924379643828,3.8421848759287656,-5.6477232615601825,-2.159590043923866,0.9441087613292993,27.23404255319142,0.7239356852520783,8.791619902731012,1.503599273053346,12,2.3943135054246096,0.5999999999999827,0
695,0,-1.9607100450252077,1.9607100450252077,3.9214200900504155,-5.541828450405931,-2.300109529025196,0.866943083301923,29.004329004328927,0.7088415846365707,8.63228699551569,1.5277393579847462,12,2.5037369207772717,0.21428571428570986,1
696,0,-1.9367707945317356,1.9367707945317356,3.8735415890634712,-4.761904761904762,-2.6162790697674425,1.3232514177693713,29.257641921397337,0.6849023341430979,8.55754857997009,1.3408327249299337,13,2.5037369207772717,0.4000000000000087,1
697,0,-1.9244992368901765,1.9244992368901765,3.848998473780353,-4.765291607396871,-3.3212996389891725,1.5163002274450217,32.69230769230768,0.6544207908685121,7.769891669779598,1.0356981848847393,13,2.5401568920433286,0.3333333333333092,1
698,0,-1.8017462144465672,1.8017462144465672,3.6034924288931345,-4.8128342245989355,-2.590295512586643,1.5595283377710247,30.541871921182317,0.6411322122002213,7.600149756645437,1.006072975835871,13,2.3212280044926987,0.5833333333333454,0
699,0,-2.075897080210299,2.075897080210299,4.151794160420598,-3.8654259126700077,-2.2206042955951895,2.2459078797106975,38.49999999999997,0.6425389268223666,7.446016381236026,0.9873993760784204,13,2.866716306775868,0.7894736842105203,1
700,0,-2.1891723050974288,2.1891723050974288,4.3783446101948575,-3.754022166607081,-2.42841609278725,2.201974183750945,42.00000000000001,0.6295733448300725,7.4266617155588435,0.917938724344927,14,3.119197920534715,0.4615384615384564,1
701,0,-2.436559534253942,2.436559534253942,4.873119068507884,-3.1831187410586437,-1.49199417758369,3.0060882800608857,49.000000000000085,0.6264376280847542,7.388252678241583,0.8328663047194578,14,3.6202438123383813,0.8235294117647088,1
702,0,-2.5051388131241588,2.5051388131241588,5.0102776262483175,-3.006442376521112,-0.9864815491413841,2.729340409401062,51.530612244897945,0.641670178437812,7.232472324723246,0.7816119599021972,14,3.7269372693726917,0.130434782608694,1
703,0,-2.416320052452179,2.416320052452179,4.832640104904358,-2.9401219074937113,-0.14754703061599644,2.4990533888678566,49.23076923076913,0.6418283703819416,7.2088724584103465,0.6786491032297488,14,3.5489833641404704,0.1764705882352911,0
704,0,-2.6735116546125415,2.6735116546125415,5.347023309225083,-2.9275258836129967,1.1909192407889806,3.580952380952377,56.41025641025637,0.6507091536930859,7.171754321441701,0.7086061919753166,15,4.045605001838906,0.6363636363636328,1
705,0,-2.5005437976257987,2.5005437976257987,5.001087595251597,-2.764811490125682,1.1958146487294434,2.9266438616495556,50.769230769230646,0.6726265154987744,7.200886262924663,0.7563197675526421,15,3.6558345642540506,0.4400000000000014,0
706,0,-2.7620573490446088,2.7620573490446088,5.5241146980892175,-2.368987796123462,1.4925373134328397,3.7376048817696415,58.115183246073364,0.7216161725740241,7.022058823529402,0.9144164847163067,15,4.080882352941176,0.31578947368421956,1
707,0,-2.516005381222084,2.516005381222084,5.032010762444168,-3.2880629020729115,0.9701492537313425,2.8506271379703527,50.78534031413612,0.7236920035428542,7.058388765705829,0.9411593890564998,15,3.5846267553584577,0.7368421052631675,0
708,0,-2.8240395913286394,2.8240395913286394,5.648079182657279,-2.2262118491921,0.5539143279172917,3.339658444022769,59.6858638743456,0.7307601201571402,7.014322438486954,0.985394447229394,16,4.1865589423430025,0.7083333333333454,1
709,0,-2.6642509206377887,2.6642509206377887,5.328501841275577,-2.687208885704048,0.7044864664441942,2.5292563231408165,55.49738219895281,0.7121330569177216,7.0349907918968615,0.9952773246247493,16,3.9042357274401382,0.5833333333333454,0
710,0,-2.385405262926847,2.385405262926847,4.770810525853694,-3.1609195402298838,0.22304832713754383,0.9359790340696311,45.54973821989526,0.7719037792473238,7.084569732937676,1.0820327736828634,16,3.2270029673590446,0.47499999999999676,0
711,0,-2.587304967414114,2.587304967414114,5.174609934828228,-3.0791263873970536,0.3707823507601048,1.271979049756834,51.308900523560276,0.7771830612449252,7.055781307720715,1.126986309035044,16,3.6202438123383813,0.45833333333334536,1
712,0,-2.6709980808875313,2.6709980808875313,5.341996161775063,-2.5843503230437914,0.705009276437845,1.1931394481730018,54.45026178010474,0.754300697916649,7.040176925912266,1.0881825705833148,17,3.833394765941759,0.5384615384615102,1
713,0,-2.5192350492427273,2.5192350492427273,5.038470098485455,-1.9920318725099577,0.2965159377316603,1.2345679012345696,53.3333333333333,0.7447433671724925,6.654343807763387,1.023001011517419,17,3.5489833641404704,0.4375000000000051,0
714,0,-2.472234269511319,2.472234269511319,4.944468539022638,-1.9223793978962673,0.6701414743112356,1.0463378176382592,55.2325581395347,0.7155774647775964,6.360946745562125,0.9711095680380484,17,3.513313609467441,0.11111111111112718,0
715,0,-2.44315784160092,2.44315784160092,4.88631568320184,-1.2426900584795386,2.2323117669315184,0.8208955223880553,54.65116279069766,0.7043491105613352,6.363300036995924,0.8778304056284553,17,3.4776174620791673,0.1333333333333237,0
716,0,-2.361114375555944,2.361114375555944,4.722228751111888,-1.6034985422740442,2.040816326530621,0.8215085884988917,52.90697674418605,0.6759291903707613,6.370370370370364,0.702235541671706,18,3.370370370370368,0.37499999999998646,0
717,0,-2.1798883734674717,2.1798883734674717,4.359776746934943,-2.2875816993464095,0.9756097560975603,0.786516853932575,47.674418604650974,0.6562911976963881,6.3916759568933434,0.7046590408408674,18,3.0471943515421636,0.9000000000000303,0
718,0,-2.1595539355792464,2.1595539355792464,4.319107871158493,-2.1106259097525433,1.0898158586997349,0.1489203276247244,47.674418604650974,0.6359567598081635,6.3916759568933434,0.672910353276629,18,3.0471943515421636,0.09999999999996964,0
719,0,-1.9350174791520482,1.9350174791520482,3.8700349583040965,-2.724300762804213,0.4501125281320277,-0.5200594353640462,40.11627906976726,0.6467426471879052,6.422703510082145,0.7394978916742224,18,2.5765496639282905,0.6500000000000119,0
720,0,-2.0461744751050652,2.0461744751050652,4.0923489502101305,-2.221412964311736,0.8261359369132514,-0.8127077946065873,44.18604651162776,0.6309044564830998,6.405959031657351,0.6278637051106617,19,2.830540037243936,0.5833333333333454,1
721,0,-2.0311294457510827,2.0311294457510827,4.062258891502165,-1.8660812294182312,0.9409108016559973,-1.0332103321033301,43.604651162790724,0.6339610403859542,6.408345752608041,0.5787485282885885,19,2.794336810730252,0.16666666666666266,0
722,0,-2.104344913699906,2.104344913699906,4.208689827399812,-1.429618768328445,1.052236001503187,-0.6649427410417517,46.511627906976656,0.6168030765857379,6.39642989959092,0.5490947086719672,19,2.9750836742283293,0.45454545454544737,1
723,0,-2.0181320869435315,2.0181320869435315,4.036264173887063,-1.4684287812040997,1.0922787193973778,-1.2872379551305582,44.18604651162776,0.6028620683215646,6.405959031657351,0.5202817068783129,19,2.830540037243936,0.45454545454544737,0
724,0,-1.9731451057793306,1.9731451057793306,3.946290211558661,-1.4322438486962896,1.3595166163141996,-0.8862629246676409,43.604651162790724,0.575976700414206,6.408345752608041,0.5054040139442888,20,2.794336810730252,0.16666666666661847,0
725,0,-2.068427483559543,2.068427483559543,4.136854967119086,-1.465738365701726,1.3569543912551831,-1.139705882352949,47.09302325581394,0.562851275381107,6.394052044609659,0.5061240895272066,20,3.011152416356874,0.45454545454542944,1
726,0,-2.0012469854877275,2.0012469854877275,4.002493970975455,-2.1129326047358794,1.587901701323249,-0.7021433850702113,45.34883720930233,0.5498141607761527,6.401190919240783,0.5124046177955527,20,2.902865649423146,0.29999999999999566,0
727,0,-1.96343597898568,1.96343597898568,3.92687195797136,-2.5761973875181536,1.781652767247905,-1.395519647447678,44.18604651162776,0.5481659603637087,6.405959031657351,0.4876924692262812,20,2.830540037243936,0.14285714285716056,0
728,0,-1.986648222832025,1.986648222832025,3.97329644566405,-1.7543859649122917,2.2441993153290234,-1.0309278350515554,45.34883720930233,0.5352153981204543,6.401190919240783,0.4712910136953846,21,2.902865649423146,0.29999999999999566,1
729,0,-1.8728515231988385,1.8728515231988385,3.745703046397677,-2.046783625730996,2.0175104682146974,-0.5934718100890191,41.86046511627887,0.5300689793719181,6.415516598284217,0.4103424469785498,21,2.685565087653845,0.5833333333333454,0
730,0,-1.8430677767770243,1.8430677767770243,3.6861355535540485,-2.15564486664231,1.6704631738800217,-1.0712966383450453,39.53488372093022,0.5729893307553624,6.425102726933128,0.5456101104456759,21,2.5401568920433286,0.09999999999999855,0
731,0,-1.502302978197929,1.502302978197929,3.004605956395858,-3.172866520787756,1.0273972602739605,-2.1739130434782616,26.74418604651142,0.6360129593655458,6.478342749529185,0.6128011473581977,21,1.7325800376647684,0.6111111111111198,0
732,0,-1.3528265885979112,1.3528265885979112,2.7056531771958223,-3.2517354767994036,0.37907505686125953,-2.143385070214334,22.674418604651166,0.6164217547610542,6.495468277945612,0.6221003432792246,22,1.4728096676737148,0.7777777777777457,0
733,0,-1.290889279934521,1.290889279934521,2.581778559869042,-3.536274152387907,0.1893222264293751,-2.1449704142011794,21.511627906976592,0.5917207236231113,6.500377928949352,0.6141926838251189,22,1.398337112622816,0.2857142857143211,0
734,0,-1.470379592445184,1.470379592445184,2.940759184890368,-3.349108117946854,1.1428571428571292,-1.7394522575869789,26.74418604651142,0.6040895736127996,6.478342749529185,0.6621094051860112,22,1.7325800376647684,0.42857142857142855,1
735,0,-1.433691013764622,1.433691013764622,2.867382027529244,-3.8419717288872848,0.8361839604712993,-1.740740740740747,25.5813953488371,0.6044411079975709,6.483226535996979,0.7122608477062846,22,1.6584998115341036,0.12499999999998984,0
736,0,-1.3780936943937079,1.3780936943937079,2.7561873887874158,-3.7763253449527934,1.0678871090770332,-1.5235971757710818,24.418604651162777,0.5859397902066122,6.4881176914371865,0.7094010925749417,23,1.5843078083741957,0.3333333333333333,0
737,0,-1.336745094067123,1.336745094067123,2.673490188134246,-3.106725146198831,0.7601672367920962,-1.449814126394051,23.837209302325487,0.5631601884067516,6.490566037735842,0.727831910682053,23,1.5471698113207473,0.0,0
738,0,-1.328864379800877,1.328864379800877,2.657728759601754,-2.895894428152496,0.5313092979127017,-1.0828976848394305,23.837209302325487,0.5552794741405007,6.490566037735842,0.7481604086582748,23,1.5471698113207473,0.08333333333334537,0
739,0,-1.3501771677477907,1.3501771677477907,2.7003543354955815,-2.42825607064018,0.11325028312570648,-1.2290502793296105,24.99999999999981,0.5394682688036049,6.485671191553539,0.7397042189565773,23,1.6214177978883724,0.22222222222220617,1
740,0,-1.4091735164391375,1.4091735164391375,2.818347032878275,-2.424687729610584,-0.5615874204417917,-0.969425801640566,27.325581395348706,0.5243843598126363,6.475903614457826,0.57375030181301,0,1.769578313253002,0.4444444444444605,1
741,0,-1.4260409786282087,1.4260409786282087,2.8520819572564173,-2.6412325752017614,-0.71081182192293,-1.301599107474893,26.74418604651142,0.5597509597958225,6.478342749529185,0.627348910033394,0,1.7325800376647684,0.07407407407406753,0
742,0,-2.137277814337539,2.137277814337539,4.274555628675078,-1.4646649578908864,0.3355704697986538,0.2608047690014765,47.674418604650974,0.6136806385664595,6.3916759568933434,0.7211317728489766,0,3.0471943515421636,0.9473684210526357,1
743,0,-2.307832807398588,2.307832807398588,4.615665614797176,-0.9177679882525642,0.9726898615787497,0.558867362146044,53.488372093023095,0.6047598714489454,6.368011847463897,0.7918767870049189,0,3.4061458718992834,0.5714285714285979,1
744,0,-2.34487958792312,2.34487958792312,4.68975917584624,-1.0248901903367587,1.0463378176382592,0.5578281889178067,54.65116279069766,0.6060708568835376,6.363300036995924,0.7987842127627188,1,3.4776174620791673,0.1764705882352911,1
745,0,-2.1390498469395833,2.1390498469395833,4.278099693879167,-1.8254837531946015,0.3358208955223841,0.07443245254930524,45.930232558139366,0.6695557993205415,6.3988095238095175,0.8771131301479583,1,2.938988095238082,0.3589743589743624,0
746,0,-1.8838372575345188,1.8838372575345188,3.7676745150690376,-2.8706395348837237,-0.18670649738610146,-0.44692737430167073,37.20930232558132,0.686680504822217,6.434717545828652,0.946320847014563,1,2.3943135054246096,0.65217391304347,0
747,0,-1.8127731637792202,1.8127731637792202,3.6255463275584403,-3.610108303249091,0.0,-0.6696428571428492,35.46511627906971,0.6704510664009417,6.441947565543066,0.9287265527837295,1,2.284644194756549,0.25,0
748,0,-1.8103626675970177,1.8103626675970177,3.6207253351940354,-2.6632615833637416,-0.6701414743112517,-0.4477611940298616,35.46511627906971,0.6680405702187452,6.441947565543066,0.955607711153672,2,2.284644194756549,0.11764705882354441,0
749,0,-1.892862168018487,1.892862168018487,3.785724336036974,-2.621041135784493,-0.6315007429420538,-0.11202389843166409,42.85714285714274,0.6592173082054118,5.757009345794379,1.041115187701879,2,2.4672897196261556,0.35714285714283944,1
750,0,-1.7515603419587429,1.7515603419587429,3.5031206839174858,-3.3707865168539395,-1.5145917990395357,0.4143126177024542,38.311688311688144,0.645863190534462,5.772113943028472,1.0493088165798288,2,2.2113943028485608,0.7499999999999729,0
751,0,-1.7589719131638724,1.7589719131638724,3.5179438263277447,-2.9112081513828314,-1.549815498154995,0.7552870090634297,38.311688311688144,0.6532747617395932,5.772113943028472,0.9455686362249537,2,2.2113943028485608,0.0,0
752,0,-1.7055562596767733,1.7055562596767733,3.4111125193535465,-2.6671538180489485,-1.5884743258219456,0.6802721088435458,40.14084507042243,0.6365390053631996,5.326331582895715,0.8391577146305002,3,2.1380345086271477,0.3636363636363278,0
753,0,-1.7183879385044116,1.7183879385044116,3.4367758770088233,-1.659904094430096,-1.9492460463405699,0.4143126177024542,43.60902255639093,0.6310238590143488,4.9868766404199425,0.8132211746856493,3,2.1747281589801233,0.0,0
754,0,-1.848597835922356,1.848597835922356,3.697195671844712,-0.5210271678451851,-1.2924667651403206,0.7538635506973258,48.85496183206108,0.6514410832100507,4.900860456415997,1.2331547931377904,3,2.3943135054246096,0.23999999999999444,1
755,0,-1.8281681701569317,1.8281681701569317,3.6563363403138633,-0.14947683109118448,-1.764705882352952,0.8301886792452787,46.56488549618324,0.6858460727786533,4.906367041198488,2.132089763295459,3,2.284644194756549,0.03333333333333767,0
756,0,-1.9746442495903473,1.9746442495903473,3.9492884991806947,-0.1492537313432872,-1.1086474501108676,0.9430403621274933,51.908396946564984,0.7045658035686817,4.89353754202464,2.1963104823559956,4,2.5401568920433286,0.2307692307692282,1
757,0,-1.4631009371793802,1.4631009371793802,2.9262018743587603,-1.268656716417917,-2.8277634961439677,-0.11325028312570648,29.007633587786223,0.745307208429859,4.948998866641466,2.278608685058699,4,1.4355874574990495,1.0,0
758,0,-1.316699137911539,1.316699137911539,2.633398275823078,-2.5110782865583428,-2.7982326951399155,-0.4524886877828001,22.900763358778423,0.7483020177902854,4.964001515725639,2.332603044794185,4,1.1367942402425029,0.35000000000000214,0
759,0,-1.2723332066832231,1.2723332066832231,2.5446664133664463,-2.261772339636644,-2.2255192878338335,-0.7530120481927731,21.374045801526638,0.7414268737291112,4.967766401213485,2.3348681757116574,4,1.0618126659082219,0.1764705882352911,0
760,0,-0.9120818455785671,0.9120818455785671,1.8241636911571342,-2.713754646840154,-3.324713705208727,-1.3941220798794325,6.10687022900747,0.7592350744666104,5.005731753916684,2.3905409442256587,5,0.3056935422239114,0.8333333333333304,0
761,0,-1.337896835068158,1.337896835068158,2.675793670136316,-2.150537634408614,-2.7634487840825344,-1.932367149758453,22.900763358778423,0.7694997149469104,4.964001515725639,2.3349056320040433,5,1.1367942402425029,0.8461538461538423,1
762,0,-1.3571760225122607,1.3571760225122607,2.7143520450245213,-1.9666048237476845,-2.365114560236521,-2.11189329381253,25.190839694656265,0.7326491489316443,4.9583648750946105,2.3387640173466155,5,1.2490537471612269,0.4285714285714197,1
763,0,-1.2634996119681141,1.2634996119681141,2.5269992239362282,-2.223869532987388,-2.4408284023668516,-2.4408284023668516,22.137404580152698,0.7138407795192863,4.9658832448824715,2.32840530939397,5,1.0993176648976477,0.3333333333332972,0
764,0,-0.9267565508327613,0.9267565508327613,1.8535131016655226,-2.494415487714081,-3.0717986676535967,-2.6031982149498023,7.633587786259254,0.7358439887861897,5.001909125620451,1.9455883344600844,6,0.38182512409314984,0.7600000000000056,0
765,0,-0.8639467297942891,0.8639467297942891,1.7278934595885782,-0.9837306091562612,-3.0740740740740806,-2.095024317246542,6.10687022900747,0.7110999586823353,5.005731753916684,0.8513171967583675,6,0.3056935422239114,0.19999999999998266,0
766,0,-0.8055813082308563,0.8055813082308563,1.6111626164617125,-1.1715797430083061,-2.824228911185421,-2.0599250936329563,4.580152671755685,0.6908585548847785,5.0095602294454915,0.8410509394352284,6,0.22944550669215788,0.1818181818181639,0
767,0,-1.025544399460984,1.025544399460984,2.051088798921968,-3.0018761726078718,-3.9033457249070653,-3.1109445277361223,7.647058823529405,0.7738990258643904,6.581494386372436,1.1906505242854009,6,0.5032907471931859,0.6666666666666634,0
768,0,-0.9768129306951421,0.9768129306951421,1.9536258613902842,-3.382187147688848,-3.9955190440627293,-3.887850467289717,5.64971751412432,0.7824872408389414,6.87912942090943,1.30364199216812,7,0.38865137971239894,0.5454545454545419,0
769,0,-1.8098387354629568,1.8098387354629568,3.6196774709259136,-8.552138034508623,-9.199255121042825,-8.552138034508623,7.645259938837884,1.2971233950199734,13.412633305988496,3.467599352203488,7,1.025430680885966,0.7458563535911621,0
770,0,-2.144343651880766,2.144343651880766,4.288687303761532,-7.848291400675929,-8.501118568232659,-8.020989505247368,11.926605504587162,1.3490744838546675,13.336052202283833,3.7265581886931476,7,1.590538336052201,0.30769230769230704,1
771,0,-2.0200565779482527,2.0200565779482527,4.040113155896505,-7.903650733910429,-8.999628114540723,-8.145645645645653,10.397553516819507,1.3253283392886739,13.363302002451965,3.876310461474901,7,1.3894564773191558,0.2083333333333416,0
772,0,-2.007123001959008,2.007123001959008,4.014246003918016,-7.929349868470509,-8.718330849478399,-8.102025506376597,10.397553516819507,1.3123947632994335,13.363302002451965,4.020953376812589,8,1.3894564773191558,0.1071428571428566,1
773,0,-2.4460044499021567,2.4460044499021567,4.892008899804313,-6.930320150659123,-7.935916542473922,-7.5570520014964435,17.12538226299685,1.3119420764716276,13.244228432563776,4.131812830030601,8,2.2681247468610626,0.6666666666666707,1
774,0,-2.6565386447712003,2.6565386447712003,5.3130772895424005,-6.231117824773421,-7.66084046113797,-7.073353293413172,21.10091743119257,1.266530586753477,13.174858984689752,4.148667231517452,8,2.78001611603544,0.7368421052631675,1
775,0,-2.3365159284030668,2.3365159284030668,4.6730318568061335,-7.048624199019981,-8.224786006698931,-7.847533632287,16.207951070336307,1.2619011676569258,13.26034063260339,4.198442196994264,8,2.149229521492282,0.5925925925925885,0
776,0,-2.179269095027456,2.179269095027456,4.358538190054912,-6.956521739130439,-8.342644320297945,-6.991685563114129,14.373088685015226,1.2239845421819318,13.292682926829253,4.227333945879236,9,1.910569105691046,0.29411764705881005,0
777,0,-1.8147603152854286,1.8147603152854286,3.629520630570857,-7.429871114480667,-9.151785714285705,-7.499999999999993,8.868501529051983,1.2209847215098328,13.390663390663374,3.983291605084403,9,1.1875511875511853,0.6923076923076846,0
778,0,-1.573113867747033,1.573113867747033,3.146227735494066,-7.455306200076074,-9.21641791044777,-7.701062215477999,5.810397553516802,1.182488867747039,13.44572368421051,3.920627731578769,9,0.7812499999999967,0.6000000000000115,0
779,0,-1.377968360173857,1.377968360173857,2.755936720347714,-7.87971069661211,-9.634055265123227,-7.527703477264048,3.0303030303030383,1.1713567899259265,13.636363636363638,1.8032212346488463,9,0.4132231404958689,0.5454545454545509,0
780,1,6.134363483861367,3.0671817419306837,6.134363483861367,-11.883067577828395,-12.580037664783417,-12.05001894657066,13.664596273291945,1.6466049016379576,20.79207920792079,3.0005901145289506,10,2.8411536805854536,0.592814371257483,0
781,1,8.159656650272014,4.079828325136007,8.159656650272014,-9.665144596651459,-10.347432024169198,-10.143830431491295,23.602484472049685,1.675779400631581,20.371151412905945,3.038655038353974,10,4.808097849008855,0.8644067796610138,1
782,1,7.361577831684002,3.680788915842001,7.361577831684002,-10.727824109173625,-10.997732426303857,-10.727824109173625,19.875776397515565,1.6408399145670323,20.526986825329363,2.9585283332067944,10,4.079898002549943,0.7619047619047687,0
783,1,8.461775947384618,4.230887973692309,8.461775947384618,-9.806891329042033,-10.28248587570621,-9.049255441008011,25.87991718426504,1.607042465715814,20.277078085642312,2.911873070962686,10,5.247691015952985,0.8529411764705822,1
784,1,8.597981745966603,4.2989908729833015,8.597981745966603,-9.028571428571437,-9.988692046739542,-8.750477646159727,26.915113871635597,1.575907504738641,20.234604105571847,2.9929784427781705,11,5.446166736489314,0.20689655172413587,1
785,1,8.619365557653618,4.309682778826809,8.619365557653618,-9.160015203344733,-9.811320754716974,-8.60420650095602,27.536231884058036,1.5272560005841227,20.2092050209205,2.9519816207020284,11,5.564853556485367,0.13636363636365517,1
786,0,-4.681441729050051,4.681441729050051,9.362883458100102,-8.009153318077807,-9.015465861938893,-6.692456479690521,31.67701863354036,1.5071678701288889,20.04149377593361,2.9962626603558107,11,6.348547717842321,0.647058823529405,1
787,0,-4.794977235352069,4.794977235352069,9.589954470704138,-8.095781071835807,-8.720271800679496,-5.950991831971993,33.333333333333364,1.4657795513156715,19.97518610421836,3.0381656942171085,11,6.658395368072792,0.33333333333333937,1
788,1,8.719076314706644,4.359538157353322,8.719076314706644,-9.070208728652753,-9.653092006033171,-1.7227235438884305,28.571428571428598,1.4785360696706487,20.167014613778704,3.014167900320281,12,5.762004175365349,0.6285714285714197,0
789,1,8.9529095116686,4.4764547558343,8.9529095116686,-9.324273310683271,-9.563253012048188,-2.118989405052973,30.02070393374745,1.4581366875578583,20.108243130724393,3.026747377030402,12,6.03663613655288,0.23333333333333478,1
790,0,-4.61181521575698,4.61181521575698,9.22363043151396,-9.65930363159865,-9.080633006782211,-1.3894564773191558,32.091097308488656,1.3987140548946249,20.02487562189054,1.3110125032953728,12,6.426202321724718,0.6470588235294178,1
791,0,-4.629649444567527,4.629649444567527,9.259298889135055,-9.57725402169847,-10.182088442958007,-1.3469387755102058,33.12629399585922,1.3197611532973543,19.983450558543648,1.0113601984822633,12,6.619776582540339,0.6249999999999594,1
792,1,8.691954789502972,4.345977394751486,8.691954789502972,-10.290827740492162,-10.855872545387175,-2.6305139619587194,30.434782608695656,1.288573068628362,20.09151414309484,0.9530614421672049,13,6.114808652246256,0.5789473684210407,0
793,1,8.254461556968176,4.127230778484088,8.254461556968176,-10.512532734754956,-11.538461538461531,-3.664921465968584,28.157349896480394,1.2856093827465105,20.18386961972419,0.9202670235608007,13,5.683242791475147,0.4285714285714197,0
794,1,8.168875897354177,4.084437948677088,8.168875897354177,-10.463378176382655,-10.896243956861282,-2.8386050283860405,28.36438923395445,1.2231179820939613,20.175438596491226,0.7396979843085612,13,5.722639933166248,0.29999999999999566,1
795,1,7.560977061148172,3.780488530574086,7.560977061148172,-11.156716417910456,-10.924055368499818,-3.2507110930516134,25.46583850931683,1.1964549171286998,20.29411764705882,0.7111920019982234,13,5.168067226890768,0.7222222222222129,0
796,1,7.276345838004697,3.6381729190023484,7.276345838004697,-11.389096340552642,-11.123595505617976,-2.8255528255528275,24.223602484472035,1.1739774682862554,20.345408593091825,0.6939315028196047,14,4.928390901432179,0.35000000000000214,0
797,1,7.361005204028029,3.6805026020140144,7.361005204028029,-10.861423220973778,-10.794602698650662,-2.1783806000821895,25.051759834368536,1.1363478501216633,20.31118587047939,0.6668462655905866,14,5.088309503784694,0.3750000000000237,1
798,1,8.287443895158402,4.143721947579201,8.287443895158402,-10.53611317944899,-10.16822429906541,-0.7024793388429609,29.606625258799156,1.164555280912533,20.125,0.6420364525400653,14,5.9583333333333295,0.6250000000000054,1
799,1,8.22226933121852,4.11113466560926,8.22226933121852,-10.846953937592874,-9.977494373593405,3.4037052994398813,29.606625258799156,1.1319679989425906,20.125,0.5719388987230289,14,5.9583333333333295,0.0,0
800,0,-4.7330217979720395,4.7330217979720395,9.466043595944079,-10.343553749538245,-9.032983508245874,2.232518955349625,35.81780538302278,1.1733510160790366,19.87654320987654,0.6215850426844047,15,7.1193415637860085,0.5869565217391325,1
801,0,-5.361243205656671,5.361243205656671,10.722486411313342,-9.261992619926211,-7.695195195195207,4.416135881104031,41.82194616977225,1.2538824899185719,19.64213094753965,0.760078577862931,15,8.214721431476207,0.475409836065574,1
802,0,-6.14156644044455,6.14156644044455,12.2831328808891,-7.720724048762483,-6.301575393848468,4.8698572628043575,49.89648033126293,1.31770735317474,19.335468374699758,0.9534741460587304,15,9.647718174539628,0.6499999999999978,1
803,0,-6.44366486495615,6.44366486495615,12.8873297299123,-7.539536594336149,-5.948372615039276,5.276381909547749,53.20910973084892,1.3322885721956053,19.212410501193315,1.1004399482263298,15,10.222752585521093,0.3902439024390316,1
804,0,-5.870508128752858,5.870508128752858,11.741016257505716,-8.382570162481528,-7.1482035928143635,3.8075313807531352,45.96273291925466,1.3928961884543538,19.483662767244855,1.2411337795751396,16,8.955223880597014,0.6874999999999966,0
805,0,-6.026197137844185,6.026197137844185,12.05239427568837,-8.49264705882354,-6.988041853512709,3.192371475953558,48.03312629399586,1.3656909104436212,19.405383688228202,1.2977108144897587,16,9.321012454801124,0.37037037037037573,1
806,0,-6.133182568604147,6.133182568604147,12.266365137208293,-7.575757575757572,-5.479969765684042,3.4325889164598915,50.736842105263115,1.3093234813343329,19.015212169735797,1.2760524767223718,16,9.647718174539628,0.75,1
807,0,-6.158865667851469,6.158865667851469,12.317731335702938,-8.042600073448403,-5.151515151515145,4.507512520868114,51.78947368421053,1.2447625915430383,18.97722732720736,1.2521231865036584,16,9.828206152616865,0.5454545454545705,1
808,0,-5.9037099818192456,5.9037099818192456,11.807419963638491,-8.321060382916055,-5.538694992412742,3.6636136552872594,49.052631578947384,1.224995122381495,19.07630522088354,1.2164468401935786,17,9.357429718875506,0.5909090909090936,0
809,0,-5.621194672036956,5.621194672036956,11.242389344073912,-8.086053412462903,-5.311425296140611,2.69374222958972,46.10526315789472,1.1987390985313,19.184168012924076,1.2093566569209568,17,8.84491114701131,0.6315789473684162,0
810,0,-5.418984303774929,5.418984303774929,10.837968607549858,-8.939785740672331,-6.593406593406581,1.9859329747621144,45.04310344827586,1.1813525113986072,18.815896188158963,1.1933989380256926,17,8.475263584752636,0.5499999999999848,0
811,0,-5.341099669694813,5.341099669694813,10.682199339389626,-9.211495946941776,-6.737320211960627,2.4106400665004113,44.396551724137936,1.159207668070778,18.838814453917987,1.0576884982271755,17,8.363784003248073,0.09523809523808639,0
812,0,-5.245157901084298,5.245157901084298,10.490315802168595,-8.98004434589801,-6.633813495072033,2.9682274247491587,43.965517241379345,1.1005012574434974,18.854124339699307,0.8472766642693159,18,8.289313287281601,0.0,0
813,0,-5.385567923032609,5.385567923032609,10.771135846065217,-8.616863905325435,-5.651011836578836,3.130217028380634,47.13656387665203,1.0553372471928602,18.37312828814245,0.62695013770305,18,8.66046135167949,0.7692307692307718,1
814,0,-5.178733851444135,5.178733851444135,10.35746770288827,-8.882309400444106,-5.922812380588451,3.4019319613607872,45.1541850220265,1.0154519667975008,18.440292445166527,0.47545730964239663,18,8.32656376929327,0.8181818181817967,0
815,0,-5.147629361676262,5.147629361676262,10.295258723352523,-8.777777777777786,-5.812619502868078,3.7926675094816606,45.57522123893804,0.9657373600522254,18.351603735282183,0.37916634270611654,18,8.363784003248073,0.12499999999995934,1
816,0,-5.00122087936641,5.00122087936641,10.00244175873282,-8.807134894091408,-5.0676982591876225,3.109243697478985,43.58407079646019,0.9873659486410588,18.41890790546048,0.4682618921196447,19,8.027709861450697,0.29999999999999566,0
817,0,-4.897928527508659,4.897928527508659,9.795857055017319,-8.810408921933094,-4.58965383119409,2.0807324178110567,42.69911504424778,0.9591530173045792,18.448979591836743,0.46081241456609257,19,7.8775510204081645,0.07142857142858028,0
818,0,-5.107607740546334,5.107607740546334,10.215215481092669,-8.028379387602685,1.025430680885966,2.6250000000000053,45.35398230088501,0.9443258558996995,18.359057676685627,0.43822652107384463,19,8.32656376929327,0.6499999999999978,1
819,0,-5.1209531539822075,5.1209531539822075,10.241906307964415,-8.156424581005588,0.48899755501221914,1.6069221260815811,46.017699115044294,0.9018862168625262,18.33671399594321,0.4060202768205515,19,8.438133874239362,0.44444444444441233,1
820,0,-5.027879303103162,5.027879303103162,10.055758606206323,-8.2028337061894,0.6129955046996427,0.1220008133387718,45.35398230088501,0.8645974184565289,18.359057676685627,0.3493374331202034,20,8.32656376929327,0.3333333333333333,0
821,0,-5.085514568854125,5.085514568854125,10.17102913770825,-8.218668650055777,0.7346938775510294,-1.2009607686148778,46.23893805309733,0.8478827764778029,18.32927818329279,0.3440257765384598,20,8.475263584752636,0.3749999999999966,1
822,0,-4.9559066796842455,4.9559066796842455,9.911813359368491,-8.420268256333832,-0.5261027923917438,-2.2275258552108217,44.911504424778755,0.829890419521644,18.373983739837403,0.36469693070351306,20,8.252032520325207,0.6153846153845974,0
823,0,-4.925664797221319,4.925664797221319,9.851329594442637,-8.308494783904623,-0.8860249697945987,-0.8061265618702157,44.911504424778755,0.799648537058716,18.373983739837403,0.3479871080545229,20,8.252032520325207,0.10000000000001301,1
824,0,-5.4289382068162615,5.4289382068162615,10.857876413632523,-7.586463369282267,0.7704785077047818,-0.1607071112896785,50.44247787610616,0.8414130559108293,18.189134808853126,0.42767034193364295,21,9.175050301810863,0.675675675675669,1
825,0,-5.909635277891006,5.909635277891006,11.819270555782012,-6.624488276888731,1.9504266558309575,0.3198720511795186,55.75221238938053,0.8877141937937525,18.01514547628538,0.5564917373915589,21,10.043842168194503,0.6000000000000022,1
826,0,-5.759808549131294,5.759808549131294,11.519617098262588,-6.815642458100559,2.4570024570024454,-0.07987220447285405,54.203539823008825,0.8637254156380845,18.065547561950446,0.44138276410142385,21,9.792166266986412,0.5384615384615435,0
827,0,-5.551228217842649,5.551228217842649,11.102456435685298,-7.328869047619037,2.3838882038635565,0.04016064257028645,51.769911504424826,0.8543193459036628,18.145323163388202,0.4778625753730369,21,9.393817743877971,0.6470588235293923,0
828,0,-5.297054749752057,5.297054749752057,10.594109499504114,-7.537313432835818,2.396694214876047,0.0,48.89380530973455,0.8378134261039526,18.240516545601295,0.48467820811056994,22,8.918482647296218,0.9285714285714197,0
829,0,-5.136875483575855,5.136875483575855,10.27375096715171,-7.804331590739358,6.376561826798779,0.16227180527382,46.68141592920358,0.8621591140458646,18.31442463533226,0.5337011229231531,22,8.549432739059977,0.3214285714285853,0
830,0,-5.037149611985382,5.037149611985382,10.074299223970764,-7.1939736346515915,3.7910699241786117,0.0,45.796460176991175,0.8366625989983624,18.34415584415585,0.5419145811538363,22,8.400974025974033,0.33333333333334536,0
831,0,-4.935222691312245,4.935222691312245,9.87044538262449,-7.13746223564956,4.416135881104031,-0.16240357287860727,44.690265486725636,0.827861975574146,18.381455876372517,0.5463408696327341,22,8.214721431476207,0.29411764705883553,0
832,0,-4.865523105214799,4.865523105214799,9.731046210429598,-7.067271352985642,3.2325776658270278,-0.4856333468231603,44.247787610619476,0.7955190352107306,18.3964183964184,0.533750755503567,23,8.140008140008144,0.0,0
833,0,-4.908274032149131,4.908274032149131,9.816548064298262,-7.2693032015065775,3.098827470686779,0.0,45.13274336283188,0.763617388508328,18.366517675741573,0.5270220503761676,23,8.289313287281601,0.5555555555555877,1
834,0,-4.995379324527969,4.995379324527969,9.990758649055937,-6.973237843950239,3.2635983263598303,0.2030044660982635,46.460176991150455,0.7391977274464911,18.321848398865022,0.4548927364830128,23,8.512363194162957,0.6363636363636579,1
835,0,-4.950376848480374,4.950376848480374,9.900753696960749,-6.981132075471693,2.197346600331679,0.4482477587612127,46.23893805309733,0.7127450561040566,18.32927818329279,0.3225220040334171,23,8.475263584752636,0.22222222222219545,0
836,0,-4.7894988373912435,4.7894988373912435,9.578997674782487,-7.317993210109399,1.6129032258064506,0.16306563391765583,44.247787610619476,0.719494767387169,18.3964183964184,0.3275131552307973,0,8.140008140008144,0.4736842105263122,0
837,0,-5.063923870183086,5.063923870183086,10.127847740366173,-6.606266515666283,3.255425709515857,0.4466098254161656,47.34513274336287,0.7336931943433421,18.292189397005266,0.3495026541551561,0,8.66046135167949,0.7083333333333326,1
838,0,-5.280721088599371,5.280721088599371,10.561442177198742,-6.372549019607838,3.3721898417984972,0.6893755068937587,50.0,0.7297746528361775,18.203785743052762,0.36112369490758944,0,9.101892871526381,0.6666666666666506,1
839,0,-4.9625150976209556,4.9625150976209556,9.925030195241911,-7.1536144578313285,2.196435971819298,0.16246953696180597,46.017699115044294,0.7434481605012735,18.33671399594321,0.32225233344099696,0,8.438133874239362,0.8095238095238233,0
840,0,-4.884546930989064,4.884546930989064,9.769093861978128,-7.272042200452149,1.8204385601986017,-0.28363047001620995,44.911504424778755,0.7585306708264609,18.373983739837403,0.403584464724661,1,8.252032520325207,0.17391304347826497,0
841,0,-4.705304273854121,4.705304273854121,9.410608547708241,-8.881456707543652,1.9118869492934343,-0.24410089503661223,42.92035398230091,0.7477359344008343,18.44145246838026,0.41324981224590485,1,7.915136678906576,0.5714285714285493,0
842,0,-4.512937030427046,4.512937030427046,9.025874060854091,-9.596146721007786,2.006688963210697,-0.8533116619260539,40.70796460176993,0.7439898776208178,18.517001229004514,0.4217914706142509,1,7.537894305612459,0.6874999999999932,0
843,0,-4.583962336737995,4.583962336737995,9.16792467347599,-9.61538461538461,2.0033388981636002,-1.649899396378262,41.592920353982336,0.7393815596418762,18.486707566462172,0.44258509498112936,1,7.689161554192238,0.1764705882352911,1
844,0,-4.46724949863048,4.46724949863048,8.93449899726096,-9.297136481963546,2.435951280974394,-2.7899561578317957,40.84821428571428,0.7172494986304754,18.36065573770492,0.43404450384642856,2,7.500000000000001,0.5999999999999913,0
845,0,-4.425499651252746,4.425499651252746,8.850999302505492,-8.754208754208747,2.781289506953227,-2.5179856115107793,41.230068337129865,0.7134405864455253,18.006562756357678,0.44705619285877174,2,7.4241181296144445,0.06249999999998136,0
846,0,-4.347661658750504,4.347661658750504,8.695323317501009,-8.838951310861427,2.268907563025201,-2.2882376555600237,40.5466970387244,0.6926308579291429,18.028747433264893,0.426818324645606,2,7.310061601642719,0.4000000000000087,0
847,0,-4.728694495424709,4.728694495424709,9.457388990849418,-8.020989505247368,2.1223470661672836,-0.9685230024213134,45.102505694760865,0.696107937379896,17.881873727087584,0.35417283705174485,2,8.065173116089623,1.0,1
848,0,-4.738142299368296,4.738142299368296,9.476284598736592,-8.22429906542055,2.2916666666666816,-0.5670311867152569,45.33029612756262,0.686839367772202,17.87459283387623,0.3678687810515322,3,8.102605863192181,0.0,0
849,0,-4.403230181553164,4.403230181553164,8.806460363106329,-8.589647411852965,0.41203131437989393,-1.0957792207792254,41.00227790432801,0.7101649374005178,18.01395157981125,0.39824224213483495,3,7.386130488305295,0.826086956521735,0
850,0,-4.334391811884785,4.334391811884785,8.66878362376957,-8.733133433283347,-0.9760065067100332,-0.9760065067100332,40.31890660592256,0.6984016721970243,18.03615447822515,0.31566602502480795,3,7.2719802793755175,0.153846153846141,0
851,0,-4.388808909869284,4.388808909869284,8.777617819738568,-8.52102102102103,-2.4419535628502747,-0.8946726311508698,41.230068337129865,0.6767498450620605,18.006562756357678,0.2920294335063739,3,7.4241181296144445,0.29999999999999566,1
852,0,-4.353974722709331,4.353974722709331,8.707949445418661,-8.627156789197306,-3.1026252983293703,-1.0560519902518446,41.00227790432801,0.6609094785566846,18.01395157981125,0.2817885769379911,4,7.386130488305295,0.18181818181820333,0
853,0,-4.561690977770618,4.561690977770618,9.123381955541236,-8.417508417508415,-1.330108827085854,-0.8103727714748805,43.507972665148095,0.6605471869209363,17.93300653594772,0.2705669926293469,4,7.802287581699355,0.6875000000000119,1
854,0,-4.366027589258523,4.366027589258523,8.732055178517045,-8.794910179640718,-2.089192446765768,-1.1359026369168457,41.230068337129865,0.6539685244513032,18.006562756357678,0.2677810654983366,4,7.4241181296144445,0.846153846153859,0
855,1,8.538951230929461,4.269475615464731,8.538951230929461,-9.118086696562028,-2.7588964414234325,-1.0175010175010113,40.0911161731207,0.6525417889131462,18.043567612001652,0.2889893865200869,4,7.233867653103163,0.4,0
856,0,-4.4541033928288964,4.4541033928288964,8.908206785657793,-7.709750566893415,-2.4760383386581464,-1.293451899757474,44.28571428571425,0.6473084685554611,17.19197707736391,0.2941614262246814,5,7.613589848546868,0.600000000000029,1
857,0,-4.358310959007765,4.358310959007765,8.71662191801553,-7.613636363636356,-2.0481927710843304,-1.7720499395891973,46.2915601023018,0.6462518942005411,16.037735849056613,0.2955997361021222,5,7.4241181296144445,0.2666666666666474,0
858,1,8.51871924929786,4.25935962464893,8.51871924929786,-7.62518968133535,-1.7352703793381787,-1.2570965125709563,45.24421593830332,0.6424257980973508,15.988491574188245,0.2769880976238373,5,7.233867653103163,0.21428571428570986,0
859,1,8.297204375619035,4.148602187809518,8.297204375619035,-7.260221627818115,-1.5415821501014308,-1.3815522145469392,44.072164948453604,0.6271853838556458,15.98023064250413,0.23313594234463986,5,7.042833607907749,0.5999999999999913,0
860,1,8.353702495944713,4.1768512479723565,8.353702495944713,-7.881773399014773,-1.339285714285716,-0.8564437194127318,44.58762886597934,0.6171804660793544,15.967078189300427,0.23507382436062396,6,7.1193415637860085,0.24999999999999095,1
861,1,8.41974816061575,4.209874080307875,8.41974816061575,-7.9485238455715255,-1.2586276898091668,-0.3278688524590066,45.36082474226799,0.5929402537562904,15.947390053431992,0.24653664575533102,6,7.233867653103163,0.2857142857143388,1
862,0,-4.3399914310906835,4.3399914310906835,8.679982862181367,-7.505686125852929,-1.2545528126264756,-0.1636661211129336,47.286821705426334,0.5899914310906814,15.860655737704926,0.24818918952669652,6,7.500000000000001,0.5384615384615435,1
863,0,-4.3645293142095625,4.3645293142095625,8.729058628419125,-6.796487208858334,-0.8529650690495607,0.08200082000819318,48.17708333333338,0.5766505263307715,15.724815724815732,0.25882414916847274,6,7.575757575757586,0.10000000000001301,1
864,0,-4.30230034583544,4.30230034583544,8.60460069167088,-6.801681314482224,-0.9744214372716085,0.0,49.59128065395102,0.5712630354623282,15.04715047150472,0.2912662215186333,7,7.462074620746219,0.25,0
865,0,-4.286682206299194,4.286682206299194,8.573364412598387,-6.768642447418741,-0.651996740016298,0.16433853738702126,49.31880108991828,0.5746231414919742,15.053322395406077,0.29242677275075046,7,7.4241181296144445,0.06666666666667438,0
866,1,8.164818756044886,4.082409378022443,8.164818756044886,-6.112185686653778,-1.0599266204647362,-1.1002444987775108,47.48603351955305,0.5801432057933562,14.750721054800175,0.3156003416342186,7,7.0045323444581795,0.7333333333333314,0
867,1,7.848821725978046,3.924410862989023,7.848821725978046,-5.795410346168799,-1.6646366220056763,-1.3441955193482706,48.07121661721075,0.5759197509592561,13.931376601901613,0.36775197388950837,7,6.696982224059539,0.41666666666665464,0
868,1,8.039306247549263,4.019653123774631,8.039306247549263,-0.6562756357670203,-1.784266017842651,-0.6155108740254338,49.55489614243324,0.5749336518274322,13.902640264026406,0.4160725572921521,8,6.889438943894391,0.21428571428570986,1
869,0,-4.623552471346599,4.623552471346599,9.247104942693198,-0.08149959250203063,-0.4061738424045501,0.6981519507186894,73.30827067669179,0.6472066312160925,10.84828711256118,0.61454483765001,8,7.952691680261023,0.682926829268302,1
870,0,-4.914307677822813,4.914307677822813,9.828615355645626,0.8173273395995116,-0.0405186385737493,1.2310217480508856,78.94736842105262,0.6581260807413336,10.782326712606412,0.6629650827362336,8,8.512363194162957,0.7142857142856995,1
871,0,-5.1215975989231035,5.1215975989231035,10.243195197846207,1.183673469387753,0.8543531326281429,1.7651888341543545,82.70676691729322,0.6807417248819234,10.738796931772313,0.7267515136401996,8,8.881711748082363,0.4799999999999889,1
872,0,-5.374220458878335,5.374220458878335,10.74844091775667,0.8093889113719163,1.219016659894355,1.7565359477124212,87.96992481203011,0.677311586939348,10.678442392613414,0.7789564033037885,9,9.393817743877971,0.8235294117647088,1
873,0,-5.27908806803405,5.27908806803405,10.5581761360681,0.12082158679017174,0.04024144869215826,2.0106688551497744,86.09022556390973,0.6732956303832,10.699919549477078,0.8251095309763635,9,9.211584875301691,0.33333333333335263,0
874,0,-5.118170419195332,5.118170419195332,10.236340838390664,0.5271695052716947,-1.1956954962136341,1.9325657894736732,83.08270676691734,0.658929095547222,10.734463276836165,0.8239084422979212,9,8.918482647296218,0.6363636363636579,0
875,0,-5.418793819378783,5.418793819378783,10.837587638757565,1.3002844372206384,-0.3597122302158231,2.0884520884520814,88.72180451127817,0.6855407106744089,10.669875651825118,0.8600933194030747,9,9.46650621740875,0.5555555555555466,1
876,0,-5.30884499575813,5.30884499575813,10.61768999151626,1.8427518427518386,-0.16057808109193483,1.9680196801967964,86.84210526315795,0.6665620375587655,10.691318327974283,0.8266156939403647,10,9.284565916398725,0.5999999999999913,0
877,0,-5.139148347340539,5.139148347340539,10.278296694681078,1.8906699547883286,0.04035512510087566,1.8069815195071774,83.45864661654129,0.661536407042031,10.730133118192828,0.7778422446525118,10,8.955223880597014,0.6428571428571606,0
878,0,-5.330445604984039,5.330445604984039,10.660891209968078,2.8099173553719154,0.7695423248278799,2.5133910177173586,87.593984962406,0.6517307455462852,10.682730923694786,0.7533424534057698,10,9.357429718875506,0.6428571428571804,1
879,0,-5.448618481952079,5.448618481952079,10.897236963904158,7.496768634209378,1.258116883116874,2.6326614561908603,89.84962406015033,0.6609582255418172,10.65705128205129,0.7040309597397133,10,9.575320512820515,0.24999999999998915,1
880,0,-4.075182949654946,4.075182949654946,8.150365899309891,4.928390901432197,1.3013420089467402,2.425986842105264,82.84313725490203,0.6788806988510814,8.199356913183287,0.9080288945430398,11,6.792604501607729,0.22727272727271922,0
881,1,6.651186676852733,3.3255933384263665,6.651186676852733,5.307855626326969,0.8540056933712967,1.6393442622950862,76.30057803468195,0.6664474883054969,6.970185334407736,0.8830467989510509,11,5.318291700241731,0.7272727272727344,0
882,1,6.784053917954235,3.3920269589771177,6.784053917954235,4.408060453400506,1.0154346060113666,1.8844735764031149,79.06976744186049,0.6578090257241994,6.915963007639737,0.841983264049416,11,5.468435866505842,0.3571428571428704,1
883,1,6.171544998025948,3.085772499012974,6.171544998025948,3.9363484087102134,0.5672609400324023,1.7630176301762865,75.15527950310555,0.6492038320778174,6.484091824405966,0.7874815945677315,11,4.873137333870319,0.38461538461540257,0
884,1,6.08370187687222,3.04185093843611,6.08370187687222,3.8075313807531352,0.6490872210953329,1.7637407711238748,73.91304347826093,0.6436244168722243,6.489318823055223,0.7845864546102341,12,4.796453043127778,0.142857142857134,0
885,1,5.900001056853212,2.950000528426606,5.900001056853212,2.6948590381426185,0.8140008140008161,2.06015657189947,70.80745341614899,0.6479003668757158,6.502423263327953,0.8683470249653458,12,4.604200323101775,0.23529411764706934,0
886,1,6.262851217363536,3.131425608681768,6.262851217363536,2.6881720430107507,0.3637833468067863,2.518579686209738,75.15527950310555,0.6948569417466068,6.484091824405966,1.0199720134983767,12,4.873137333870319,0.2121212121212137,1
887,1,6.35152782568893,3.175763912844465,6.35152782568893,3.7562604340567525,0.12082158679017174,2.6424442609413634,77.0186335403726,0.6817977020640938,6.476267095736127,1.0259312364664372,12,4.98793242156074,0.2307692307692282,1
888,1,6.447473921558131,3.2237369607790654,6.447473921558131,3.705245628642802,1.0137875101378866,1.590538336052201,78.88198757763966,0.6725115690554828,6.4684612294094075,0.959215488517897,13,5.102450783447166,0.35714285714288146,1
889,1,6.139084657530117,3.0695423287650585,6.139084657530117,2.859510982179843,0.8533116619260362,0.6080259424402036,74.5341614906831,0.6521370104733594,6.486704270749401,0.8527793331038743,13,4.834810636583396,0.7777777777777564,0
890,0,-3.5654981132809156,3.5654981132809156,7.130996226561831,3.7649979313198156,2.283849918433916,1.1698265429608692,90.06211180124227,0.6735954407639583,6.422018348623857,0.8093873551435034,13,5.783805345033912,1.0,1
891,0,-4.2546002420289595,4.2546002420289595,8.509200484057919,5.569409808811305,4.098360655737716,1.9670814933761538,100.0,0.7323649016117993,7.044470680834314,0.9298277953773573,13,7.044470680834314,0.8048780487804927,1
892,0,-4.302910224002659,4.302910224002659,8.605820448005318,6.354515050167215,4.0916530278232335,2.3330651649235676,96.27659574468083,0.7441213919145714,7.392843098702329,1.02854379870264,14,7.117577664176176,0.130434782608694,1
893,0,-3.931403319027892,3.931403319027892,7.862806638055784,5.2170283806343765,3.362033620336187,1.694231544977811,84.04255319148935,0.7964826841072506,7.46031746031747,1.1930000843626902,14,6.269841269841275,0.6285714285714399,0
894,0,-3.771769150917501,3.771769150917501,7.543538301835002,5.249895002099962,2.7470274702746935,0.5214600882470914,79.25531914893621,0.8048237108537726,7.487056949422549,1.2105647675954783,14,5.933890880127449,0.6363636363636453,0
895,1,6.955159484305738,3.477579742152869,6.955159484305738,5.099030762747577,2.4650780608052654,0.2814636107760378,70.74468085106368,0.8122490808302238,7.535070140280571,1.0879299948861296,14,5.330661322645286,0.8095238095238065,0
896,1,6.475272020662634,3.237636010331317,6.475272020662634,4.789915966386552,1.6299918500407542,0.6050826946349438,68.53932584269663,0.7917659221196102,7.137129109863681,0.9699780334788364,15,4.891740176423422,0.07692307692305382,0
897,0,-3.951740110868498,3.951740110868498,7.903480221736996,5.285060341240114,3.0549898167006098,1.6881028938906726,88.76404494382021,0.8292104665997181,7.0355731225296525,1.04657079614894,15,6.245059288537555,0.9729729729729695,1
898,0,-3.9450539078597977,3.9450539078597977,7.890107815719595,6.166666666666672,4.554780467788263,2.124248496993992,98.14814814814791,0.823734708802085,6.360424028268562,1.0865492655265672,15,6.242638398115425,0.8571428571428394,1
899,0,-3.4450285246327157,3.4450285246327157,6.890057049265431,4.285125669550883,3.942505133470214,1.6057808109192964,85.06493506493506,0.8550720200854613,6.0893633847370525,1.1768558429963263,15,5.179913009094506,0.5333333333333304,0
900,0,-3.333864598354355,3.333864598354355,6.66772919670871,3.131354209028071,4.062371768567917,2.2580645161290347,89.43661971831,0.8309083508178874,5.597162002365005,1.1689478030950429,16,5.005912495072935,0.5,1
901,0,-3.318053974716225,3.318053974716225,6.63610794943245,1.6012810248198603,4.187192118226605,2.0506634499396794,88.73239436619723,0.8338268453786821,5.599369085173509,1.1259014066224722,16,4.968454258675088,0.045454545454532015,1
902,1,6.359916592580047,3.1799582962900237,6.359916592580047,0.5966587112171766,3.3088235294117605,1.893634165995172,83.80281690140846,0.8272497158234302,5.61486753657573,1.0375856571781112,16,4.705417160933183,0.38888888888889694,0
903,0,-3.432320906329057,3.432320906329057,6.864641812658114,2.4989923417976616,4.3496101764464585,2.4989923417976616,93.661971830986,0.8172992783306249,5.583955957530484,0.8845605850169105,16,5.230043255996866,0.7368421052631675,1
904,0,-3.5775609281888756,3.5775609281888756,7.155121856377751,2.5713137806348034,4.975328947368421,3.0682276947920917,97.93103448275865,0.7954292667468691,5.681818181818188,0.9003884723291795,17,5.56426332288402,0.7142857142857099,1
905,0,-3.5683262806088853,3.5683262806088853,7.136652561217771,2.0391843262694853,4.5045045045044985,2.778896496173985,97.93103448275865,0.7861946191668745,5.681818181818188,0.876807378310901,17,5.56426332288402,0.0,0
906,0,-3.605893002110154,3.605893002110154,7.211786004220308,2.036741214057501,4.756047560475595,2.775543041029769,94.15584415584422,0.7683196165915628,6.0273972602739745,0.88126399690536,17,5.675146771037189,0.2142857142857165,1
907,0,-3.3485055395819656,3.3485055395819656,6.697011079163931,1.967871485943775,4.271047227926075,1.926936973103166,85.06493506493506,0.7707802345839309,6.060606060606063,0.8500391086365537,17,5.155450609996066,0.8421052631578959,0
908,1,6.096813775898777,3.0484068879493886,6.096813775898777,1.8159806295399477,3.9555006180469787,1.6518936341660049,74.6753246753247,0.7711791651771137,6.099009900990102,0.9376546043463212,18,4.554455445544558,1.0,0
909,1,6.319902736229899,3.1599513681149496,6.319902736229899,2.718052738336705,4.154668860551212,0.9569377990430682,79.22077922077929,0.750788650895361,6.082148499210113,0.8613409720845749,18,4.818325434439184,0.5384615384615435,1
910,0,-3.179979682965149,3.179979682965149,6.359959365930298,2.8003246753246773,4.152960526315788,-0.27559055118110476,80.51948051948048,0.7332551367930911,6.077348066298345,0.8763869752774195,18,4.893449092344119,0.07692307692308718,1
911,0,-3.1899191842113055,3.1899191842113055,6.379838368422611,2.9232643118148607,3.893442622950821,-0.35377358490565625,81.81818181818194,0.7056920548737619,6.072555205047321,0.7832854275468766,18,4.968454258675088,0.11111111111112182,1
912,1,6.295256267058187,3.1476281335290937,6.295256267058187,2.549575070821517,3.809913969684546,0.5156683855612848,80.51948051948048,0.7009035873570351,6.077348066298345,0.8181808801075966,19,4.893449092344119,0.12500000000001693,0
913,0,-3.1839958886963187,3.1839958886963187,6.367991777392637,3.1275385865150205,4.1000410004099965,1.3168395849960113,82.46753246753268,0.6810396411598475,6.070161608198662,0.8101428111256389,19,5.005912495072935,0.4545454545454689,1
914,1,6.096068232924509,3.0480341164622544,6.096068232924509,2.760860738936253,3.8146021328958066,1.483560545308729,77.92207792207809,0.6764926144859671,6.086956521739132,0.7515446616883399,19,4.743083003952582,0.40000000000001734,0
915,1,5.946716553016828,2.973358276508414,5.946716553016828,2.9339853300733503,4.079110012360944,1.283079390537286,75.32467532467544,0.6772379281315299,6.096595407759305,0.7583594093523014,19,4.59224069675377,0.23529411764706934,0
916,1,5.895212028276396,2.947606014138198,5.895212028276396,2.9759478189971524,4.293971924029724,-0.1581027667984228,75.32467532467544,0.6514856657613166,6.096595407759305,0.7360143978632251,20,4.59224069675377,0.0,0
917,1,5.964722718876474,2.982361359438237,5.964722718876474,2.7202598457166145,4.459124690338564,-0.7064364207221268,77.27272727272737,0.6296527789716461,6.0893633847370525,0.6452312633835507,20,4.705417160933183,0.4444444444444605,1
918,0,-3.237076947686047,3.237076947686047,6.474153895372094,3.081914030819145,3.6704730831973813,0.43461082576057525,85.7142857142858,0.6406961451683384,6.058221872541308,0.5663729641068423,20,5.192761605035412,0.6190476190476132,1
919,0,-3.328073498604317,3.328073498604317,6.656146997208634,3.45247766043865,3.2428050263477814,0.43375394321765476,88.96103896103891,0.6386349434413852,6.046329014526897,0.5552709067127511,20,5.378877110325873,0.3124999999999881,1
920,0,-3.221474699682133,3.221474699682133,6.442949399364266,3.0794165316045246,2.62202501008471,0.23640661938534002,85.7142857142858,0.6250938971644282,6.058221872541308,0.5362061589223727,21,5.192761605035412,0.2727272727272763,0
921,0,-3.252943983762798,3.252943983762798,6.505887967525596,3.5394629780309126,2.1678040947410593,0.6326611308817697,87.01298701298698,0.6192961850206566,6.053459119496858,0.5426090777977878,21,5.267295597484277,0.21428571428570986,1
922,0,-3.3707051417092253,3.3707051417092253,6.741410283418451,3.5351483136936137,2.49396621078037,0.1966181675186707,91.55844155844157,0.6070830327323499,6.036848294786361,0.49933679759511684,21,5.527244217953746,0.33333333333334536,1
923,0,-3.2889881779402725,3.2889881779402725,6.577976355880545,2.494969818913481,2.743041549011695,-0.23501762632198833,88.31168831168846,0.6181319328499301,6.048703849175179,0.5468129746809632,21,5.3417124901806865,0.2105263157894797,0
924,0,-3.351790776287601,3.351790776287601,6.703581552575202,1.6739736946990806,2.3265142398716363,-0.03918495297806163,90.90909090909112,0.606692737071904,6.039215686274511,0.5574163093058537,22,5.490196078431387,0.41666666666665464,1
925,0,-3.2843082683811096,3.2843082683811096,6.568616536762219,1.8385291766586744,2.452754322476874,-0.27397260273972845,88.96103896103891,0.5948697132181736,6.046329014526897,0.5291328088396027,22,5.378877110325873,0.18181818181820333,0
926,0,-3.476397047759609,3.476397047759609,6.952794095519218,2.609393817743876,3.1060911657926686,0.6695549428909053,96.10389610389615,0.5835119813014346,6.020328381548087,0.5325077144031185,22,5.785770132916346,0.750000000000009,1
927,0,-3.3813655729443464,3.3813655729443464,6.762731145888693,3.0669895076674605,2.6527331189710472,1.2286959968291629,93.5064935064935,0.562258290250529,6.029757243539549,0.5714210632712898,22,5.638214565387629,0.5714285714285803,0
928,0,-3.5315071861519534,3.5315071861519534,7.063014372303907,3.8477116241393294,2.765531062124251,1.2638230647709285,95.00000000000016,0.5650747115227516,6.245120999219359,0.5091844106825391,23,5.9328649492584,0.6250000000000034,1
929,0,-3.7690192680091252,3.7690192680091252,7.5380385360182505,4.464285714285708,3.3319951826575567,1.6186340307935179,98.20359281437128,0.5833160823059372,6.487956487956489,0.599556393990537,23,6.371406371406375,0.5454545454545419,1
930,0,-4.071123076285751,4.071123076285751,8.142246152571502,5.368035786905254,4.475806451612903,2.20907297830375,98.90109890109876,0.5962196013822749,7.027027027027039,0.6826170821852048,23,6.949806949806951,0.8095238095238065,1
931,0,-3.9687835575669337,3.9687835575669337,7.937567115133867,5.042700284668563,3.860072376357046,1.9337016574585637,95.6043956043955,0.6019104925514486,7.043343653250786,0.7337327956159665,23,6.733746130030964,0.4375000000000051,0
932,0,-3.7732323931427585,3.7732323931427585,7.546464786285517,4.508529650690495,3.666398066075761,1.3391098857818107,89.56043956043962,0.6057236484867108,7.0734551107656545,0.78500965495901,0,6.335017489312102,0.6874999999999661,0
933,0,-3.835047683303735,3.835047683303735,7.67009536660747,4.497568881685575,3.9500201531640466,1.8964836033188583,91.75824175824164,0.5948458982823875,7.0624757469926385,0.7434705396977448,0,6.480403570042688,0.5,1
934,0,-3.4855782595114695,3.4855782595114695,6.971156519022939,3.5699797160243394,3.0682276947920917,1.0688836104513109,80.21978021978025,0.6295532203878343,7.120500782472624,0.7906162895158038,0,5.712050078247273,1.0,0
935,1,5.829771972756716,2.914885986378358,5.829771972756716,2.7269027269027357,1.6512283527990432,-0.07917656373712714,61.5384615384615,0.6944260339596396,7.216494845360836,0.9032359146825818,0,4.440919904837435,0.8888888888888862,0
936,1,5.875513954442035,2.9377569772210177,5.875513954442035,1.8997574777687847,1.4078841512469782,-0.3557312252964556,62.08791208791212,0.6983594346130099,7.213634562029342,0.9893365681222378,1,4.4787950852160225,0.05263157894737563,0
937,1,5.58395291655054,2.79197645827527,5.58395291655054,1.2887635924285104,0.9634684865515741,-1.0621557828481556,57.69230769230763,0.704501309169898,7.236580516898621,1.095970286323715,1,4.174950298210738,0.4210526315789594,0
938,0,-3.7578420902356755,3.7578420902356755,7.515684180471351,3.8118410381184242,3.1426269137792255,0.510404397330209,82.96703296703288,0.8097749289705414,7.106598984771585,1.4224434952487794,1,5.896134322530265,0.750000000000009,1
939,0,-3.643020380082122,3.643020380082122,7.286040760164244,3.7789516456724814,1.834130781499204,0.39308176100629033,79.12087912087901,0.8239130973883046,7.12607674236493,1.683503696877973,1,5.638214565387629,0.2800000000000042,0
940,0,-3.5449321809978276,3.5449321809978276,7.089864361995655,3.8336052202283804,0.23622047244094205,0.03929273084479892,74.72527472527474,0.8740759359074883,7.1484681853888565,1.8338734669747638,2,5.3417124901806865,0.21052631578946587,0
941,0,-3.7496554368027804,3.7496554368027804,7.499310873605561,4.877049180327877,0.5896226415094441,0.4317111459968665,80.76923076923063,0.8751931763413046,7.117716073523674,1.8272300070918015,2,5.748924520922957,0.5416666666666727,1
942,0,-4.098056132840546,4.098056132840546,8.196112265681093,5.441898527004905,2.221340737802462,1.1778563015312165,91.20879120879125,0.8760064433995488,7.06521739130436,1.7897256585271244,2,6.444099378882001,0.799999999999993,1
943,0,-3.7581905071949326,3.7581905071949326,7.516381014389865,4.838048380483788,2.0351157222665535,0.23520188161505012,80.76923076923063,0.8837282467334515,7.117716073523674,1.828917878631461,2,5.748924520922957,0.8260869565217539,0
944,0,-3.878474259249978,3.878474259249978,7.756948518499956,5.207052070520703,2.8869286287089015,0.7064364207221437,85.16483516483513,0.8570317641232712,7.095516569200791,1.8045213509273719,3,6.042884990253419,0.6428571428571606,1
945,0,-3.728636353279248,3.728636353279248,7.457272706558496,5.094494658997535,2.566158781074572,0.07824726134584631,80.76923076923063,0.8541740928177688,7.117716073523674,1.7511498414151476,3,5.748924520922957,0.35000000000000214,0
946,0,-3.498248007057376,3.498248007057376,6.996496014114752,3.7082314588427034,0.5928853754940641,-0.3523884103367225,73.6263736263735,0.8646002083152354,7.154088050314478,1.7124669571777587,3,5.267295597484277,0.5,0
947,0,-3.4940796544878387,3.4940796544878387,6.9881593089756775,3.625254582484711,-0.1569858712715894,-0.780031201248052,74.17582417582412,0.841820322464257,7.151277013752468,1.6205043308256533,3,5.304518664047157,0.0,0
948,0,-3.3828375856954307,3.3828375856954307,6.765675171390861,4.226508001641371,0.3555906756222966,-1.320901320901311,69.78021978021987,0.8798813381589592,7.173827355143882,1.4841936102112698,4,5.005912495072935,0.14705882352940688,0
949,0,-3.5593517980206624,3.5593517980206624,7.118703596041325,4.681724845995891,0.512618296529968,-1.6209957545349263,75.27472527472513,0.8699132428577218,7.145661562622705,1.1007952012770932,4,5.378877110325873,0.5999999999999913,1
950,0,-3.673572753264249,3.673572753264249,7.347145506528498,4.842018875666806,0.6698187549251414,-1.0840108401083939,79.67032967032964,0.8359993677456539,7.123287671232889,0.8703227770387957,4,5.675146771037189,0.7272727272727344,1
951,0,-3.7796286104514345,3.7796286104514345,7.559257220902869,5.090311986863728,1.2257809410834406,-0.505246793626117,83.5164835164835,0.8131961358222344,7.103825136612034,0.8410938158286452,4,5.9328649492584,0.3571428571428704,1
952,0,-3.7425199559238966,3.7425199559238966,7.485039911847793,4.656862745098037,0.747149036570976,-0.6591702210159011,82.96703296703288,0.7944527946587636,7.106598984771585,0.8405617774298919,5,5.896134322530265,0.0,0
953,0,-4.371343674759732,4.371343674759732,8.742687349519464,6.442347148132951,1.6059537798668155,1.6059537798668155,98.9247311827958,0.8246975683603428,7.170393215111795,1.0391802205441374,5,7.093292212798771,0.9428571428571475,1
954,0,-4.232990540622002,4.232990540622002,8.465981081244005,6.414473684210521,1.4106583072100316,2.535657686212354,93.6507936507935,0.8120396322339034,7.305759567066114,1.1536414452521757,5,6.841901816776192,0.37499999999998646,0
955,0,-4.268324915070866,4.268324915070866,8.536649830141732,6.0196560196560185,1.3307240704501047,2.697342324474429,91.32653061224507,0.8113917362373333,7.570490536886829,1.130099316446446,5,6.913866357667066,0.095238095238109,1
956,0,-4.4102334671324135,4.4102334671324135,8.820466934264827,6.601066010660094,2.402520677432054,3.3797216699801194,95.9183673469389,0.7920656457313305,7.544264819091609,1.0866342536346454,6,7.236335642802165,0.7333333333333025,1
957,0,-4.308620621663644,4.308620621663644,8.617241243327287,6.406570841889112,2.6952041220768894,1.2109374999999911,91.45728643216077,0.7978181525278325,7.677469135802484,1.1177591070262216,6,7.021604938271617,0.3181818181818164,0
958,0,-4.193585522877516,4.193585522877516,8.387171045755032,6.592501030078286,2.172195892575037,1.292090837901333,88.94472361809032,0.7726346144894213,7.692307692307708,0.9119943880125846,6,6.841901816776192,0.4545454545454689,0
959,0,-4.655700462873933,4.655700462873933,9.311400925747867,7.486631016042776,3.1583103039873577,2.6315789473684124,98.5294117647059,0.8066005011734342,7.81309842972042,0.9148687306424169,6,7.698199923401004,0.742857142857145,1
960,0,-4.636385643468024,4.636385643468024,9.272771286936049,7.401315789473685,3.0374753451676626,2.071121531848382,96.63461538461536,0.7872856817675189,7.9662964381463155,0.968299531675601,7,7.698199923401004,0.07142857142858028,1
961,0,-5.563929455118331,5.563929455118331,11.127858910236663,8.975409836065575,4.932912391475932,3.1819945673263503,95.40229885057461,0.881718097465076,9.815720195562257,1.2568601282406553,7,9.36442271530651,0.7868852459016334,1
962,0,-5.412551931433848,5.412551931433848,10.825103862867696,8.439164276935683,4.253643166601025,3.519749706687534,87.45387453874548,0.935785781074944,10.238005289006422,1.4852730107896448,7,8.953532300717802,0.28571428571428276,0
963,0,-5.805278879415997,5.805278879415997,11.610557758831995,9.471094710947103,5.491900434610835,4.053000779423224,95.9409594095942,0.9363650217380932,10.149812734082396,1.3254997539018103,7,9.737827715355813,0.8214285714285647,1
964,0,-5.904367657071576,5.904367657071576,11.808735314143153,9.68006562756358,5.8590657165479065,4.534792806880384,98.15498154981557,0.9342630232898047,10.127055306427502,1.2604845303481527,8,9.940209267563533,0.16000000000000208,1
965,0,-5.886150329638879,5.886150329638879,11.772300659277757,10.259579728059338,5.938242280285034,5.147347740667978,98.52398523985252,0.8992246665832145,10.123272319760925,1.2953987796470146,8,9.97385132611133,0.0,0
966,0,-5.886895899903019,5.886895899903019,11.773791799806038,10.611065235342686,5.889328063241099,5.306603773584912,98.17518248175175,0.8663658513774458,10.227696901829054,1.382184410421891,8,10.041060097051144,0.1666666666666486,1
967,0,-6.438140682010298,6.438140682010298,12.876281364020596,11.767134599504544,6.490952006294265,6.574803149606301,95.83333333333334,0.9194991168570986,11.517165005537105,1.523110877524706,8,11.037283130306394,0.595744680851067,1
968,0,-6.978753257100164,6.978753257100164,13.957506514200327,12.15334420880912,7.970160973694545,7.885445272655935,99.10179640718565,0.9605714389183482,12.145454545454534,1.7475487410079256,9,12.036363636363626,0.9318181818181822,1
969,0,-6.373116737183772,6.373116737183772,12.746233474367545,11.187677340899887,7.822327044025173,7.35812133072408,93.92971246006393,1.0140208567608704,11.410864017499101,2.085625981415408,9,10.718191760845803,0.15217391304347005,0
970,0,-6.54483589340593,6.54483589340593,13.08967178681186,11.53691004437274,8.644400785854621,8.007812499999995,95.9119496855346,1.0274697573711982,11.505065123010136,2.219044102113671,9,11.03473227206947,0.6111111111111077,1
971,0,-6.359472326844879,6.359472326844879,12.718944653689759,10.91930951425129,8.437990580847721,7.845433255269313,88.78787878787875,1.0534237937047115,11.952191235059761,2.06424599407109,9,10.612097066280327,0.026315789473687515,0
972,0,-6.303404007553475,6.303404007553475,12.60680801510695,10.86082059533388,8.205732234000802,6.2451811873554455,87.2727272727273,1.0784402920237195,11.97387518142235,1.9939841766600457,10,10.449927431059509,0.13157894736841624,0
973,0,-6.823475287883177,6.823475287883177,13.646950575766354,12.424364663170637,9.251274010192086,7.689335394126736,96.66666666666663,1.100475646691933,11.840688912809473,1.9872401837069278,10,11.445999282382484,0.7209302325581332,1
974,0,-7.121755364280505,7.121755364280505,14.24351072856101,12.39470517448856,9.968602825745679,8.227114716106591,100.0,1.114625239503322,12.014260249554368,2.0173733901672195,10,12.014260249554368,0.3846153846153761,1
975,0,-7.359598451666203,7.359598451666203,14.719196903332406,13.228789706473657,10.17214397496087,8.30769230769231,89.92248062015504,1.1806211789389367,13.742897727272718,2.313219989981517,10,12.357954545454538,0.18644067796609695,1
976,0,-6.878730218874521,6.878730218874521,13.757460437749042,12.141992739007668,8.848864526233363,7.294480895407177,80.62015503875968,1.2672194275076214,13.92086330935251,2.4879222622394583,11,11.223021582733805,0.5901639344262268,0
977,0,-6.836922585465619,6.836922585465619,13.673845170931237,11.696141479099662,8.385335413416534,7.421724004638573,80.36175710594311,1.2413846221694707,13.925872616048931,2.377042335497109,11,11.191075926592289,0.04000000000000555,0
978,0,-7.133858425536515,7.133858425536515,14.26771685107303,12.184368737474951,8.74125874125874,7.118254879448909,85.27131782945742,1.2367890902970609,13.83130807719799,2.215313844903454,11,11.794138670478912,0.5555555555555569,1
979,0,-6.823805232366861,6.823805232366861,13.647610464733722,11.561621838619013,7.2558857583944345,6.3935681470137675,80.36175710594311,1.2282672690707162,13.925872616048931,1.9387006171723986,11,11.191075926592289,0.6785714285714457,0
980,0,-6.717467480816419,6.717467480816419,13.434934961632838,11.935483870967735,7.471931862175767,4.400150432493415,79.32816537467706,1.1859359492848847,13.945945945945937,1.777112277179827,12,11.063063063063062,0.1764705882352911,0
981,0,-6.8783365647229,6.8783365647229,13.7566731294458,12.062726176115799,8.317139525845308,5.289006422364939,82.17054263565889,1.1712296013345354,13.890882986360364,1.7102001685740988,12,11.414213926776732,0.41379310344827175,1
982,0,-6.42000502206726,6.42000502206726,12.84001004413452,10.958904109589046,6.7855758045754095,3.1460674157303323,74.16020671834627,1.2112935883104539,14.047186932849357,1.5998243376592902,12,10.41742286751361,0.7441860465116247,0
983,0,-6.805697832348188,6.805697832348188,13.611395664696376,12.011285771866168,8.852330591461012,3.926701570680614,80.36175710594311,1.2101598690520465,13.925872616048931,1.577524710711748,12,11.191075926592289,0.6486486486486385,1
984,0,-6.340181056073067,6.340181056073067,12.680362112146135,10.859911182882524,8.795562599049127,2.615844544095672,72.35142118863051,1.2455667911531314,14.082969432314401,1.56145616766,13,10.189228529839879,0.7857142857142776,0
985,0,-6.297859943166976,6.297859943166976,12.595719886333953,10.954490535642373,9.282030940103144,2.8368794326241176,73.87862796833781,1.2180341086241564,13.751814223512335,1.244247458338122,13,10.15965166908564,0.2800000000000042,1
986,0,-6.608679653246866,6.608679653246866,13.217359306493732,11.70555108608206,10.417495029821078,2.585888437384549,79.15567282321898,1.2052214399903838,13.652737752161384,0.9770195397088449,13,10.806916426512966,0.6562499999999941,1
987,0,-6.874368293543903,6.874368293543903,13.748736587087807,12.123645122440777,9.101562499999988,1.5636363636363664,84.08488063660484,1.203527506424047,13.488372093023246,0.9808393692351572,13,11.341681574239713,0.47222222222222454,1
988,0,-6.576412195111078,6.576412195111078,13.152824390222156,12.2078968573731,9.044635865309331,1.531170251549396,80.6970509383378,1.168578921665154,13.402802730865975,0.9822262282404858,14,10.815666546891846,0.5555555555555636,0
989,0,-6.063579143452997,6.063579143452997,12.127158286905994,9.649122807017546,8.012568735271003,-0.5424954792043493,71.31367292225205,1.2236955917790495,13.573508005822418,0.9344755684343964,14,9.679767103347896,0.6875000000000028,0
990,0,-5.989168780430308,5.989168780430308,11.978337560860616,8.228346456692913,7.424775302852679,-0.5066956207021241,71.08108108108112,1.2038703815947902,13.464337700145565,0.9841187646123667,14,9.57059679767104,0.03846153846154359,1
991,0,-5.949965312749337,5.949965312749337,11.899930625498675,8.01886792452831,6.635622817229342,-0.2902757619738822,71.08108108108112,1.1646669139138155,13.464337700145565,0.915082391311925,14,9.57059679767104,0.0,0
992,0,-5.9724501877247045,5.9724501877247045,11.944900375449409,9.163030543435157,7.626124364489649,-1.2558306422676668,72.16216216216222,1.1214327458642321,13.444767441860469,0.8245445429169227,15,9.702034883720941,0.2500000000000068,1
993,0,-6.048267434268084,6.048267434268084,12.096534868536168,10.055865921787712,7.482462977396722,-1.5703069236259735,74.05405405405413,1.0827001997628225,13.410656034795219,0.8345651536709529,15,9.931134469010523,0.3529411764705822,1
994,0,-5.851871700584668,5.851871700584668,11.703743401169335,10.18444266238973,7.427677873338548,-2.4147727272727244,71.08108108108112,1.066573301749147,13.464337700145565,0.7836963219768739,15,9.57059679767104,0.5,0
995,0,-5.814193786252186,5.814193786252186,11.628387572504373,10.024057738572566,7.819253438113948,-1.2949640287769788,70.8108108108108,1.0453550530887334,13.469239170003643,0.7343264638229788,15,9.537677466326905,0.19047619047619735,0
996,0,-5.561856316799179,5.561856316799179,11.123712633598357,8.418972332015812,7.822327044025173,-1.2954300107952348,68.50828729281768,1.0379599286196837,13.206858810653044,0.7613734065827417,16,9.04779277635899,0.1599999999999875,0
997,0,-5.4153804870403555,5.4153804870403555,10.830760974080711,7.613814756671906,7.9527559055118076,-2.036441586280806,68.07909604519776,1.0207780070987074,12.910284463894955,0.6995011883900158,16,8.789204959883293,0.04545454545455173,1
998,0,-5.3945673867104444,5.3945673867104444,10.789134773420889,8.297115764519958,7.532365633581793,-1.3673983447283138,68.07909604519776,0.9999649067687957,12.910284463894955,0.6548979595228978,16,8.789204959883293,0.050000000000006505,0
999,0,-5.373281315209639,5.373281315209639,10.746562630419279,8.201892744479489,7.3972602739726,-1.1527377521613802,68.36158192090402,0.9620527333649418,12.905577834487774,0.6420832930569407,16,8.822457163689391,0.153846153846141,1
1000,0,-5.188067493049515,5.188067493049515,10.37613498609903,7.722616233254531,6.796874999999987,-1.9016864011481913,65.53672316384186,0.9436474418237528,12.952799121844116,0.5689091237955228,17,8.488840102451519,0.5000000000000241,0
1001,0,-5.263309079449119,5.263309079449119,10.526618158898238,8.343218663503354,6.947697111631529,-0.5083514887436501,67.23163841807913,0.9186577468459847,12.924424972617732,0.5708580819673134,17,8.689302665206275,0.41176470588232894,1
1002,0,-5.356769628996435,5.356769628996435,10.71353925799287,7.982697601258358,5.859676175790294,-1.1874775098956318,69.49152542372879,0.8791576886979289,12.886785584273744,0.5693752346581852,17,8.955223880597005,0.6363636363636579,1
1003,0,-5.128425128568596,5.128425128568596,10.256850257137192,7.089698394046209,5.641421947449763,-0.4369992716678911,65.81920903954799,0.8672693129138813,12.948061448427204,0.5278970332664051,17,8.522311631309426,0.7222222222222302,0
1004,0,-5.174581075459892,5.174581075459892,10.349162150919785,7.327586206896555,5.793742757821551,-0.5807622504537189,67.23163841807913,0.829929742856756,12.924424972617732,0.49010230562370893,18,8.689302665206275,0.5000000000000216,1
1005,0,-5.094802327534993,5.094802327534993,10.189604655069987,7.0450097847358135,5.192307692307698,-1.5124234785739985,66.3841807909605,0.8002116842601433,12.938596491228058,0.48324926333927093,18,8.589181286549707,0.3636363636363672,0
1006,0,-5.289246198247799,5.289246198247799,10.578492396495598,8.310358408822363,6.136626785025081,-1.5395631936985346,70.05649717514129,0.7785150232750808,12.87740996726081,0.40715180896474273,18,9.021462349945434,0.9333333333333237,1
1007,0,-5.1342521339131055,5.1342521339131055,10.268504267826211,8.600871977804191,5.914186316196364,-1.6157989228007301,67.79661016949152,0.7562878872877874,12.914994527544682,0.38648624181952357,18,8.755928493250629,0.8181818181818361,0
1008,0,-4.943715496800775,4.943715496800775,9.88743099360155,7.859399684044233,4.515882127822429,-0.690909090909088,64.68926553672311,0.7495763026615839,12.967032967032956,0.3895429881759242,19,8.388278388278374,0.5882352941176455,0
1009,0,-4.648716365925505,4.648716365925505,9.29743273185101,7.066719305171729,3.828483920367528,-1.3459439796289612,59.6045197740113,0.7585983718252107,13.053097345132732,0.42486991163000265,19,7.780235988200583,0.8181818181818128,0
1010,0,-4.501483647721301,4.501483647721301,9.002967295442602,6.62721893491125,1.6547574276043702,-1.637554585152835,57.0621468926554,0.7648946725085781,13.096559378468358,0.47624779867928974,19,7.47317795042545,0.4090909090909064,0
1011,0,-4.495393963896839,4.495393963896839,8.990787927793678,6.748224151539076,2.191159803551186,-1.7078488372093086,57.34463276836153,0.7416957390447728,13.09171597633135,0.4917043169229722,19,7.507396449704129,0.1666666666666546,1
1012,0,-4.423549178053144,4.423549178053144,8.847098356106288,6.45923591965341,1.2359550561797767,-1.9941986947063062,56.497175141242884,0.7212167085973947,13.10625694187337,0.4927948612196226,20,7.404664938911503,0.08333333333330623,0
1013,0,-4.556876082080369,4.556876082080369,9.113752164160738,7.032793362307397,1.3089005235602047,-1.4192139737991256,58.75706214689266,0.7178210802346757,13.067552602436313,0.48819002641312664,20,7.678110003691393,0.4210526315789594,1
1014,0,-4.59900755575337,4.59900755575337,9.19801511150674,7.403008709422015,1.3826606875934284,-1.129737609329438,59.88700564971755,0.6918936596973443,13.048286030224832,0.49701350724382676,20,7.814227792112051,0.400000000000026,1
1015,0,-4.659476439710542,4.659476439710542,9.318952879421085,7.5613618368962685,1.4184397163120508,-0.9478672985782141,61.29943502824856,0.6675706266126785,13.024282560706391,0.4977867194220841,20,7.983811626195723,0.3999999999999653,1
1016,0,-4.77818979084488,4.77818979084488,9.55637958168976,7.865612648221341,0.8127077946065712,-0.4741064916119617,63.27683615819208,0.6680980477256192,12.990825688073384,0.5052031144751117,21,8.220183486238525,0.5789473684210634,1
1017,0,-4.942997475598852,4.942997475598852,9.885994951197704,7.553107789142404,-0.5818181818181802,-0.2553812477198126,66.10169491525424,0.6651181337341352,12.943327239488106,0.502879239261416,21,8.555758683729426,0.5,1
1018,0,-5.171965786127871,5.171965786127871,10.343931572255743,7.852375343541426,0.14582573824278758,0.10932944606413865,70.05649717514129,0.6612346111551514,12.87740996726081,0.48068855733621846,21,9.021462349945434,0.6666666666666666,1
1019,0,-5.147393982606868,5.147393982606868,10.294787965213736,8.136792452830194,-0.5063291139240551,0.621799561082666,69.77401129943503,0.6532163989096401,12.882096069868984,0.4698871282454742,21,8.988355167394463,0.13333333333331984,1
1020,0,-5.221898086799663,5.221898086799663,10.443796173599326,8.212180746561886,-0.32573289902279745,0.5109489051094935,71.4689265536723,0.6285792777945837,12.854030501089314,0.381462384586153,22,9.186637618010158,0.6666666666666666,1
1021,0,-5.245811613715573,5.245811613715573,10.491623227431147,8.202511773940344,0.036284470246723474,0.4005826656955471,72.0338983050848,0.619541657256938,12.844702467343966,0.36214362783662785,22,9.252539912917271,0.21428571428570986,1
1022,0,-5.127193207693543,5.127193207693543,10.254386415387087,7.970160973694545,-1.3275923932544005,0.5852231163130928,70.33898305084742,0.59992048042082,12.872727272727264,0.3692719298824557,22,9.054545454545442,0.6666666666667148,0
1023,0,-5.112913173377767,5.112913173377767,10.225826346755534,7.800862406899253,-1.8558172733761586,0.40160642570280125,70.33898305084742,0.5856404461050465,12.872727272727264,0.36506240133932,22,9.054545454545442,0.0,0
1024,0,-5.371011110922453,5.371011110922453,10.742022221844906,8.477237048665621,-1.8465909090909078,1.06032906764168,74.29378531073446,0.6134134264072627,12.80752532561504,0.45455724908928374,23,9.515195369030383,0.5,1
1025,0,-5.312287764207214,5.312287764207214,10.624575528414429,8.020344287949916,-0.683453237410069,0.4000000000000058,73.44632768361583,0.6038487928200384,12.82144150670046,0.4538753181212529,23,9.41687794277435,0.2307692307692282,0
1026,0,-5.254852812113331,5.254852812113331,10.509705624226662,7.94831636648395,-0.7916516732637598,0.6204379562043828,72.88135593220343,0.5792457080901373,12.830735773831087,0.4413343588124714,23,9.351214208046391,0.5714285714285803,0
1027,0,-5.209487688793942,5.209487688793942,10.418975377587884,7.4492979719188845,-1.5719899964272872,0.878798974734535,72.31638418079093,0.5667600863275021,12.840043525571263,0.446419351192153,23,9.285455204932887,0.3636363636363816,0
1028,0,-5.15720114737008,5.15720114737008,10.31440229474016,7.070707070707083,-0.8276358402302838,1.6224188790560548,71.75141242937856,0.5474007843936732,12.849364791288556,0.43577489394572627,0,9.219600725952809,0.12499999999996612,0
1029,0,-5.275813569180182,5.275813569180182,10.551627138360365,6.59976842917793,-0.504322766570594,2.1827598964113957,73.72881355932208,0.5509764945965505,12.816799420709621,0.4470612742055426,0,9.449674149167269,0.4117647058823544,1
1030,0,-5.239563040827003,5.239563040827003,10.479126081654005,6.8137824235385365,-1.0046645138141304,1.9963031423290287,72.88135593220343,0.5639559368038043,12.830735773831087,0.4808384847316285,0,9.351214208046391,0.14999999999999783,0
1031,0,-5.189389580793648,5.189389580793648,10.378779161587296,7.112320248736882,0.07262164124910186,1.9607843137254937,72.0338983050848,0.5631196243350114,12.844702467343966,0.49293332200008194,0,9.252539912917271,0.1999999999999942,0
1032,0,-5.1281003400299685,5.1281003400299685,10.256200680059937,6.552927491275683,-1.1155091759625686,1.4396456256921364,70.90395480225992,0.5677805725881125,12.863372093023246,0.5320446213871804,1,9.120639534883718,0.47058823529412663,0
1033,0,-5.2130399959819735,5.2130399959819735,10.426079991963947,8.068938503721112,0.4734158776402036,1.695539992628088,72.31638418079093,0.5703123935155273,12.840043525571263,0.5387552748531683,1,9.285455204932887,0.4117647058823544,1
1034,0,-5.465808282105216,5.465808282105216,10.931616564210431,9.627575277337549,0.4355716878402852,1.84026499815974,76.27118644067798,0.5939208768363667,12.775171418260545,0.5010668796871799,1,9.743774810537706,0.3846153846153859,1
1035,0,-5.518527972877125,5.518527972877125,11.03705594575425,10.07536691788974,-0.07202016564637494,1.6855991205569818,77.40112994350287,0.5815910359401911,12.756756756756745,0.4810006207656529,1,9.87387387387387,0.400000000000026,1
1036,0,-5.635770664276528,5.635770664276528,11.271541328553056,10.65606361829026,-0.3580379520229154,1.7922457937088514,79.66101694915253,0.5692956373272003,12.720086237872788,0.5074011872099377,2,10.132950053898659,0.6666666666666546,1
1037,0,-5.865890670178778,5.865890670178778,11.731781340357555,9.140624999999993,0.32315978456013983,1.7109574080815495,83.61581920903957,0.5745070448659475,12.656417590275284,0.5133841646946091,2,10.582767250625665,0.5789473684210634,1
1038,0,-5.4372932364538595,5.4372932364538595,10.874586472907719,9.631949882537203,1.818181818181823,1.7811704834605597,82.62195121951225,0.5945484187269143,11.722659042172971,0.6570179183604018,2,9.685489635453894,0.125,1
1039,0,-5.617812749396646,5.617812749396646,11.235625498793292,10.290652003142187,2.1462349945434713,1.9607843137254986,85.97560975609754,0.5982328277163398,11.676753292986819,0.6437753254213185,2,10.039159843360617,0.5263157894736878,1
1040,0,-5.939221766258772,5.939221766258772,11.878443532517544,10.47284095349746,2.8748180494905413,2.538991657598846,91.76829268292678,0.6174395880409573,11.59830268741159,0.7777464312494426,3,10.64356435643563,0.6923076923077013,1
1041,0,-5.794371616514698,5.794371616514698,11.588743233029396,9.351959642995745,2.3982558139534915,2.472727272727286,88.71951219512204,0.6311352786864479,11.63946061036195,0.837098547529462,3,10.326472675656493,0.45454545454543843,0
1042,0,-5.873659697475697,5.873659697475697,11.747319394951393,10.44192412983967,2.393038433647574,2.6909090909091016,90.54878048780493,0.615161113906296,11.61473087818696,0.8039536515815906,3,10.516997167138808,0.5,1
1043,0,-5.779247828858452,5.779247828858452,11.558495657716904,9.937646141855028,2.6564774381368323,2.062228654124464,89.02439024390243,0.6001062893054264,11.635331677899956,0.8312320153169318,3,10.358283079106057,0.27272727272726555,0
1044,0,-6.1161398677647005,6.1161398677647005,12.232279735529401,10.985144644253324,3.4620991253644324,2.825063382832305,95.1219512195122,0.6212472999591387,11.553363860514256,0.844796871865811,4,10.989785135611124,0.7407407407407515,1
1045,0,-5.733302182741067,5.733302182741067,11.466604365482134,10.412573673870336,2.4425811155668895,1.9223793978962673,86.58536585365859,0.6817191162166979,11.668445393098532,1.0605227093450926,4,10.103166133048735,0.7435897435897427,0
1046,0,-5.629480191221309,5.629480191221309,11.258960382442618,10.259433962264167,2.2975929978118206,1.8148820326678812,84.14634146341463,0.7061837231513881,11.70174812700677,1.1558341149592053,4,9.846592936139842,0.2142857142857132,0
1047,0,-5.891529673727905,5.891529673727905,11.78305934745581,11.062992125984252,2.9186428310835537,2.3584905660377338,88.71951219512204,0.7282933358996612,11.63946061036195,1.1995656152837004,4,10.326472675656493,0.6000000000000058,1
1048,0,-5.795940414507537,5.795940414507537,11.591880829015073,10.592389172224395,2.733236151603498,2.0637219406227283,88.23529411764711,0.737367464560783,11.466098686545969,1.1335092943729796,5,10.117145899893506,0.04166666666665462,1
1049,0,-8.29352447828529,8.29352447828529,16.58704895657058,2.778864970645788,-3.9502560351133877,-4.820587169264237,58.51449275362318,2.143486397554142,21.02056359482102,2.480479123151811,5,12.300076161462298,0.36872586872586893,0
1050,0,-7.765906895553744,7.765906895553744,15.531813791107488,1.0937499999999927,-5.547445255474445,-6.095791001451385,51.63043478260872,2.259724515337361,21.32921174652241,2.7617213182073423,5,11.01236476043277,0.43678160919540127,0
1051,0,-7.3689735542882175,7.3689735542882175,14.737947108576435,0.07806401249023542,-6.627822286962866,-6.6957787481805005,47.82608695652172,2.2267842282266725,21.503700818075576,2.8413398892932045,5,10.284378652123099,0.6000000000000086,0
1052,0,-7.558094956295018,7.558094956295018,15.116189912590036,-0.46260601387817496,-5.559619604974389,-6.4153678869155515,50.5434782608696,2.155306420276427,21.378776142525172,2.922815487964475,6,10.805577072037186,0.4166666666666737,1
1053,0,-7.14132357067548,7.14132357067548,14.28264714135096,-1.0432766615146876,-6.49872216137277,-7.4448861582941825,46.7391304347826,2.1042286858648565,21.55408043732917,3.018290405773783,6,10.074189769621242,0.6774193548387111,0
1054,0,-7.2332838713202285,7.2332838713202285,14.466567742640457,-0.7338740826574103,-6.032906764168198,-7.387387387387398,48.731884057971044,2.0038904032020297,21.461897356143076,3.045669667350699,6,10.458786936236397,0.4285714285714197,1
1055,0,-7.383405559527399,7.383405559527399,14.766811119054799,-0.6153846153846136,-6.0363636363636335,-7.1505569529284925,50.90579710144928,1.9460990579794089,21.36222910216718,2.919734121032445,6,10.874613003095975,0.3529411764705822,1
1056,0,-7.469676838856162,7.469676838856162,14.939353677712324,0.15438054805094933,-5.291970802919699,-7.122405153901215,52.898550724637715,1.843472599935158,21.271676300578033,2.8581118494042137,7,11.25240847784201,0.6875000000000119,1
1057,0,-6.894239624966874,6.894239624966874,13.788479249933747,-1.082334750676452,-6.298059318930789,-8.607142857142854,46.55797101449281,1.8747083749668687,21.5625,2.8609351309128463,7,10.03906250000001,0.7199999999999983,0
1058,0,-7.048200952720488,7.048200952720488,14.096401905440976,-1.5308075009567423,-5.125368731563414,-8.368945868945868,48.91304347826092,1.801407326603114,21.453556160124364,2.8580697839406146,7,10.493587252234756,0.5200000000000028,1
1059,0,-7.484771979453926,7.484771979453926,14.969543958907852,-0.3828483920367544,-3.736588975212725,-7.958967102935972,54.16666666666671,1.7391916566253305,21.214450422751728,1.50349187796029,7,11.491160645657194,0.9354838709677469,1
1060,0,-7.499723295820786,7.499723295820786,14.999446591641572,-1.9180142910868683,-3.5859519408502725,-7.452093683463453,55.25362318840583,1.652330657783974,21.16564417177914,1.043591985608202,8,11.694785276073626,0.3999999999999884,1
1061,0,-7.45267155504948,7.45267155504948,14.90534311009896,-1.3978088401964541,-3.440621531631528,-7.577903682719554,55.61594202898551,1.57144550140963,21.149425287356323,0.8948913987330339,8,11.762452107279692,0.14285714285712958,1
1062,0,-7.1598994181896165,7.1598994181896165,14.319798836379233,-2.808988764044943,-4.208194905869322,-8.011343495214465,52.898550724637715,1.533695179268614,21.271676300578033,0.8114327522338637,8,11.25240847784201,0.6249999999999887,0
1063,0,-6.942071978115882,6.942071978115882,13.884143956231764,-3.3657442034405474,-4.754883892370077,-8.982035928143715,50.7246376811594,1.5220177775738815,21.37049941927991,0.7662674022106734,8,10.840108401084006,0.3333333333333377,0
1064,0,-6.69317470987429,6.69317470987429,13.38634941974858,-3.8863976083707,-5.336768494663223,-8.469750889679712,48.731884057971044,1.4637812417560916,21.461897356143076,0.6919327594703384,9,10.458786936236397,0.7333333333333237,0
1065,0,-6.672116750856613,6.672116750856613,13.344233501713227,-3.9567002612915174,-5.716379626236712,-8.270944741532976,48.91304347826092,1.4253231247392344,21.453556160124364,0.6764117222779781,9,10.493587252234756,0.04166666666667194,1
1066,0,-6.751968594658845,6.751968594658845,13.50393718931769,-4.654599187292214,-5.596196049743963,-8.507621410847225,50.362318840579725,1.366459102214055,21.38705927934909,0.6313058098413246,9,10.77101898488958,0.47058823529410115,1
1067,0,-6.092899371917355,6.092899371917355,12.18579874383471,-7.6,-7.499089916272299,-9.861653068463996,43.1159420289855,1.4097037796308582,21.723730814639904,0.6759904066620622,9,9.366391184573,0.9302325581395452,0
1068,0,-6.237163724160962,6.237163724160962,12.474327448321924,-7.036091870215093,-7.306434023991268,-2.894135567402882,44.74637681159425,1.3940264692589952,21.64705882352941,0.82523902845947,10,9.686274509803932,0.281250000000011,1
1069,0,-5.781978080595878,5.781978080595878,11.563956161191756,-8.752260397830018,-8.387799564270148,-2.5115919629057166,40.03623188405802,1.4040066067448411,21.870047543581613,0.8288930201735975,10,8.75594294770207,0.7941176470588228,0
1070,0,-5.65824185039258,5.65824185039258,11.31648370078516,-9.048136083966696,-8.850199492201662,-1.9890795631825207,38.04347826086959,1.479968869891186,21.965777954635893,1.1568464545110384,10,8.356545961002789,0.18333333333333682,0
1071,0,-6.17480900894895,6.17480900894895,12.3496180178979,-7.764876632801168,-7.563636363636358,-1.549186676994582,43.297101449275374,1.4737861922691688,21.71518489378442,1.245252565714515,10,9.402045633359563,0.7073170731707263,1
1072,0,-5.762549277486594,5.762549277486594,11.525098554973187,-9.58019375672766,-8.363636363636354,-1.6009371339320504,39.31159420289859,1.4569937219310363,21.9047619047619,1.2679538722577428,11,8.611111111111118,0.8148148148148071,0
1073,0,-5.6066346837839784,5.6066346837839784,11.213269367567957,-10.278372591006411,-9.044862518089717,-2.1789883268482346,38.224637681159464,1.4101350815564482,21.957040572792362,1.254481241007522,11,8.39299920445506,0.3157894736842081,0
1074,0,-5.578186314314899,5.578186314314899,11.156372628629798,-10.653409090909088,-8.873596522998913,-2.631578947368418,38.58695652173915,1.3452769343466908,21.939586645468996,1.2811555346588956,11,8.46581875993641,0.153846153846141,1
1075,0,-6.044209226947614,6.044209226947614,12.088418453895228,-8.561151079136689,-7.798331519767861,-2.0423892100192713,44.09594095940961,1.3431864102678306,21.32179386309992,1.4214488947012194,11,9.402045633359563,0.6842105263157918,1
1076,0,-5.746139920676998,5.746139920676998,11.492279841353996,-9.068010075566738,-8.275862068965512,-1.2504884720593947,41.32841328413289,1.3140069566880745,21.448357736446376,1.5160250032054983,12,8.864265927977847,0.7142857142857143,0
1077,0,-5.877764585116281,5.877764585116281,11.755529170232561,-9.360485887817067,-7.946298984034833,-1.399144966964633,43.1734317343174,1.266018428238075,21.363815530153722,1.4335492224676687,12,9.223492313756415,0.5555555555555503,1
1078,0,-5.876112311071995,5.876112311071995,11.75222462214399,-8.600215905001786,-8.037653874004343,-2.3827824750192157,43.72693726937274,1.2107579803633284,21.338582677165352,1.2639383217479432,12,9.330708661417331,0.2307692307692282,1
1079,0,-5.738505708411238,5.738505708411238,11.477011416822476,-8.789625360230543,-8.227618702428423,-2.9141104294478573,42.61992619926197,1.1804946586874816,21.38910812943962,1.2328044494014816,12,9.11602209944751,0.4210526315789594,0
1080,0,-5.473674138564142,5.473674138564142,10.947348277128285,-9.544312881234308,-8.526850507982598,-3.409961685823759,40.22140221402212,1.1499930596272179,21.49940499801666,0.8110631633188028,13,8.647362157873856,0.7647058823529367,0
1081,0,-5.748880076106844,5.748880076106844,11.497760152213688,-7.915758896151049,-7.714701601164481,-2.2736030828516385,43.1734317343174,1.1371339192286396,21.363815530153722,0.7249301331161216,13,9.223492313756415,0.5555555555555627,1
1082,0,-5.770635933354329,5.770635933354329,11.541271866708659,-8.636200071968327,-7.97390358825662,-1.7414860681114512,43.72693726937274,1.105281602645662,21.338582677165352,0.7038712963868144,13,9.330708661417331,0.11111111111110308,1
1083,0,-5.622218419074695,5.622218419074695,11.24443683814939,-7.793153678077211,-8.492952656306468,-1.5552099533437054,42.250922509225106,1.1001015154412024,21.40600315955766,0.6790922672571121,13,9.044233807266984,0.3200000000000097,0
1084,0,-5.659410481509737,5.659410481509737,11.318820963019474,-7.912885662431937,-8.576576576576574,-1.399144966964633,43.1734317343174,1.0476643246315283,21.363815530153722,0.6565159612055372,14,9.223492313756415,0.5000000000000216,1
1085,0,-5.232776272705027,5.232776272705027,10.465552545410054,-9.614692113791858,-9.809558030901897,-2.7508717551336646,38.376383763837694,1.0910000879180866,21.58502588610115,0.5606133521230805,14,8.283552369573885,0.7105263157894797,0
1086,0,-5.21819596991328,5.21819596991328,10.43639193982656,-10.060866451843896,-10.093056549749466,-1.1412829594647755,38.56088560885609,1.0581641227795182,21.576433121019107,0.5231466541593327,14,8.320063694267516,0.06249999999998136,1
1087,0,-5.238722169653169,5.238722169653169,10.477444339306338,-9.694793536804317,-10.178571428571432,-1.3725490196078551,39.11439114391143,1.0240104400308996,21.5506958250497,0.502949939747373,14,8.42942345924453,0.1999999999999942,1
1088,0,-5.151843190878366,5.151843190878366,10.303686381756732,-8.690909090909079,-10.576923076923075,-0.47562425683709303,38.56088560885609,0.9918113437446039,21.576433121019107,0.4977934707697565,15,8.320063694267516,0.285714285714268,0
1089,0,-5.010505964009911,5.010505964009911,10.021011928019822,-8.839578028373959,-11.354793066855327,-0.27855153203342864,37.4538745387454,0.9602266344009744,21.628092577813245,0.4966950774195867,15,8.10055865921788,0.4615384615384564,0
1090,0,-5.031962385951095,5.031962385951095,10.06392477190219,-8.733624454148478,-11.000709723207962,-1.337529504327308,37.82287822878227,0.9450405358713528,21.61084529505582,0.5365458430921612,15,8.173843700159486,0.10526315789472843,1
1091,0,-5.043867031676336,5.043867031676336,10.087734063352672,-8.757267441860462,-11.083569405099146,-0.3571428571428529,38.376383763837694,0.9020908468893899,21.58502588610115,0.5055401513904545,15,8.283552369573885,0.33333333333336546,1
1092,0,-4.896364431623992,4.896364431623992,9.792728863247984,-9.209572153734586,-11.237149946827365,-0.39777247414479017,37.08487084870853,0.8827861568636006,21.64536741214057,0.5247114133943642,16,8.027156549520775,0.4666666666666628,0
1093,0,-4.912109650502337,4.912109650502337,9.824219301004675,-8.806404657933044,-11.729482212046493,-0.397456279809222,37.4538745387454,0.8618303208933973,21.628092577813245,0.5338439044146647,16,8.10055865921788,0.13333333333331984,1
1094,0,-5.042524951530435,5.042524951530435,10.08504990306087,-8.381924198250719,-10.533807829181487,-1.1014948859165938,38.92988929889304,0.8460253493029056,21.559268098647568,0.5506708386807777,16,8.39299920445506,0.4705882352941387,1
1095,0,-5.2263027005917255,5.2263027005917255,10.452605401183451,-7.947502734232604,-9.98217468805705,-0.07914523149981263,40.959409594095945,0.8302630966313316,21.465346534653467,0.48218109426110045,16,8.792079207920791,0.6470588235293923,1
1096,0,-5.1007195619876295,5.1007195619876295,10.201439123975259,-8.09628008752735,-10.66997518610422,-0.6700827749310243,40.036900369003725,0.7951640064320713,21.507936507936503,0.4615251533721997,17,8.611111111111118,0.6249999999999594,0
1097,0,-5.039418269905665,5.039418269905665,10.07883653981133,-8.135716891645389,-10.677545228804544,-0.866141732283477,39.66789667896678,0.7701569513989185,21.52501985702939,0.4602763414846623,17,8.5385226370135,0.18181818181820333,0
1098,0,-5.006252274450658,5.006252274450658,10.012504548901315,-8.345481049562684,-4.226961157654227,-0.6714060031595611,39.48339483394838,0.7551597039301949,21.533571712355975,0.4459696097141442,17,8.502185141040929,0.21428571428570986,0
1099,0,-5.479644281002026,5.479644281002026,10.959288562004051,-7.022677395757129,-1.777434312210202,0.8330027766759297,44.09594095940961,0.7786214643222411,21.32179386309992,0.45106740989979527,17,9.402045633359563,0.8620689655172378,1
1100,0,-5.381918409039535,5.381918409039535,10.76383681807907,-7.372262773722625,-1.0140405616224641,0.0788643533122962,43.357933579335786,0.752288779409906,21.355397951142628,0.41383125743037985,18,9.25925925925926,0.4000000000000087,0
1101,0,-5.452531205770763,5.452531205770763,10.905062411541525,-7.392571012381648,-1.5104570100697121,0.15754233950374547,44.280442804428084,0.733695185322466,21.31340935902477,0.4041375184190135,18,9.437672040896587,0.38461538461540257,1
1102,0,-5.662712584052986,5.662712584052986,11.325425168105973,-6.54718361375274,-0.23428348301444474,0.9083728278041081,46.49446494464946,0.7312057347379199,21.2133072407045,0.4283693970143442,18,9.863013698630139,0.6315789473684162,1
1103,0,-5.462811035315996,5.462811035315996,10.925622070631992,-7.155896312522818,-1.0505836575875362,0.23649980291682807,44.280442804428084,0.7439750148677052,21.31340935902477,0.3953165369191518,18,9.437672040896587,0.5454545454545311,0
1104,0,-5.510546581875355,5.510546581875355,11.02109316375071,-6.873857404021947,-1.4318885448916463,1.4741035856573588,45.01845018450182,0.7205976223150902,21.27993718099725,0.3680596273664,19,9.57989791912053,0.3636363636363278,1
1105,0,-5.605721780327768,5.605721780327768,11.211443560655535,-7.1636363636363525,-1.618497109826587,1.6321656050955506,46.125461254612595,0.7095212319533023,21.22992557775166,0.4147294133119246,19,9.79240109674893,0.4000000000000289,1
1106,0,-5.539168071913122,5.539168071913122,11.078336143826244,-6.934306569343053,-0.35169988276670155,1.391650099403591,45.57195571955725,0.6960308170111527,21.254901960784313,0.4001079523883463,19,9.686274509803932,0.2307692307692282,0
1107,0,-5.391520219847131,5.391520219847131,10.783040439694261,-6.957158549981695,-1.2436844150796869,1.194743130226987,44.09594095940961,0.6904974031673524,21.32179386309992,0.3921841862478297,19,9.402045633359563,0.6000000000000115,0
1108,0,-9.430258850721959,9.430258850721959,18.860517701443918,-21.718289085545727,-18.40891621829363,-15.283320031923386,27.17171717171717,3.097867136974317,46.61016949152541,7.565529490647358,20,12.664783427495289,0.6046176046176049,0
1109,0,-9.593883486995066,9.593883486995066,19.187766973990133,-39.437661857195714,-37.23159509202454,-34.72886762360446,7.356321839080472,6.659898156921712,79.7677261613692,8.897326062199731,20,5.8679706601467085,0.7268656716417908,0
1211,1,27.711723905434262,13.855861952717131,27.711723905434262,0.8460236886632848,6.049822064056945,7.387387387387391,66.1261261261261,3.6044653046724355,31.00558659217878,2.198270278449855,21,20.502793296089383,0.4133333333333334,0
1212,1,21.827026556672617,10.913513278336309,21.827026556672617,-5.201698513800424,6.3728409767718945,8.308065494238932,57.54923413566737,3.5424370451524494,25.616591928251133,2.462120885011082,22,14.742152466367713,0.08695652173912777,0
1213,1,21.645154057717136,10.822577028858568,21.645154057717136,-3.1470428648941997,6.123662306777647,6.9502696225284595,57.76805251641134,3.42761904566529,25.602240896358552,2.613179681371385,22,14.78991596638655,0.02857142857142627,1
1214,1,20.082951670985505,10.041475835492752,20.082951670985505,-5.498652291105126,5.095923261390888,4.907241172950331,52.84738041002278,3.424248225680998,25.042783799201366,2.760546363102424,22,13.234455219623504,0.7111111111111107,0
1215,1,20.880096001210813,10.440048000605406,20.880096001210813,-1.1692650334075705,7.575757575757583,5.154028436018961,57.8587699316629,3.2851184231406134,24.732394366197177,2.800612029337241,22,14.309859154929583,0.6111111111111138,1
1216,1,19.100074688443843,9.550037344221922,19.100074688443843,1.9953051643192463,4.196642685851317,3.8231780167264064,48.97494305239179,3.3576410308578697,25.288018433179722,2.076972651678595,23,12.384792626728105,0.6379310344827622,0
1217,1,17.592612982648898,8.796306491324449,17.592612982648898,-2.18516388729155,1.6736401673640187,1.370679380214542,41.00227790432803,3.5053012003191566,25.80834803057025,1.7663630259209908,23,10.582010582010584,0.45454545454545275,0
1218,1,17.187650335714924,8.593825167857462,17.187650335714924,1.431980906921237,-1.5063731170336152,1.3110846245530323,40.546697038724375,3.355449652848631,25.83872866391995,1.3065469723425949,23,10.476751030017658,0.043478260869570955,0
1219,1,16.11168971076036,8.05584485538018,16.11168971076036,-0.473092844470726,-0.473092844470726,0.17857142857142644,36.90205011389523,3.243010630781245,26.08437314319667,1.0878970552651588,23,9.625668449197864,0.695652173913041,0
1220,1,15.1241043141536,7.5620521570768,15.1241043141536,0.5444646098003696,-2.2352941176470495,-1.306413301662701,32.11845102505696,3.3201749007591057,26.413959085439227,0.8738114020603752,0,8.483754512635382,0.3333333333333322,0
1221,1,17.54493603621952,8.77246801810976,17.54493603621952,1.0035419126328269,1.1229314420803862,1.1229314420803862,43.28018223234626,3.220159426642783,25.657510227936875,0.8008854661520998,0,11.104617182933959,0.9074074074074072,1
1222,1,16.727747444625223,8.363873722312611,16.727747444625223,-0.23515579071135198,1.6776512881965269,0.9518143961927397,40.31890660592257,3.1518595880369933,25.853945818610125,0.7525336309157187,0,10.42402826855124,0.4242424242424302,0
1223,1,15.367310850514466,7.683655425257233,15.367310850514466,1.393939393939395,-0.8886255924170638,0.48048048048047914,34.8519362186788,3.1137629521389574,26.224611708482676,0.714899128848419,0,9.139784946236555,0.7352941176470617,0
1224,1,16.189495347603415,8.094747673801708,16.189495347603415,3.9926289926289895,0.7138607971445613,3.043213633597087,39.17995444191346,3.0150075674815624,25.930301240401647,0.6441915031251243,1,10.159480212640288,0.5135135135135153,1
1225,1,15.108873299752956,7.554436649876478,15.108873299752956,3.0116779348494163,-0.7696862048549432,-8.41530054644809,35.30751708428246,2.930331637943305,26.193317422434365,0.5806833387478738,1,9.248210023866347,0.708333333333339,0
1226,1,13.944210202755977,6.972105101377989,13.944210202755977,0.48543689320388217,-2.873900293255132,-11.680000000000001,30.296127562642393,2.9515488740502986,26.54171704957678,0.5739847240130141,1,8.041112454655385,0.4444444444444466,0
1227,1,14.718404296807034,7.359202148403517,14.718404296807034,-0.7121661721068293,-2.8455284552845526,-11.10520722635494,34.3963553530752,2.843651909169067,26.255980861244016,0.4130371396839153,1,9.031100478468906,0.6129032258064492,1
1228,1,14.123324276067247,7.061662138033624,14.123324276067247,1.032806804374246,-2.17647058823529,-11.448349307774224,32.346241457858774,2.7922694741731324,26.398075766686706,0.40010394879965383,2,8.538785327720985,0.28125000000000233,0
1229,1,14.521767687502038,7.260883843751019,14.521767687502038,4.234122042341215,1.70109356014581,-7.9207920792079225,34.8519362186788,2.690991370632742,26.224611708482676,0.41151256412299336,2,9.139784946236555,0.40740740740740683,1
1230,1,14.791728563594745,7.3958642817973725,14.791728563594745,4.856787048567867,1.506931886678713,-5.8165548098434074,36.90205011389523,2.583030057198443,26.08437314319667,0.3741084530831651,2,9.625668449197864,0.4347826086956571,1
1231,1,14.516369050857882,7.258184525428941,14.516369050857882,7.343550446998728,1.8170805572380422,-5.879059350503923,36.44646924829157,2.4991125444652296,26.115407495538367,0.33281299234745715,2,9.518143961927423,0.0869565217391333,0
1232,1,13.244907124274407,6.622453562137204,13.244907124274407,6.894329896907224,1.5299877600979233,-7.058823529411755,31.43507972665151,2.463321554903929,26.461723930078357,0.3122094149024009,3,8.318264014466552,0.8461538461538423,0
1233,1,13.895413549634148,6.947706774817074,13.895413549634148,-0.11926058437686635,2.571953459889783,-4.449515116942381,34.8519362186788,2.3778143016987987,26.224611708482676,0.3054740021001733,3,9.139784946236555,0.6153846153846141,1
1234,1,8.575351371732992,4.287675685866496,8.575351371732992,-1.412595644496759,-0.17878426698450325,-5.633802816901411,19.034090909090917,2.287675685866493,21.01492537313432,0.30891657906716063,3,4.0,0.05263157894737503,1
1235,1,9.31098572778093,4.655492863890465,9.31098572778093,-0.5875440658049369,0.11834319526626223,-2.646720368239358,23.57954545454545,2.2013237331985676,20.816085156711996,0.32792099246164585,3,4.908338261383794,0.7391304347826025,1
1236,1,9.264340530495666,4.632170265247833,9.264340530495666,3.292682926829269,1.0137149672033317,-0.41152263374485953,24.14772727272728,2.1218335847989245,20.791494388659178,0.28168080519919825,4,5.020673360897815,0.15789473684210406,1
1237,1,11.241577911145633,5.6207889555728165,11.241577911145633,4.098854731766119,1.9480519480519507,1.5882352941176539,33.80681818181818,2.175508121756949,20.382165605095533,0.30590242662083766,4,6.890561667631729,0.576271186440677,1
1238,1,10.024493744580237,5.012246872290119,10.024493744580237,1.6109785202864029,2.466907340553551,1.1883541295306033,27.556818181818155,2.167672092231474,20.645161290322577,0.3368321098488628,4,5.689149560117294,0.8275862068965447,0
1239,1,10.53718711409523,5.268593557047615,10.53718711409523,3.6813518406759114,3.556359252561772,3.369434416365815,30.965909090909083,2.094452613541502,20.500873616773436,0.3200527966427057,4,6.348281887012227,0.565217391304347,1
1240,1,10.546217048797196,5.273108524398598,10.546217048797196,5.0671550671550785,3.4876728803367474,0.584453535943894,32.10227272727275,1.990133509872161,20.453224869262048,0.3153139290592808,5,6.565950029052877,0.33333333333334536,1
1241,1,12.113865398526467,6.056932699263234,12.113865398526467,5.304400241109099,4.924924924924928,2.946375957572194,39.772727272727266,2.0523560402243333,20.13729977116704,0.349491645240177,5,8.0091533180778,0.4561403508771911,1
1242,1,13.361636460662496,6.680818230331248,13.361636460662496,4.79006505026611,7.459066100667061,5.917513448894197,46.590909090909065,2.05327872694525,19.864559819413085,0.3764933374298021,5,9.255079006772002,0.5581395348837185,1
1243,1,12.30311893235789,6.151559466178945,12.30311893235789,2.637749120750287,4.913121629718397,3.4258712344949727,40.624999999999986,2.0681785409933413,20.102798400913755,0.42431789983733,5,8.166761850371211,0.6176470588235292,0
1244,1,10.472683523361793,5.2363417616808965,10.472683523361793,-1.1527377521613864,2.633153800119688,2.326968973747015,29.82954545454542,2.171543162731692,20.54874489200233,0.47433227498933245,6,6.1295971978984145,0.7199999999999983,0
1245,1,10.299582089911667,5.149791044955833,10.299582089911667,0.6470588235294211,1.362559241706162,3.321256038647352,29.261363636363647,2.1398553348447873,20.572764465225006,0.47939960221600786,6,6.019871420222093,0.06896551724137363,0
1246,1,10.257426587686812,5.128713293843406,10.257426587686812,1.6004742145821051,2.389486260454009,2.450687387925883,29.82954545454542,2.0639146948941955,20.54874489200233,0.48538727356087247,6,6.1295971978984145,0.15789473684210406,1
1247,1,11.617839981955663,5.808919990977832,11.617839981955663,1.6959064327485476,3.635280095351613,4.570054119061943,36.64772727272728,2.0956211999588312,20.264824409902126,0.4786519339332973,6,7.426597582037996,0.5200000000000026,1
1248,1,11.114700678862292,5.557350339431146,11.114700678862292,2.733214497920382,3.039332538736594,3.2855436081242617,34.375000000000014,2.0582178929302803,20.358588779641405,0.44208278936646866,7,6.998264893001736,0.3199999999999983,0
1249,1,11.392553608842642,5.696276804421321,11.392553608842642,3.4564958283670975,3.3333333333333237,3.0878859857482164,36.07954545454545,2.03633444130893,20.28818443804034,0.4651171681851836,7,7.319884726224781,0.21874999999999575,1
1250,1,11.172164151654668,5.586082075827334,11.172164151654668,1.7605633802816947,2.9691211401425255,3.1528851873884647,35.51136363636362,1.9796192945232425,20.31159838430467,0.4692629167054825,7,7.212925562608189,0.04761904761904368,0
1251,1,10.668667694612989,5.334333847306494,10.668667694612989,-0.5187319884726163,2.0094562647754244,4.038577456298976,33.5227272727273,1.9160256201917774,20.393974507531855,0.41981817216984985,7,6.836616454229434,0.4117647058823469,0
1252,1,10.109333461065438,5.054666730532719,10.109333461065438,1.2389380530973562,2.0820939916716297,2.447761194029852,30.113636363636363,1.9624847001943286,20.536756126020997,0.40967855383990937,8,6.184364060676778,0.24390243902439077,0
1253,1,8.946762643635987,4.473381321817993,8.946762643635987,0.0,1.6216216216216155,1.0149253731343206,24.14772727272728,1.9630446413690832,20.791494388659178,0.36540873485477426,8,5.020673360897815,0.7857142857142946,0
1254,1,8.5803009336068,4.2901504668034,8.5803009336068,0.0,2.5562994522215554,-0.41371158392434076,21.875000000000018,2.005283997960668,20.890207715133524,0.3810098770374276,8,4.569732937685461,0.19512195121951156,0
1255,1,9.037146732012504,4.518573366006252,9.037146732012504,1.255980861244017,-7.486338797814206,-0.05903187721369043,24.71590909090905,1.952201684590326,20.7669616519174,0.3736612571654034,8,5.1327433628318495,0.3333333333333333,1
1256,1,9.28460333388851,4.642301666944255,9.28460333388851,1.370679380214542,-9.279999999999996,-1.5055008685581923,26.704545454545435,1.8808445576610637,20.68155111633372,0.3733760246139442,9,5.522914218566386,0.3750000000000051,1
1257,1,8.9941480558625,4.49707402793125,8.9941480558625,3.799019607843137,-9.989373007438896,-0.5284791544333594,24.71590909090905,1.9307023465153272,20.7669616519174,0.35474863833344783,9,5.1327433628318495,0.19047619047618924,0
1258,1,8.842749912068792,4.421374956034396,8.842749912068792,3.5997559487492383,-9.584664536741204,-1.1641443538998741,24.857142857142822,1.8580278729465962,20.624631703005296,0.35339256297897614,9,5.126694166175595,0.18750000000001185,1
1259,1,8.78777278433157,4.393886392165785,8.78777278433157,4.044117647058829,-6.600660066006594,-1.3364323067983739,24.857142857142822,1.8305393090779891,20.624631703005296,0.3261629042715134,9,5.126694166175595,0.040000000000005205,1
1260,1,8.286181270386876,4.143090635193438,8.286181270386876,0.8949880668257781,-5.425055928411638,-3.2054951345163167,23.142857142857128,1.7480581100603834,20.697811945594314,0.31839772227752766,10,4.79006505026611,0.5999999999999913,0
1261,1,8.803860034723886,4.401930017361943,8.803860034723886,0.8896797153024935,-4.759238521836506,-4.006772009029339,25.999999999999996,1.7270328980203826,20.57613168724279,0.32876840533649593,10,5.349794238683123,0.37037037037037274,1
1262,1,9.908468131618656,4.954234065809328,9.908468131618656,2.2036926742108482,-3.865546218487386,-1.9988577955453957,30.571428571428555,1.8383342405326866,20.384391380314494,0.3426688779468778,10,6.231799650553285,0.2500000000000009,1
1263,1,8.05556620603147,4.027783103015735,8.05556620603147,-0.23781212841854227,-4.278379920136907,-2.157434402332357,20.0,1.944449769682402,20.83333333333332,0.37439596580018547,10,4.166666666666664,0.8297872340425535,0
1264,1,7.656015605105641,3.8280078025528206,7.656015605105641,0.47961630695443513,-5.577464788732402,-2.045587375803629,18.571428571428566,1.8877092950901349,20.89552238805969,0.31093119893168886,11,3.88059701492537,0.22222222222222757,0
1265,1,7.937866057668696,3.968933028834348,7.937866057668696,1.818181818181823,-3.337169159953964,-1.983663943990663,20.285714285714263,1.8570948372817069,20.82093991671623,0.3156272906749765,11,4.223676383105287,0.19230769230769296,1
1266,1,9.71421011417871,4.857105057089355,9.71421011417871,2.5779376498801,0.5878894767783671,-1.6101207590569309,29.42857142857138,1.8506835743106131,20.431990659661402,0.32677955374283174,11,6.01284296555749,0.7894736842105318,1
1267,1,9.066046039644359,4.5330230198221795,9.066046039644359,1.613867304243867,0.0,-1.6772700983227393,26.285714285714256,1.830320317119483,20.564042303172727,0.32310243465865834,11,5.405405405405396,0.5416666666666679,0
1268,1,8.652189858035555,4.326094929017778,8.652189858035555,-1.9698725376593378,0.5347593582887636,-2.5345622119815663,23.999999999999975,1.8467560860425738,20.66115702479338,0.3617701982036219,12,4.958677685950406,0.3030303030303034,0
1269,1,8.362451368250817,4.181225684125408,8.362451368250817,-0.05913660555883595,1.6847172081829138,-2.5374855824682805,22.57142857142854,1.8425637539892392,20.722320899940783,0.3840298108002681,12,4.677323860272342,0.13793103448275476,0
1270,1,8.937577508095936,4.468788754047968,8.937577508095936,-0.11764705882351952,-0.7597895967270596,-1.6222479721900365,25.714285714285666,1.8217299305185595,20.588235294117638,0.40020093585745625,12,5.294117647058813,0.3103448275862113,1
1271,1,9.489874882229284,4.744937441114642,9.489874882229284,1.063829787234043,0.7660577489687679,-0.3496503496503581,28.857142857142858,1.7934470845979866,20.455873758036226,0.39637784189548336,12,5.902980713033312,0.3703703703703698,1
1272,1,8.683595308516926,4.341797654258463,8.683595308516926,1.4979029358897584,1.2552301255230107,0.11820330969267427,24.571428571428562,1.8064202957679008,20.63679245283018,0.36408969213535325,13,5.070754716981128,0.5666666666666681,0
1273,1,9.32494589881712,4.66247294940856,9.32494589881712,1.0663507109004742,0.7678676904902534,1.2462908011869418,26.85714285714284,1.9042569869672485,20.539906103286377,0.39161257227872537,13,5.516431924882624,0.17857142857142885,1
1274,1,9.644784777645055,4.822392388822528,9.644784777645055,1.9036287923854793,2.2076372315035755,1.1813349084465348,29.14285714285712,1.8434204262057103,20.44392523364485,0.3848145061176138,13,5.9579439252336375,0.4499999999999984,1
1275,1,8.443471623584044,4.221735811792022,8.443471623584044,-0.059206631142683,1.932367149758462,-0.7642563198118748,22.57142857142854,1.883073881655852,20.722320899940783,0.379520293465769,13,4.677323860272342,0.7058823529411753,0
1276,1,8.435131639732832,4.217565819866416,8.435131639732832,-0.8211143695014609,1.0759115361625824,-0.17709563164108408,23.142857142857128,1.822533294733359,20.697811945594314,0.3743732736682575,14,4.79006505026611,0.11111111111111378,1
1277,1,10.334774823549367,5.167387411774683,10.334774823549367,0.2322880371660916,3.7883343355381913,1.6489988221437002,33.14285714285716,1.807016612238182,20.278099652375424,0.396835116409583,14,6.720741599073,0.9722222222222245,1
1278,1,10.44525783278772,5.22262891639386,10.44525783278772,1.6470588235294137,3.225806451612904,1.7667844522968115,33.71428571428568,1.8082770645420114,20.25462962962962,0.39832704413023934,14,6.8287037037036935,0.0624999999999945,1
1279,1,10.218854489382805,5.109427244691402,10.218854489382805,4.799513973268535,2.434679334916866,2.010644589000589,32.57142857142858,1.8031627435313127,20.301624129930385,0.40149257757392404,14,6.6125290023201835,0.10344827586206716,0
1280,1,11.535712931267238,5.767856465633619,11.535712931267238,5.485232067510544,4.104699583581205,2.8806584362139915,40.0,1.7678564656336233,19.99999999999999,0.4189346747665093,15,7.9999999999999964,0.896551724137932,1
1281,1,12.261464597128672,6.130732298564336,12.261464597128672,6.904906117504553,6.38939119951778,2.8554778554778553,43.71428571428571,1.7915377438280902,19.852524106636405,0.46053503454249334,15,8.678389109472485,0.37500000000000205,1
1282,1,12.216210481386918,6.108105240693459,12.216210481386918,7.894736842105263,5.25373134328358,5.065554231227652,43.71428571428571,1.7689106859572157,19.852524106636405,0.48575143937442594,15,8.678389109472485,0.0,0
1283,1,11.972692817712142,5.986346408856071,11.972692817712142,8.389467238211893,5.671641791044777,5.608591885441534,43.95280235988203,1.777306860833472,19.15254237288135,0.43591572014469665,15,8.4180790960452,0.20000000000000123,1
1284,1,11.803708876623817,5.901854438311909,11.803708876623817,5.780691299165678,4.905437352245873,5.654761904761906,43.84384384384387,1.7845391534839339,18.78172588832487,0.48624701821197097,16,8.234630569655954,0.14705882352941138,1
1285,1,12.983035650509441,6.4915178252547205,12.983035650509441,6.094674556213018,5.844155844155852,4.792518994739921,50.45045045045045,1.8118520870931631,18.55153203342618,0.5430131511282202,16,9.359331476323119,0.45454545454545586,1
1286,1,14.417259433922226,7.208629716961113,14.417259433922226,8.765652951699462,5.6166763173132646,7.294117647058836,59.1591591591592,1.808410418715498,18.256578947368418,0.6014878493857724,16,10.800438596491233,0.7435897435897483,1
1287,1,15.416552493297806,7.708276246648903,15.416552493297806,8.736717827626926,8.162066940692895,8.865248226950365,64.5645645645646,1.8722284724903786,18.07817589576547,0.7360148568439999,16,11.672095548317053,0.3333333333333333,1
1288,1,15.277487381387644,7.638743690693822,15.277487381387644,10.288808664259923,6.6938300349243365,8.461538461538455,62.16216216216215,1.9953412915662332,18.157033805888766,0.8374642354653716,17,11.286804798255178,0.14062500000000164,0
1289,1,15.390299047114189,7.695149523557094,15.390299047114189,10.548523206751042,6.565950029052865,8.00942285041224,61.861861861861875,2.075946032013176,18.166939443535185,0.9163738297205716,17,11.238406983087836,0.0,0
1290,1,15.682241411226647,7.841120705613323,15.682241411226647,10.523150932050513,5.208929593589006,7.485380116959068,63.363363363363376,2.1011859939702306,18.11751904243743,0.9647498390671343,17,11.479869423286182,0.10869565217391325,1
1291,1,15.498142007969715,7.749071003984858,15.498142007969715,9.729729729729732,3.103837471783304,7.851239669421493,60.060060060060096,2.2756172546690396,18.226600985221673,1.0011207300406444,17,10.946907498631642,0.1374999999999993,0
1292,1,16.380037585415746,8.190018792707873,16.380037585415746,11.825348696179494,5.311250713877783,8.089097303634226,65.4654654654655,2.282159714117087,18.048780487804876,1.0174935468390047,18,11.815718157181577,0.34693877551020147,1
1293,1,16.355989217429226,8.177994608714613,16.355989217429226,10.425404433792696,7.4635568513119575,7.589025102159962,65.4654654654655,2.2701355301238224,18.048780487804876,1.060241909920924,18,11.815718157181577,0.051282051282052564,0
1294,1,19.088868911673416,9.544434455836708,19.088868911673416,13.76421304608019,11.104617182933946,12.618483412322268,82.5825825825826,2.315202068875615,17.507886435331226,1.1569191777069152,18,14.458464773922191,0.7777777777777755,1
1295,1,18.244765430930965,9.122382715465482,18.244765430930965,11.31516587677725,9.626604434072346,11.117681845062094,75.37537537537537,2.439741607904246,17.731629392971247,1.346610200626841,18,13.365282215122468,0.33333333333333437,0
1296,1,18.66342187308633,9.331710936543166,18.66342187308633,12.604540023894865,8.39562967222541,9.21205098493626,77.47747747747749,2.488209610283223,17.6657824933687,1.4237458494940447,19,13.687002652519894,0.11475409836065702,1
1297,1,19.015438570673187,9.507719285336593,19.015438570673187,12.81287246722288,9.48525159051474,9.548611111111112,79.87987987987988,2.4818344464565083,17.591125198098258,1.3616914107216738,19,14.051769677760168,0.1666666666666659,1
1298,1,19.496429614905235,9.748214807452618,19.496429614905235,13.408820023837897,9.619815668202767,10.318840579710145,82.5825825825826,2.5189824204915214,17.507886435331226,1.3325504303878921,19,14.458464773922191,0.16666666666666666,1
1299,1,20.0391371345778,10.0195685672889,20.0391371345778,13.988095238095235,10.438292964244518,9.428571428571427,86.18618618618618,2.5221808974874373,17.398119122257054,1.3187241269554868,19,14.994775339602922,0.24528301886792392,1
1301,1,21.416682969633243,10.708341484816621,21.416682969633243,14.598108747044922,12.995337995337989,9.982983550765736,85.05434782608702,2.6413311755382685,18.969072164948443,1.699111118572387,20,16.134020618556708,0.14102564102564077,0
1302,1,20.918373758674807,10.459186879337404,20.918373758674807,14.57465794170137,13.829787234042556,8.81355932203389,81.7934782608696,2.6531702818270273,19.08713692946057,1.8041776289953526,20,15.61203319502075,0.28000000000000297,0
