trade_id,symbol,side,entry_time_utc,entry_unix_ms,entry_unix_sec,exit_time_utc,exit_unix_ms,exit_unix_sec,entry_price,lowest_100_price,atr_14,stop_loss_price,take_profit_price,exit_price,position_size_usdt,risk_usdt,target_reward_usdt,result,pnl_usdt,pnl_percent,holding_bars
1,VELVETUSDT,LONG,2026-07-31 02:00:00 UTC,1785463200000,1785463200,2026-08-05 08:59:59 UTC,1785920399999,1785920399,0.4093,0.3872,0.00909,0.36902,0.48987,0.48987,50.0,4.92,9.84,WIN,9.84,19.68,127
2,VELVETUSDT,LONG,2026-07-31 03:00:00 UTC,1785466800000,1785466800,2026-08-05 16:59:59 UTC,1785949199999,1785949199,0.4238,0.3872,0.01014,0.36692,0.53757,0.53757,50.0,6.71,13.42,WIN,13.42,26.85,134
3,VELVETUSDT,LONG,2026-07-31 04:00:00 UTC,1785470400000,1785470400,2026-08-05 16:59:59 UTC,1785949199999,1785949199,0.4234,0.3872,0.01013,0.36694,0.53633,0.53633,50.0,6.67,13.34,WIN,13.34,26.67,133
4,VELVETUSDT,LONG,2026-07-31 05:00:00 UTC,1785474000000,1785474000,2026-08-05 13:59:59 UTC,1785938399999,1785938399,0.4101,0.3872,0.01061,0.36598,0.49833,0.49833,50.0,5.38,10.76,WIN,10.76,21.52,129
5,VELVETUSDT,LONG,2026-07-31 06:00:00 UTC,1785477600000,1785477600,2026-08-05 13:59:59 UTC,1785938399999,1785938399,0.4171,0.3872,0.01086,0.36548,0.52033,0.52033,50.0,6.19,12.37,WIN,12.37,24.75,128
6,VELVETUSDT,LONG,2026-07-31 07:00:00 UTC,1785481200000,1785481200,2026-08-05 16:59:59 UTC,1785949199999,1785949199,0.421,0.3872,0.01069,0.36582,0.53136,0.53136,50.0,6.55,13.11,WIN,13.11,26.21,130
7,VELVETUSDT,LONG,2026-07-31 08:00:00 UTC,1785484800000,1785484800,2026-08-05 14:59:59 UTC,1785941999999,1785941999,0.4193,0.3872,0.01045,0.36629,0.52532,0.52532,50.0,6.32,12.64,WIN,12.64,25.28,127
8,VELVETUSDT,LONG,2026-07-31 09:00:00 UTC,1785488400000,1785488400,2026-08-05 13:59:59 UTC,1785938399999,1785938399,0.4183,0.3872,0.01052,0.36616,0.52259,0.52259,50.0,6.23,12.47,WIN,12.47,24.93,125
9,VELVETUSDT,LONG,2026-07-31 10:00:00 UTC,1785492000000,1785492000,2026-08-05 16:59:59 UTC,1785949199999,1785949199,0.4226,0.3872,0.01033,0.36654,0.53471,0.53471,50.0,6.63,13.26,WIN,13.26,26.53,127
10,VELVETUSDT,LONG,2026-07-31 11:00:00 UTC,1785495600000,1785495600,2026-08-05 13:59:59 UTC,1785938399999,1785938399,0.4163,0.3872,0.01018,0.36685,0.5152,0.5152,50.0,5.94,11.88,WIN,11.88,23.76,123
11,VELVETUSDT,LONG,2026-07-31 12:00:00 UTC,1785499200000,1785499200,2026-08-05 13:59:59 UTC,1785938399999,1785938399,0.4176,0.3872,0.00981,0.36759,0.51762,0.51762,50.0,5.99,11.98,WIN,11.98,23.95,122
12,VELVETUSDT,LONG,2026-07-31 13:00:00 UTC,1785502800000,1785502800,2026-08-05 08:59:59 UTC,1785920399999,1785920399,0.4103,0.3872,0.00977,0.36766,0.49558,0.49558,50.0,5.2,10.39,WIN,10.39,20.78,116
13,VELVETUSDT,LONG,2026-07-31 14:00:00 UTC,1785506400000,1785506400,2026-08-05 08:59:59 UTC,1785920399999,1785920399,0.4081,0.3872,0.00996,0.36727,0.48976,0.48976,50.0,5.0,10.0,WIN,10.0,20.01,115
14,VELVETUSDT,LONG,2026-07-31 15:00:00 UTC,1785510000000,1785510000,2026-08-05 08:59:59 UTC,1785920399999,1785920399,0.4091,0.3872,0.00975,0.36769,0.49191,0.49191,50.0,5.06,10.12,WIN,10.12,20.24,114
15,VELVETUSDT,LONG,2026-07-31 16:00:00 UTC,1785513600000,1785513600,2026-08-05 08:59:59 UTC,1785920399999,1785920399,0.4057,0.3872,0.00935,0.3685,0.4801,0.4801,50.0,4.58,9.17,WIN,9.17,18.34,113
16,VELVETUSDT,LONG,2026-07-31 17:00:00 UTC,1785517200000,1785517200,2026-08-05 08:59:59 UTC,1785920399999,1785920399,0.4035,0.3872,0.00928,0.36864,0.47323,0.47323,50.0,4.32,8.64,WIN,8.64,17.28,112
17,VELVETUSDT,LONG,2026-07-31 18:00:00 UTC,1785520800000,1785520800,2026-08-05 08:59:59 UTC,1785920399999,1785920399,0.407,0.3872,0.00916,0.36888,0.48325,0.48325,50.0,4.68,9.37,WIN,9.37,18.73,111
18,VELVETUSDT,LONG,2026-07-31 19:00:00 UTC,1785524400000,1785524400,2026-08-05 08:59:59 UTC,1785920399999,1785920399,0.4094,0.3872,0.00901,0.36919,0.48983,0.48983,50.0,4.91,9.82,WIN,9.82,19.65,110
19,VELVETUSDT,LONG,2026-07-31 20:00:00 UTC,1785528000000,1785528000,2026-08-05 08:59:59 UTC,1785920399999,1785920399,0.4094,0.3872,0.00889,0.36943,0.48934,0.48934,50.0,4.88,9.76,WIN,9.76,19.53,109
20,VELVETUSDT,LONG,2026-07-31 21:00:00 UTC,1785531600000,1785531600,2026-08-05 08:59:59 UTC,1785920399999,1785920399,0.4101,0.3872,0.00853,0.37014,0.49002,0.49002,50.0,4.87,9.74,WIN,9.74,19.49,108
21,VELVETUSDT,LONG,2026-07-31 22:00:00 UTC,1785535200000,1785535200,2026-08-05 08:59:59 UTC,1785920399999,1785920399,0.4066,0.3872,0.00832,0.37056,0.47868,0.47868,50.0,4.43,8.86,WIN,8.86,17.73,107
22,VELVETUSDT,LONG,2026-07-31 23:00:00 UTC,1785538800000,1785538800,2026-08-05 08:59:59 UTC,1785920399999,1785920399,0.4071,0.3872,0.00803,0.37113,0.47903,0.47903,50.0,4.42,8.83,WIN,8.83,17.67,106
23,VELVETUSDT,LONG,2026-08-01 00:00:00 UTC,1785542400000,1785542400,2026-08-05 08:59:59 UTC,1785920399999,1785920399,0.4118,0.3872,0.00837,0.37045,0.49449,0.49449,50.0,5.02,10.04,WIN,10.04,20.08,105
24,VELVETUSDT,LONG,2026-08-01 01:00:00 UTC,1785546000000,1785546000,2026-08-05 13:59:59 UTC,1785938399999,1785938399,0.4132,0.3872,0.00821,0.37078,0.49804,0.49804,50.0,5.13,10.27,WIN,10.27,20.53,109
25,VELVETUSDT,LONG,2026-08-01 02:00:00 UTC,1785549600000,1785549600,2026-08-05 08:59:59 UTC,1785920399999,1785920399,0.4118,0.3893,0.00799,0.37332,0.48875,0.48875,50.0,4.67,9.34,WIN,9.34,18.69,103
26,VELVETUSDT,LONG,2026-08-01 03:00:00 UTC,1785553200000,1785553200,2026-08-05 08:59:59 UTC,1785920399999,1785920399,0.4104,0.3901,0.00775,0.37459,0.48201,0.48201,50.0,4.36,8.73,WIN,8.73,17.45,102
27,VELVETUSDT,LONG,2026-08-01 04:00:00 UTC,1785556800000,1785556800,2026-08-05 08:59:59 UTC,1785920399999,1785920399,0.4119,0.3901,0.00772,0.37466,0.48639,0.48639,50.0,4.52,9.04,WIN,9.04,18.08,101
28,VELVETUSDT,LONG,2026-08-01 05:00:00 UTC,1785560400000,1785560400,2026-08-05 08:59:59 UTC,1785920399999,1785920399,0.4071,0.3901,0.00761,0.37487,0.47155,0.47155,50.0,3.96,7.92,WIN,7.92,15.83,100
29,VELVETUSDT,LONG,2026-08-01 06:00:00 UTC,1785564000000,1785564000,2026-08-05 05:59:59 UTC,1785909599999,1785909599,0.4044,0.3901,0.00756,0.37498,0.46325,0.46325,50.0,3.64,7.28,WIN,7.28,14.55,96
30,VELVETUSDT,LONG,2026-08-01 07:00:00 UTC,1785567600000,1785567600,2026-08-03 22:59:59 UTC,1785797999999,1785797999,0.4019,0.3901,0.00751,0.37509,0.45553,0.45553,50.0,3.34,6.67,WIN,6.67,13.34,64
31,VELVETUSDT,LONG,2026-08-01 08:00:00 UTC,1785571200000,1785571200,2026-08-03 20:59:59 UTC,1785790799999,1785790799,0.4002,0.3901,0.00733,0.37544,0.44971,0.44971,50.0,3.09,6.19,WIN,6.19,12.37,61
32,VELVETUSDT,LONG,2026-08-01 09:00:00 UTC,1785574800000,1785574800,2026-08-03 20:59:59 UTC,1785790799999,1785790799,0.3961,0.3901,0.00724,0.37562,0.43706,0.43706,50.0,2.59,5.17,WIN,5.17,10.34,60
33,VELVETUSDT,LONG,2026-08-01 10:00:00 UTC,1785578400000,1785578400,2026-08-03 18:59:59 UTC,1785783599999,1785783599,0.3954,0.3901,0.00723,0.37564,0.43492,0.43492,50.0,2.5,5.0,WIN,5.0,10.0,57
34,VELVETUSDT,LONG,2026-08-01 11:00:00 UTC,1785582000000,1785582000,2026-08-03 20:59:59 UTC,1785790799999,1785790799,0.3967,0.3901,0.00702,0.37606,0.43798,0.43798,50.0,2.6,5.2,WIN,5.2,10.41,58
35,VELVETUSDT,LONG,2026-08-01 12:00:00 UTC,1785585600000,1785585600,2026-08-05 05:59:59 UTC,1785909599999,1785909599,0.4061,0.3901,0.00733,0.37543,0.46744,0.46744,50.0,3.78,7.55,WIN,7.55,15.1,90
36,VELVETUSDT,LONG,2026-08-01 13:00:00 UTC,1785589200000,1785589200,2026-08-04 16:59:59 UTC,1785862799999,1785862799,0.4047,0.3901,0.00727,0.37555,0.463,0.463,50.0,3.6,7.2,WIN,7.2,14.41,76
37,VELVETUSDT,LONG,2026-08-01 14:00:00 UTC,1785592800000,1785592800,2026-08-03 22:59:59 UTC,1785797999999,1785797999,0.4031,0.3901,0.00707,0.37596,0.45738,0.45738,50.0,3.37,6.73,WIN,6.73,13.46,57
38,VELVETUSDT,LONG,2026-08-01 15:00:00 UTC,1785596400000,1785596400,2026-08-03 22:59:59 UTC,1785797999999,1785797999,0.4047,0.3901,0.0068,0.3765,0.4611,0.4611,50.0,3.48,6.97,WIN,6.97,13.94,56
39,VELVETUSDT,LONG,2026-08-01 16:00:00 UTC,1785600000000,1785600000,2026-08-03 20:59:59 UTC,1785790799999,1785790799,0.3991,0.3901,0.00679,0.37651,0.44427,0.44427,50.0,2.83,5.66,WIN,5.66,11.32,53
40,VELVETUSDT,LONG,2026-08-01 17:00:00 UTC,1785603600000,1785603600,2026-08-03 20:59:59 UTC,1785790799999,1785790799,0.3981,0.3901,0.00656,0.37697,0.44036,0.44036,50.0,2.65,5.31,WIN,5.31,10.62,52
41,VELVETUSDT,LONG,2026-08-01 18:00:00 UTC,1785607200000,1785607200,2026-08-03 18:59:59 UTC,1785783599999,1785783599,0.3963,0.3901,0.00653,0.37704,0.43483,0.43483,50.0,2.43,4.86,WIN,4.86,9.72,49
42,VELVETUSDT,LONG,2026-08-01 19:00:00 UTC,1785610800000,1785610800,2026-08-03 20:59:59 UTC,1785790799999,1785790799,0.4009,0.3901,0.00669,0.37671,0.44927,0.44927,50.0,3.02,6.03,WIN,6.03,12.07,50
43,VELVETUSDT,LONG,2026-08-01 20:00:00 UTC,1785614400000,1785614400,2026-08-03 18:59:59 UTC,1785783599999,1785783599,0.3949,0.3901,0.00723,0.37564,0.43342,0.43342,50.0,2.44,4.88,WIN,4.88,9.75,47
44,VELVETUSDT,LONG,2026-08-01 21:00:00 UTC,1785618000000,1785618000,2026-08-03 20:59:59 UTC,1785790799999,1785790799,0.3988,0.3901,0.00713,0.37583,0.44474,0.44474,50.0,2.88,5.76,WIN,5.76,11.52,48
45,VELVETUSDT,LONG,2026-08-01 22:00:00 UTC,1785621600000,1785621600,2026-08-03 20:59:59 UTC,1785790799999,1785790799,0.4007,0.3901,0.00692,0.37626,0.44957,0.44957,50.0,3.05,6.1,WIN,6.1,12.2,47
46,VELVETUSDT,LONG,2026-08-01 23:00:00 UTC,1785625200000,1785625200,2026-08-03 20:59:59 UTC,1785790799999,1785790799,0.399,0.3901,0.00661,0.37688,0.44324,0.44324,50.0,2.77,5.54,WIN,5.54,11.09,46
47,VELVETUSDT,LONG,2026-08-02 00:00:00 UTC,1785628800000,1785628800,2026-08-03 20:59:59 UTC,1785790799999,1785790799,0.4017,0.3901,0.00639,0.37731,0.45048,0.45048,50.0,3.04,6.07,WIN,6.07,12.14,45
48,VELVETUSDT,LONG,2026-08-02 01:00:00 UTC,1785632400000,1785632400,2026-08-03 20:59:59 UTC,1785790799999,1785790799,0.4009,0.3901,0.00632,0.37745,0.44779,0.44779,50.0,2.92,5.85,WIN,5.85,11.7,44
49,VELVETUSDT,LONG,2026-08-02 02:00:00 UTC,1785636000000,1785636000,2026-08-03 20:59:59 UTC,1785790799999,1785790799,0.4019,0.3901,0.00618,0.37774,0.45022,0.45022,50.0,3.01,6.01,WIN,6.01,12.02,43
50,VELVETUSDT,LONG,2026-08-02 03:00:00 UTC,1785639600000,1785639600,2026-08-03 20:59:59 UTC,1785790799999,1785790799,0.4004,0.3901,0.00603,0.37804,0.44512,0.44512,50.0,2.79,5.58,WIN,5.58,11.17,42
51,VELVETUSDT,LONG,2026-08-02 04:00:00 UTC,1785643200000,1785643200,2026-08-03 20:59:59 UTC,1785790799999,1785790799,0.3979,0.3901,0.00601,0.37807,0.43756,0.43756,50.0,2.49,4.98,WIN,4.98,9.97,41
52,VELVETUSDT,LONG,2026-08-02 05:00:00 UTC,1785646800000,1785646800,2026-08-03 17:59:59 UTC,1785779999999,1785779999,0.3955,0.3901,0.00581,0.37849,0.42952,0.42952,50.0,2.15,4.3,WIN,4.3,8.6,37
53,VELVETUSDT,LONG,2026-08-02 06:00:00 UTC,1785650400000,1785650400,2026-08-03 17:59:59 UTC,1785779999999,1785779999,0.393,0.3901,0.00561,0.37887,0.42125,0.42125,50.0,1.8,3.59,WIN,3.59,7.19,36
54,VELVETUSDT,LONG,2026-08-02 07:00:00 UTC,1785654000000,1785654000,2026-08-03 17:59:59 UTC,1785779999999,1785779999,0.3943,0.3901,0.00547,0.37916,0.42458,0.42458,50.0,1.92,3.84,WIN,3.84,7.68,35
55,VELVETUSDT,LONG,2026-08-02 08:00:00 UTC,1785657600000,1785657600,2026-08-03 17:59:59 UTC,1785779999999,1785779999,0.3953,0.3901,0.00526,0.37959,0.42673,0.42673,50.0,1.99,3.98,WIN,3.98,7.95,34
56,VELVETUSDT,LONG,2026-08-02 09:00:00 UTC,1785661200000,1785661200,2026-08-03 17:59:59 UTC,1785779999999,1785779999,0.3946,0.3905,0.00533,0.37984,0.42413,0.42413,50.0,1.87,3.74,WIN,3.74,7.48,33
57,VELVETUSDT,LONG,2026-08-02 10:00:00 UTC,1785664800000,1785664800,2026-08-03 20:59:59 UTC,1785790799999,1785790799,0.3998,0.3905,0.00549,0.37953,0.44034,0.44034,50.0,2.54,5.07,WIN,5.07,10.14,35
58,VELVETUSDT,LONG,2026-08-02 11:00:00 UTC,1785668400000,1785668400,2026-08-03 20:59:59 UTC,1785790799999,1785790799,0.4018,0.3905,0.00536,0.37978,0.44583,0.44583,50.0,2.74,5.48,WIN,5.48,10.96,34
59,VELVETUSDT,LONG,2026-08-02 12:00:00 UTC,1785672000000,1785672000,2026-08-03 20:59:59 UTC,1785790799999,1785790799,0.3997,0.3905,0.00528,0.37995,0.4392,0.4392,50.0,2.47,4.94,WIN,4.94,9.88,33
60,VELVETUSDT,LONG,2026-08-02 13:00:00 UTC,1785675600000,1785675600,2026-08-03 17:59:59 UTC,1785779999999,1785779999,0.3955,0.3905,0.00526,0.37997,0.42655,0.42655,50.0,1.96,3.93,WIN,3.93,7.85,29
61,VELVETUSDT,LONG,2026-08-02 14:00:00 UTC,1785679200000,1785679200,2026-08-03 17:59:59 UTC,1785779999999,1785779999,0.3947,0.3905,0.00509,0.38031,0.42348,0.42348,50.0,1.82,3.65,WIN,3.65,7.29,28
62,VELVETUSDT,LONG,2026-08-02 15:00:00 UTC,1785682800000,1785682800,2026-08-02 23:59:59 UTC,1785715199999,1785715199,0.3929,0.3905,0.00501,0.38048,0.41774,0.41774,50.0,1.58,3.16,WIN,3.16,6.32,9
63,VELVETUSDT,LONG,2026-08-02 16:00:00 UTC,1785686400000,1785686400,2026-08-02 23:59:59 UTC,1785715199999,1785715199,0.3932,0.3905,0.00487,0.38077,0.41806,0.41806,50.0,1.58,3.16,WIN,3.16,6.32,8
64,VELVETUSDT,LONG,2026-08-02 17:00:00 UTC,1785690000000,1785690000,2026-08-03 18:59:59 UTC,1785783599999,1785783599,0.3988,0.3905,0.00506,0.38038,0.43564,0.43564,50.0,2.31,4.62,WIN,4.62,9.24,26
65,VELVETUSDT,LONG,2026-08-02 18:00:00 UTC,1785693600000,1785693600,2026-08-03 18:59:59 UTC,1785783599999,1785783599,0.3977,0.3905,0.00504,0.38042,0.43227,0.43227,50.0,2.17,4.35,WIN,4.35,8.69,25
66,VELVETUSDT,LONG,2026-08-02 19:00:00 UTC,1785697200000,1785697200,2026-08-03 20:59:59 UTC,1785790799999,1785790799,0.4008,0.3905,0.00505,0.38041,0.44159,0.44159,50.0,2.54,5.09,WIN,5.09,10.18,26
67,VELVETUSDT,LONG,2026-08-02 20:00:00 UTC,1785700800000,1785700800,2026-08-03 18:59:59 UTC,1785783599999,1785783599,0.3988,0.3905,0.00501,0.38047,0.43546,0.43546,50.0,2.3,4.6,WIN,4.6,9.19,23
68,VELVETUSDT,LONG,2026-08-02 21:00:00 UTC,1785704400000,1785704400,2026-08-03 18:59:59 UTC,1785783599999,1785783599,0.3988,0.3905,0.00477,0.38096,0.43448,0.43448,50.0,2.24,4.47,WIN,4.47,8.95,22
69,VELVETUSDT,LONG,2026-08-02 22:00:00 UTC,1785708000000,1785708000,2026-08-03 17:59:59 UTC,1785779999999,1785779999,0.3973,0.3905,0.00464,0.38121,0.42948,0.42948,50.0,2.02,4.05,WIN,4.05,8.1,20
70,VELVETUSDT,LONG,2026-08-02 23:00:00 UTC,1785711600000,1785711600,2026-08-03 18:59:59 UTC,1785783599999,1785783599,0.3989,0.3905,0.00461,0.38129,0.43412,0.43412,50.0,2.21,4.41,WIN,4.41,8.83,20
71,VELVETUSDT,LONG,2026-08-03 00:00:00 UTC,1785715200000,1785715200,2026-08-03 22:59:59 UTC,1785797999999,1785797999,0.4039,0.3905,0.00578,0.37893,0.45383,0.45383,50.0,3.09,6.18,WIN,6.18,12.36,23
72,VELVETUSDT,LONG,2026-08-03 01:00:00 UTC,1785718800000,1785718800,2026-08-03 20:59:59 UTC,1785790799999,1785790799,0.3987,0.3905,0.00584,0.37882,0.43847,0.43847,50.0,2.49,4.99,WIN,4.99,9.97,20
73,VELVETUSDT,LONG,2026-08-03 02:00:00 UTC,1785722400000,1785722400,2026-08-03 18:59:59 UTC,1785783599999,1785783599,0.3969,0.3905,0.00572,0.37905,0.4326,0.4326,50.0,2.25,4.5,WIN,4.5,8.99,17
74,VELVETUSDT,LONG,2026-08-03 03:00:00 UTC,1785726000000,1785726000,2026-08-03 20:59:59 UTC,1785790799999,1785790799,0.3987,0.3905,0.00567,0.37915,0.43779,0.43779,50.0,2.45,4.9,WIN,4.9,9.8,18
75,VELVETUSDT,LONG,2026-08-03 04:00:00 UTC,1785729600000,1785729600,2026-08-03 17:59:59 UTC,1785779999999,1785779999,0.3955,0.3905,0.00565,0.37919,0.42811,0.42811,50.0,2.06,4.12,WIN,4.12,8.25,14
76,VELVETUSDT,LONG,2026-08-03 05:00:00 UTC,1785733200000,1785733200,2026-08-03 20:59:59 UTC,1785790799999,1785790799,0.3984,0.3905,0.00591,0.37869,0.43783,0.43783,50.0,2.47,4.95,WIN,4.95,9.9,16
77,VELVETUSDT,LONG,2026-08-03 06:00:00 UTC,1785736800000,1785736800,2026-08-03 20:59:59 UTC,1785790799999,1785790799,0.4021,0.3905,0.0063,0.3779,0.4505,0.4505,50.0,3.01,6.02,WIN,6.02,12.04,15
78,VELVETUSDT,LONG,2026-08-03 07:00:00 UTC,1785740400000,1785740400,2026-08-03 20:59:59 UTC,1785790799999,1785790799,0.4004,0.3905,0.0064,0.3777,0.4458,0.4458,50.0,2.83,5.67,WIN,5.67,11.34,14
79,VELVETUSDT,LONG,2026-08-03 08:00:00 UTC,1785744000000,1785744000,2026-08-03 20:59:59 UTC,1785790799999,1785790799,0.3994,0.3905,0.00621,0.37809,0.44203,0.44203,50.0,2.67,5.34,WIN,5.34,10.67,13
80,VELVETUSDT,LONG,2026-08-03 09:00:00 UTC,1785747600000,1785747600,2026-08-03 22:59:59 UTC,1785797999999,1785797999,0.4029,0.3905,0.00638,0.37773,0.45324,0.45324,50.0,3.12,6.25,WIN,6.25,12.49,14
81,VELVETUSDT,LONG,2026-08-03 10:00:00 UTC,1785751200000,1785751200,2026-08-03 20:59:59 UTC,1785790799999,1785790799,0.4026,0.3905,0.00623,0.37804,0.45171,0.45171,50.0,3.05,6.1,WIN,6.1,12.2,11
82,VELVETUSDT,LONG,2026-08-03 11:00:00 UTC,1785754800000,1785754800,2026-08-03 20:59:59 UTC,1785790799999,1785790799,0.3995,0.3905,0.00624,0.37802,0.44246,0.44246,50.0,2.69,5.38,WIN,5.38,10.75,10
83,VELVETUSDT,LONG,2026-08-03 12:00:00 UTC,1785758400000,1785758400,2026-08-03 20:59:59 UTC,1785790799999,1785790799,0.4023,0.3905,0.00608,0.37834,0.45022,0.45022,50.0,2.98,5.96,WIN,5.96,11.91,9
84,VELVETUSDT,LONG,2026-08-03 13:00:00 UTC,1785762000000,1785762000,2026-08-05 05:59:59 UTC,1785909599999,1785909599,0.4072,0.3905,0.00617,0.37816,0.46527,0.46527,50.0,3.57,7.13,WIN,7.13,14.26,41
85,VELVETUSDT,LONG,2026-08-03 14:00:00 UTC,1785765600000,1785765600,2026-08-05 08:59:59 UTC,1785920399999,1785920399,0.4094,0.3905,0.00615,0.3782,0.47179,0.47179,50.0,3.81,7.62,WIN,7.62,15.24,43
86,VELVETUSDT,LONG,2026-08-03 15:00:00 UTC,1785769200000,1785769200,2026-08-05 08:59:59 UTC,1785920399999,1785920399,0.4161,0.3905,0.00639,0.37772,0.49285,0.49285,50.0,4.61,9.22,WIN,9.22,18.45,42
87,VELVETUSDT,LONG,2026-08-03 16:00:00 UTC,1785772800000,1785772800,2026-08-05 08:59:59 UTC,1785920399999,1785920399,0.4092,0.3905,0.00685,0.37681,0.47398,0.47398,50.0,3.96,7.92,WIN,7.92,15.83,41
88,VELVETUSDT,LONG,2026-08-03 17:00:00 UTC,1785776400000,1785776400,2026-08-05 08:59:59 UTC,1785920399999,1785920399,0.4117,0.3905,0.00719,0.37613,0.48284,0.48284,50.0,4.32,8.64,WIN,8.64,17.28,40
89,VELVETUSDT,LONG,2026-08-03 18:00:00 UTC,1785780000000,1785780000,2026-08-05 16:59:59 UTC,1785949199999,1785949199,0.4277,0.3905,0.00805,0.3744,0.5343,0.5343,50.0,6.23,12.46,WIN,12.46,24.92,47
90,VELVETUSDT,LONG,2026-08-03 19:00:00 UTC,1785783600000,1785783600,2026-08-05 16:59:59 UTC,1785949199999,1785949199,0.4301,0.3905,0.00811,0.37428,0.54175,0.54175,50.0,6.49,12.98,WIN,12.98,25.96,46
91,VELVETUSDT,LONG,2026-08-03 20:00:00 UTC,1785787200000,1785787200,2026-08-05 16:59:59 UTC,1785949199999,1785949199,0.4281,0.3905,0.008,0.37449,0.53531,0.53531,50.0,6.26,12.52,WIN,12.52,25.04,45
92,VELVETUSDT,LONG,2026-08-03 21:00:00 UTC,1785790800000,1785790800,2026-08-11 10:59:59 UTC,1786445999999,1786445999,0.4492,0.3905,0.00923,0.37204,0.60353,0.60353,50.0,8.59,17.18,WIN,17.18,34.36,182
93,VELVETUSDT,LONG,2026-08-03 22:00:00 UTC,1785794400000,1785794400,2026-08-11 09:59:59 UTC,1786442399999,1786442399,0.4405,0.3905,0.00929,0.37191,0.57768,0.57768,50.0,7.79,15.57,WIN,15.57,31.14,180
94,VELVETUSDT,LONG,2026-08-03 23:00:00 UTC,1785798000000,1785798000,2026-08-11 09:59:59 UTC,1786442399999,1786442399,0.4404,0.3905,0.0102,0.3701,0.58101,0.58101,50.0,7.98,15.96,WIN,15.96,31.93,179
95,VELVETUSDT,LONG,2026-08-04 00:00:00 UTC,1785801600000,1785801600,2026-08-05 16:59:59 UTC,1785949199999,1785949199,0.4257,0.3905,0.01084,0.36883,0.53945,0.53945,50.0,6.68,13.36,WIN,13.36,26.72,41
96,VELVETUSDT,LONG,2026-08-04 01:00:00 UTC,1785805200000,1785805200,2026-08-05 13:59:59 UTC,1785938399999,1785938399,0.4198,0.3905,0.01088,0.36875,0.52191,0.52191,50.0,6.08,12.16,WIN,12.16,24.32,37
97,VELVETUSDT,LONG,2026-08-04 02:00:00 UTC,1785808800000,1785808800,2026-08-11 09:59:59 UTC,1786442399999,1786442399,0.4372,0.3905,0.01165,0.3672,0.5772,0.5772,50.0,8.01,16.01,WIN,16.01,32.02,176
98,VELVETUSDT,LONG,2026-08-04 03:00:00 UTC,1785812400000,1785812400,2026-08-11 09:59:59 UTC,1786442399999,1786442399,0.4416,0.3905,0.01158,0.36735,0.5901,0.5901,50.0,8.41,16.81,WIN,16.81,33.63,175
99,VELVETUSDT,LONG,2026-08-04 04:00:00 UTC,1785816000000,1785816000,2026-08-11 09:59:59 UTC,1786442399999,1786442399,0.4399,0.3905,0.01159,0.36732,0.58507,0.58507,50.0,8.25,16.5,WIN,16.5,33.0,174
100,VELVETUSDT,LONG,2026-08-04 05:00:00 UTC,1785819600000,1785819600,2026-08-11 09:59:59 UTC,1786442399999,1786442399,0.4342,0.3905,0.01153,0.36743,0.56774,0.56774,50.0,7.69,15.38,WIN,15.38,30.76,173
101,VELVETUSDT,LONG,2026-08-04 06:00:00 UTC,1785823200000,1785823200,2026-08-05 16:59:59 UTC,1785949199999,1785949199,0.4294,0.3905,0.01126,0.36798,0.55224,0.55224,50.0,7.15,14.3,WIN,14.3,28.61,35
102,VELVETUSDT,LONG,2026-08-04 07:00:00 UTC,1785826800000,1785826800,2026-08-05 16:59:59 UTC,1785949199999,1785949199,0.4256,0.3905,0.01101,0.36847,0.53985,0.53985,50.0,6.71,13.42,WIN,13.42,26.85,34
103,VELVETUSDT,LONG,2026-08-04 08:00:00 UTC,1785830400000,1785830400,2026-08-05 16:59:59 UTC,1785949199999,1785949199,0.4241,0.3905,0.01113,0.36823,0.53584,0.53584,50.0,6.59,13.17,WIN,13.17,26.35,33
104,VELVETUSDT,LONG,2026-08-04 09:00:00 UTC,1785834000000,1785834000,2026-08-11 09:59:59 UTC,1786442399999,1786442399,0.4329,0.3905,0.01126,0.36798,0.56274,0.56274,50.0,7.5,15.0,WIN,15.0,29.99,169
105,VELVETUSDT,LONG,2026-08-04 10:00:00 UTC,1785837600000,1785837600,2026-08-11 09:59:59 UTC,1786442399999,1786442399,0.4341,0.3905,0.01091,0.36867,0.56495,0.56495,50.0,7.54,15.07,WIN,15.07,30.14,168
106,VELVETUSDT,LONG,2026-08-04 11:00:00 UTC,1785841200000,1785841200,2026-08-11 09:59:59 UTC,1786442399999,1786442399,0.4373,0.3905,0.01079,0.36892,0.57406,0.57406,50.0,7.82,15.64,WIN,15.64,31.27,167
107,VELVETUSDT,LONG,2026-08-04 12:00:00 UTC,1785844800000,1785844800,2026-08-11 09:59:59 UTC,1786442399999,1786442399,0.4416,0.3905,0.01074,0.36902,0.58677,0.58677,50.0,8.22,16.44,WIN,16.44,32.87,166
108,VELVETUSDT,LONG,2026-08-04 13:00:00 UTC,1785848400000,1785848400,2026-08-11 09:59:59 UTC,1786442399999,1786442399,0.4359,0.3905,0.01052,0.36945,0.5688,0.5688,50.0,7.62,15.24,WIN,15.24,30.49,165
109,VELVETUSDT,LONG,2026-08-04 14:00:00 UTC,1785852000000,1785852000,2026-08-11 10:59:59 UTC,1786445999999,1786445999,0.4456,0.3905,0.01084,0.36883,0.59915,0.59915,50.0,8.61,17.23,WIN,17.23,34.46,165
110,VELVETUSDT,LONG,2026-08-04 15:00:00 UTC,1785855600000,1785855600,2026-08-11 10:59:59 UTC,1786445999999,1786445999,0.4461,0.3905,0.01066,0.36919,0.59992,0.59992,50.0,8.62,17.24,WIN,17.24,34.48,164
111,VELVETUSDT,LONG,2026-08-04 16:00:00 UTC,1785859200000,1785859200,2026-08-11 10:59:59 UTC,1786445999999,1786445999,0.4469,0.3905,0.01062,0.36927,0.60216,0.60216,50.0,8.69,17.37,WIN,17.37,34.74,163
112,VELVETUSDT,LONG,2026-08-04 17:00:00 UTC,1785862800000,1785862800,2026-08-11 10:59:59 UTC,1786445999999,1786445999,0.451,0.3905,0.01135,0.3678,0.6174,0.6174,50.0,9.22,18.45,WIN,18.45,36.9,162
113,VELVETUSDT,LONG,2026-08-04 18:00:00 UTC,1785866400000,1785866400,2026-08-11 10:59:59 UTC,1786445999999,1786445999,0.4503,0.3905,0.011,0.36851,0.61389,0.61389,50.0,9.08,18.16,WIN,18.16,36.33,161
114,VELVETUSDT,LONG,2026-08-04 19:00:00 UTC,1785870000000,1785870000,2026-08-11 10:59:59 UTC,1786445999999,1786445999,0.4473,0.3905,0.01081,0.36888,0.60415,0.60415,50.0,8.77,17.53,WIN,17.53,35.06,160
115,VELVETUSDT,LONG,2026-08-04 20:00:00 UTC,1785873600000,1785873600,2026-08-11 09:59:59 UTC,1786442399999,1786442399,0.4438,0.3905,0.01063,0.36924,0.59293,0.59293,50.0,8.4,16.8,WIN,16.8,33.6,158
116,VELVETUSDT,LONG,2026-08-04 21:00:00 UTC,1785877200000,1785877200,2026-08-11 09:59:59 UTC,1786442399999,1786442399,0.4407,0.3905,0.01033,0.36984,0.58242,0.58242,50.0,8.04,16.08,WIN,16.08,32.16,157
117,VELVETUSDT,LONG,2026-08-04 22:00:00 UTC,1785880800000,1785880800,2026-08-11 09:59:59 UTC,1786442399999,1786442399,0.4371,0.3905,0.00994,0.37062,0.57007,0.57007,50.0,7.61,15.21,WIN,15.21,30.42,156
118,VELVETUSDT,LONG,2026-08-04 23:00:00 UTC,1785884400000,1785884400,2026-08-11 09:59:59 UTC,1786442399999,1786442399,0.4372,0.3905,0.00962,0.37125,0.5691,0.5691,50.0,7.54,15.08,WIN,15.08,30.17,155
119,VELVETUSDT,LONG,2026-08-05 00:00:00 UTC,1785888000000,1785888000,2026-08-11 09:59:59 UTC,1786442399999,1786442399,0.4362,0.3905,0.00927,0.37197,0.56466,0.56466,50.0,7.36,14.73,WIN,14.73,29.45,154
120,VELVETUSDT,LONG,2026-08-05 01:00:00 UTC,1785891600000,1785891600,2026-08-11 09:59:59 UTC,1786442399999,1786442399,0.4412,0.3905,0.00928,0.37195,0.5797,0.5797,50.0,7.85,15.7,WIN,15.7,31.39,153
121,VELVETUSDT,LONG,2026-08-05 02:00:00 UTC,1785895200000,1785895200,2026-08-11 09:59:59 UTC,1786442399999,1786442399,0.442,0.3905,0.00902,0.37246,0.58108,0.58108,50.0,7.87,15.73,WIN,15.73,31.47,152
122,VELVETUSDT,LONG,2026-08-05 03:00:00 UTC,1785898800000,1785898800,2026-08-11 10:59:59 UTC,1786445999999,1786445999,0.4479,0.3905,0.0089,0.37271,0.59829,0.59829,50.0,8.39,16.79,WIN,16.79,33.58,152
123,VELVETUSDT,LONG,2026-08-05 04:00:00 UTC,1785902400000,1785902400,2026-08-11 10:59:59 UTC,1786445999999,1786445999,0.4557,0.3905,0.00923,0.37205,0.623,0.623,50.0,9.18,18.36,WIN,18.36,36.71,151
124,VELVETUSDT,LONG,2026-08-05 05:00:00 UTC,1785906000000,1785906000,2026-08-11 10:59:59 UTC,1786445999999,1786445999,0.4526,0.3905,0.00892,0.37267,0.61247,0.61247,50.0,8.83,17.66,WIN,17.66,35.32,150
125,VELVETUSDT,LONG,2026-08-05 06:00:00 UTC,1785909600000,1785909600,2026-08-11 10:59:59 UTC,1786445999999,1786445999,0.4679,0.3905,0.00946,0.37158,0.66053,0.66053,50.0,10.29,20.58,WIN,20.58,41.17,149
126,VELVETUSDT,LONG,2026-08-05 07:00:00 UTC,1785913200000,1785913200,2026-08-11 10:59:59 UTC,1786445999999,1786445999,0.4659,0.3905,0.00967,0.37116,0.65537,0.65537,50.0,10.17,20.33,WIN,20.33,40.67,148
127,VELVETUSDT,LONG,2026-08-05 08:00:00 UTC,1785916800000,1785916800,2026-08-11 10:59:59 UTC,1786445999999,1786445999,0.4645,0.3905,0.00991,0.37069,0.65213,0.65213,50.0,10.1,20.2,WIN,20.2,40.39,147
128,VELVETUSDT,LONG,2026-08-05 09:00:00 UTC,1785920400000,1785920400,2026-08-11 10:59:59 UTC,1786445999999,1786445999,0.4859,0.3905,0.01158,0.36734,0.72301,0.72301,50.0,12.2,24.4,WIN,24.4,48.8,146
129,VELVETUSDT,LONG,2026-08-05 10:00:00 UTC,1785924000000,1785924000,2026-08-11 10:59:59 UTC,1786445999999,1786445999,0.4775,0.3905,0.01169,0.36711,0.69827,0.69827,50.0,11.56,23.12,WIN,23.12,46.24,145
130,VELVETUSDT,LONG,2026-08-05 11:00:00 UTC,1785927600000,1785927600,2026-08-11 10:59:59 UTC,1786445999999,1786445999,0.4765,0.3905,0.01204,0.36643,0.69665,0.69665,50.0,11.55,23.1,WIN,23.1,46.2,144
131,VELVETUSDT,LONG,2026-08-05 12:00:00 UTC,1785931200000,1785931200,2026-08-11 10:59:59 UTC,1786445999999,1786445999,0.4925,0.3905,0.01258,0.36535,0.74681,0.74681,50.0,12.91,25.82,WIN,25.82,51.64,143
132,VELVETUSDT,LONG,2026-08-05 13:00:00 UTC,1785934800000,1785934800,2026-08-11 10:59:59 UTC,1786445999999,1786445999,0.4893,0.3905,0.01246,0.36559,0.73673,0.73673,50.0,12.64,25.28,WIN,25.28,50.57,142
133,VELVETUSDT,LONG,2026-08-05 14:00:00 UTC,1785938400000,1785938400,2026-08-11 11:59:59 UTC,1786449599999,1786449599,0.5157,0.3905,0.01408,0.36234,0.82243,0.82243,50.0,14.87,29.74,WIN,29.74,59.48,142
134,VELVETUSDT,LONG,2026-08-05 15:00:00 UTC,1785942000000,1785942000,2026-08-11 10:59:59 UTC,1786445999999,1786445999,0.5101,0.3905,0.01499,0.36052,0.80926,0.80926,50.0,14.66,29.32,WIN,29.32,58.65,140
135,VELVETUSDT,LONG,2026-08-05 16:00:00 UTC,1785945600000,1785945600,2026-08-11 11:59:59 UTC,1786449599999,1786449599,0.525,0.3905,0.01661,0.35728,0.86045,0.86045,50.0,15.97,31.95,WIN,31.95,63.9,140
136,VELVETUSDT,LONG,2026-08-05 17:00:00 UTC,1785949200000,1785949200,2026-08-14 05:59:59 UTC,1786687199999,1786687199,0.542,0.3905,0.01843,0.35363,0.91873,0.91873,50.0,17.38,34.75,WIN,34.75,69.51,205
137,VELVETUSDT,LONG,2026-08-05 18:00:00 UTC,1785952800000,1785952800,2026-08-14 05:59:59 UTC,1786687199999,1786687199,0.545,0.3905,0.0192,0.3521,0.93081,0.93081,50.0,17.7,35.4,WIN,35.4,70.79,204
138,VELVETUSDT,LONG,2026-08-05 19:00:00 UTC,1785956400000,1785956400,2026-08-11 11:59:59 UTC,1786449599999,1786449599,0.5175,0.3905,0.0206,0.3493,0.85391,0.85391,50.0,16.25,32.5,WIN,32.5,65.01,137
139,VELVETUSDT,LONG,2026-08-05 20:00:00 UTC,1785960000000,1785960000,2026-08-11 11:59:59 UTC,1786449599999,1786449599,0.5094,0.3905,0.02034,0.34983,0.82855,0.82855,50.0,15.66,31.33,WIN,31.33,62.65,136
140,VELVETUSDT,LONG,2026-08-05 21:00:00 UTC,1785963600000,1785963600,2026-08-11 10:59:59 UTC,1786445999999,1786445999,0.4868,0.3905,0.02101,0.34849,0.76342,0.76342,50.0,14.21,28.41,WIN,28.41,56.83,134
141,VELVETUSDT,LONG,2026-08-05 22:00:00 UTC,1785967200000,1785967200,2026-08-11 10:59:59 UTC,1786445999999,1786445999,0.4932,0.3905,0.02086,0.34879,0.78202,0.78202,50.0,14.64,29.28,WIN,29.28,58.56,133
142,VELVETUSDT,LONG,2026-08-05 23:00:00 UTC,1785970800000,1785970800,2026-08-11 10:59:59 UTC,1786445999999,1786445999,0.4767,0.3905,0.02068,0.34914,0.73182,0.73182,50.0,13.38,26.76,WIN,26.76,53.52,132
143,VELVETUSDT,LONG,2026-08-06 00:00:00 UTC,1785974400000,1785974400,2026-08-11 10:59:59 UTC,1786445999999,1786445999,0.4628,0.3905,0.02065,0.34919,0.69001,0.69001,50.0,12.27,24.55,WIN,24.55,49.1,131
144,VELVETUSDT,LONG,2026-08-06 01:00:00 UTC,1785978000000,1785978000,2026-08-11 10:59:59 UTC,1786445999999,1786445999,0.4567,0.3905,0.02027,0.34996,0.67018,0.67018,50.0,11.69,23.37,WIN,23.37,46.74,130
145,VELVETUSDT,LONG,2026-08-06 02:00:00 UTC,1785981600000,1785981600,2026-08-11 10:59:59 UTC,1786445999999,1786445999,0.4612,0.3905,0.01965,0.3512,0.68121,0.68121,50.0,11.93,23.85,WIN,23.85,47.7,129
146,VELVETUSDT,LONG,2026-08-06 03:00:00 UTC,1785985200000,1785985200,2026-08-11 10:59:59 UTC,1786445999999,1786445999,0.4769,0.3905,0.02013,0.35025,0.73021,0.73021,50.0,13.28,26.56,WIN,26.56,53.11,128
147,VELVETUSDT,LONG,2026-08-06 04:00:00 UTC,1785988800000,1785988800,2026-08-11 10:59:59 UTC,1786445999999,1786445999,0.485,0.3905,0.01962,0.35125,0.7525,0.7525,50.0,13.79,27.58,WIN,27.58,55.15,127
148,VELVETUSDT,LONG,2026-08-06 05:00:00 UTC,1785992400000,1785992400,2026-08-11 10:59:59 UTC,1786445999999,1786445999,0.5003,0.3905,0.02002,0.35047,0.79996,0.79996,50.0,14.97,29.95,WIN,29.95,59.9,126
149,VELVETUSDT,LONG,2026-08-06 06:00:00 UTC,1785996000000,1785996000,2026-08-11 10:59:59 UTC,1786445999999,1786445999,0.4907,0.3905,0.01949,0.35153,0.76904,0.76904,50.0,14.18,28.36,WIN,28.36,56.72,125
150,VELVETUSDT,LONG,2026-08-06 07:00:00 UTC,1785999600000,1785999600,2026-08-11 10:59:59 UTC,1786445999999,1786445999,0.4931,0.3905,0.0193,0.3519,0.7755,0.7755,50.0,14.32,28.64,WIN,28.64,57.27,124
151,VELVETUSDT,LONG,2026-08-06 08:00:00 UTC,1786003200000,1786003200,2026-08-11 10:59:59 UTC,1786445999999,1786445999,0.4758,0.3905,0.01936,0.35178,0.72383,0.72383,50.0,13.03,26.06,WIN,26.06,52.13,123
152,VELVETUSDT,LONG,2026-08-06 09:00:00 UTC,1786006800000,1786006800,2026-08-11 10:59:59 UTC,1786445999999,1786445999,0.4723,0.3905,0.01867,0.35316,0.71057,0.71057,50.0,12.61,25.22,WIN,25.22,50.45,122
153,VELVETUSDT,LONG,2026-08-06 10:00:00 UTC,1786010400000,1786010400,2026-08-11 10:59:59 UTC,1786445999999,1786445999,0.4791,0.3905,0.01856,0.35339,0.73053,0.73053,50.0,13.12,26.24,WIN,26.24,52.48,121
154,VELVETUSDT,LONG,2026-08-06 11:00:00 UTC,1786014000000,1786014000,2026-08-11 10:59:59 UTC,1786445999999,1786445999,0.4761,0.3905,0.0183,0.3539,0.72051,0.72051,50.0,12.83,25.67,WIN,25.67,51.34,120
155,VELVETUSDT,LONG,2026-08-06 12:00:00 UTC,1786017600000,1786017600,2026-08-11 10:59:59 UTC,1786445999999,1786445999,0.4793,0.3905,0.01783,0.35484,0.72822,0.72822,50.0,12.98,25.97,WIN,25.97,51.93,119
156,VELVETUSDT,LONG,2026-08-06 13:00:00 UTC,1786021200000,1786021200,2026-08-11 10:59:59 UTC,1786445999999,1786445999,0.4852,0.3917,0.01709,0.35753,0.74054,0.74054,50.0,13.16,26.31,WIN,26.31,52.63,118
157,VELVETUSDT,LONG,2026-08-06 14:00:00 UTC,1786024800000,1786024800,2026-08-11 10:59:59 UTC,1786445999999,1786445999,0.4762,0.3917,0.01689,0.35791,0.71278,0.71278,50.0,12.42,24.84,WIN,24.84,49.68,117
158,VELVETUSDT,LONG,2026-08-06 15:00:00 UTC,1786028400000,1786028400,2026-08-11 10:59:59 UTC,1786445999999,1786445999,0.4894,0.3917,0.01687,0.35795,0.75229,0.75229,50.0,13.43,26.86,WIN,26.86,53.72,116
159,VELVETUSDT,LONG,2026-08-06 16:00:00 UTC,1786032000000,1786032000,2026-08-11 10:59:59 UTC,1786445999999,1786445999,0.486,0.3917,0.01629,0.35912,0.73976,0.73976,50.0,13.05,26.11,WIN,26.11,52.21,115
160,VELVETUSDT,LONG,2026-08-06 17:00:00 UTC,1786035600000,1786035600,2026-08-11 10:59:59 UTC,1786445999999,1786445999,0.473,0.3917,0.01632,0.35906,0.70087,0.70087,50.0,12.04,24.09,WIN,24.09,48.18,114
161,VELVETUSDT,LONG,2026-08-06 18:00:00 UTC,1786039200000,1786039200,2026-08-11 10:59:59 UTC,1786445999999,1786445999,0.4684,0.3917,0.01616,0.35938,0.68644,0.68644,50.0,11.64,23.27,WIN,23.27,46.55,113
162,VELVETUSDT,LONG,2026-08-06 19:00:00 UTC,1786042800000,1786042800,2026-08-11 10:59:59 UTC,1786445999999,1786445999,0.4724,0.3917,0.01557,0.36056,0.69608,0.69608,50.0,11.84,23.67,WIN,23.67,47.35,112
163,VELVETUSDT,LONG,2026-08-06 20:00:00 UTC,1786046400000,1786046400,2026-08-11 10:59:59 UTC,1786445999999,1786445999,0.4764,0.3932,0.01516,0.36287,0.70346,0.70346,50.0,11.92,23.83,WIN,23.83,47.66,111
164,VELVETUSDT,LONG,2026-08-06 21:00:00 UTC,1786050000000,1786050000,2026-08-11 10:59:59 UTC,1786445999999,1786445999,0.475,0.3945,0.01458,0.36534,0.69433,0.69433,50.0,11.54,23.09,WIN,23.09,46.17,110
165,VELVETUSDT,LONG,2026-08-06 22:00:00 UTC,1786053600000,1786053600,2026-08-11 10:59:59 UTC,1786445999999,1786445999,0.4709,0.3945,0.01398,0.36655,0.6796,0.6796,50.0,11.08,22.16,WIN,22.16,44.32,109
166,VELVETUSDT,LONG,2026-08-06 23:00:00 UTC,1786057200000,1786057200,2026-08-11 10:59:59 UTC,1786445999999,1786445999,0.4804,0.3945,0.01391,0.36669,0.70782,0.70782,50.0,11.84,23.67,WIN,23.67,47.34,108
167,VELVETUSDT,LONG,2026-08-07 00:00:00 UTC,1786060800000,1786060800,2026-08-11 10:59:59 UTC,1786445999999,1786445999,0.4799,0.3945,0.0137,0.3671,0.70549,0.70549,50.0,11.75,23.5,WIN,23.5,47.01,107
168,VELVETUSDT,LONG,2026-08-07 01:00:00 UTC,1786064400000,1786064400,2026-08-11 10:59:59 UTC,1786445999999,1786445999,0.4792,0.3945,0.01346,0.36757,0.70245,0.70245,50.0,11.65,23.29,WIN,23.29,46.59,106
169,VELVETUSDT,LONG,2026-08-07 02:00:00 UTC,1786068000000,1786068000,2026-08-11 10:59:59 UTC,1786445999999,1786445999,0.4639,0.3945,0.01379,0.36691,0.65788,0.65788,50.0,10.45,20.91,WIN,20.91,41.81,105
170,VELVETUSDT,LONG,2026-08-07 03:00:00 UTC,1786071600000,1786071600,2026-08-11 10:59:59 UTC,1786445999999,1786445999,0.4645,0.3945,0.01344,0.36761,0.65828,0.65828,50.0,10.43,20.86,WIN,20.86,41.72,104
171,VELVETUSDT,LONG,2026-08-07 04:00:00 UTC,1786075200000,1786075200,2026-08-11 10:59:59 UTC,1786445999999,1786445999,0.4605,0.3945,0.01314,0.36822,0.64507,0.64507,50.0,10.02,20.04,WIN,20.04,40.08,103
172,VELVETUSDT,LONG,2026-08-07 05:00:00 UTC,1786078800000,1786078800,2026-08-11 10:59:59 UTC,1786445999999,1786445999,0.4515,0.3945,0.0132,0.36811,0.61828,0.61828,50.0,9.23,18.47,WIN,18.47,36.94,102
173,VELVETUSDT,LONG,2026-08-07 06:00:00 UTC,1786082400000,1786082400,2026-08-11 10:59:59 UTC,1786445999999,1786445999,0.4538,0.3945,0.01273,0.36904,0.62333,0.62333,50.0,9.34,18.68,WIN,18.68,37.36,101
174,VELVETUSDT,LONG,2026-08-07 07:00:00 UTC,1786086000000,1786086000,2026-08-11 10:59:59 UTC,1786445999999,1786445999,0.4517,0.3945,0.01227,0.36996,0.61519,0.61519,50.0,9.05,18.1,WIN,18.1,36.19,100
175,VELVETUSDT,LONG,2026-08-07 08:00:00 UTC,1786089600000,1786089600,2026-08-11 10:59:59 UTC,1786445999999,1786445999,0.4495,0.3945,0.01214,0.37022,0.60805,0.60805,50.0,8.82,17.64,WIN,17.64,35.27,99
176,VELVETUSDT,LONG,2026-08-07 09:00:00 UTC,1786093200000,1786093200,2026-08-11 10:59:59 UTC,1786445999999,1786445999,0.455,0.3963,0.01189,0.37253,0.61994,0.61994,50.0,9.06,18.13,WIN,18.13,36.25,98
177,VELVETUSDT,LONG,2026-08-07 10:00:00 UTC,1786096800000,1786096800,2026-08-11 10:59:59 UTC,1786445999999,1786445999,0.4623,0.3963,0.01162,0.37307,0.64076,0.64076,50.0,9.65,19.3,WIN,19.3,38.6,97
178,VELVETUSDT,LONG,2026-08-07 11:00:00 UTC,1786100400000,1786100400,2026-08-11 10:59:59 UTC,1786445999999,1786445999,0.461,0.3963,0.01109,0.37411,0.63477,0.63477,50.0,9.42,18.85,WIN,18.85,37.69,96
179,VELVETUSDT,LONG,2026-08-07 12:00:00 UTC,1786104000000,1786104000,2026-08-11 10:59:59 UTC,1786445999999,1786445999,0.4639,0.3963,0.01093,0.37444,0.64282,0.64282,50.0,9.64,19.28,WIN,19.28,38.57,95
180,VELVETUSDT,LONG,2026-08-07 13:00:00 UTC,1786107600000,1786107600,2026-08-11 10:59:59 UTC,1786445999999,1786445999,0.47,0.3985,0.01089,0.37672,0.65657,0.65657,50.0,9.92,19.85,WIN,19.85,39.69,94
181,VELVETUSDT,LONG,2026-08-07 14:00:00 UTC,1786111200000,1786111200,2026-08-11 10:59:59 UTC,1786445999999,1786445999,0.4762,0.3985,0.0109,0.3767,0.6752,0.6752,50.0,10.45,20.89,WIN,20.89,41.79,93
182,VELVETUSDT,LONG,2026-08-07 15:00:00 UTC,1786114800000,1786114800,2026-08-11 10:59:59 UTC,1786445999999,1786445999,0.4783,0.3994,0.01111,0.37719,0.68052,0.68052,50.0,10.57,21.14,WIN,21.14,42.28,92
183,VELVETUSDT,LONG,2026-08-07 16:00:00 UTC,1786118400000,1786118400,2026-08-11 10:59:59 UTC,1786445999999,1786445999,0.4828,0.4021,0.01097,0.38016,0.68808,0.68808,50.0,10.63,21.26,WIN,21.26,42.52,91
184,VELVETUSDT,LONG,2026-08-07 17:00:00 UTC,1786122000000,1786122000,2026-08-11 10:59:59 UTC,1786445999999,1786445999,0.4804,0.4042,0.01096,0.38228,0.67663,0.67663,50.0,10.21,20.42,WIN,20.42,40.85,90
185,VELVETUSDT,LONG,2026-08-07 18:00:00 UTC,1786125600000,1786125600,2026-08-11 10:59:59 UTC,1786445999999,1786445999,0.48,0.407,0.01054,0.38592,0.66816,0.66816,50.0,9.8,19.6,WIN,19.6,39.2,89
186,VELVETUSDT,LONG,2026-08-07 19:00:00 UTC,1786129200000,1786129200,2026-08-11 10:59:59 UTC,1786445999999,1786445999,0.485,0.407,0.01043,0.38614,0.68272,0.68272,50.0,10.19,20.38,WIN,20.38,40.77,88
187,VELVETUSDT,LONG,2026-08-07 20:00:00 UTC,1786132800000,1786132800,2026-08-11 10:59:59 UTC,1786445999999,1786445999,0.4812,0.407,0.01018,0.38663,0.67034,0.67034,50.0,9.83,19.65,WIN,19.65,39.31,87
188,VELVETUSDT,LONG,2026-08-07 21:00:00 UTC,1786136400000,1786136400,2026-08-11 10:59:59 UTC,1786445999999,1786445999,0.4758,0.4111,0.01004,0.39103,0.64534,0.64534,50.0,8.91,17.82,WIN,17.82,35.63,86
189,VELVETUSDT,LONG,2026-08-07 22:00:00 UTC,1786140000000,1786140000,2026-08-11 10:59:59 UTC,1786445999999,1786445999,0.4729,0.4147,0.00982,0.39506,0.62858,0.62858,50.0,8.23,16.46,WIN,16.46,32.92,85
190,VELVETUSDT,LONG,2026-08-07 23:00:00 UTC,1786143600000,1786143600,2026-08-11 10:59:59 UTC,1786445999999,1786445999,0.4796,0.4147,0.00995,0.39479,0.64921,0.64921,50.0,8.84,17.68,WIN,17.68,35.37,84
191,VELVETUSDT,LONG,2026-08-08 00:00:00 UTC,1786147200000,1786147200,2026-08-11 10:59:59 UTC,1786445999999,1786445999,0.4743,0.4147,0.00992,0.39486,0.63318,0.63318,50.0,8.37,16.75,WIN,16.75,33.5,83
192,VELVETUSDT,LONG,2026-08-08 01:00:00 UTC,1786150800000,1786150800,2026-08-11 10:59:59 UTC,1786445999999,1786445999,0.4719,0.4147,0.01024,0.39422,0.62726,0.62726,50.0,8.23,16.46,WIN,16.46,32.92,82
193,VELVETUSDT,LONG,2026-08-08 02:00:00 UTC,1786154400000,1786154400,2026-08-11 10:59:59 UTC,1786445999999,1786445999,0.4832,0.4147,0.0107,0.39331,0.66298,0.66298,50.0,9.3,18.6,WIN,18.6,37.21,81
194,VELVETUSDT,LONG,2026-08-08 03:00:00 UTC,1786158000000,1786158000,2026-08-11 10:59:59 UTC,1786445999999,1786445999,0.475,0.4147,0.0107,0.39331,0.63838,0.63838,50.0,8.6,17.2,WIN,17.2,34.4,80
195,VELVETUSDT,LONG,2026-08-08 04:00:00 UTC,1786161600000,1786161600,2026-08-11 10:59:59 UTC,1786445999999,1786445999,0.4827,0.4147,0.01077,0.39315,0.6618,0.6618,50.0,9.28,18.55,WIN,18.55,37.1,79
196,VELVETUSDT,LONG,2026-08-08 05:00:00 UTC,1786165200000,1786165200,2026-08-11 10:59:59 UTC,1786445999999,1786445999,0.4744,0.4178,0.01119,0.39542,0.63236,0.63236,50.0,8.32,16.65,WIN,16.65,33.3,78
197,VELVETUSDT,LONG,2026-08-08 06:00:00 UTC,1786168800000,1786168800,2026-08-11 10:59:59 UTC,1786445999999,1786445999,0.4742,0.4195,0.01089,0.39772,0.62716,0.62716,50.0,8.06,16.13,WIN,16.13,32.26,77
198,VELVETUSDT,LONG,2026-08-08 07:00:00 UTC,1786172400000,1786172400,2026-08-11 10:59:59 UTC,1786445999999,1786445999,0.4705,0.4195,0.01045,0.3986,0.6143,0.6143,50.0,7.64,15.28,WIN,15.28,30.56,76
199,VELVETUSDT,LONG,2026-08-08 08:00:00 UTC,1786176000000,1786176000,2026-08-11 09:59:59 UTC,1786442399999,1786442399,0.4635,0.4195,0.01045,0.39859,0.59331,0.59331,50.0,7.0,14.0,WIN,14.0,28.01,74
200,VELVETUSDT,LONG,2026-08-08 09:00:00 UTC,1786179600000,1786179600,2026-08-11 09:59:59 UTC,1786442399999,1786442399,0.4632,0.4195,0.00996,0.39959,0.59042,0.59042,50.0,6.87,13.73,WIN,13.73,27.47,73
201,VELVETUSDT,LONG,2026-08-08 10:00:00 UTC,1786183200000,1786183200,2026-08-11 09:59:59 UTC,1786442399999,1786442399,0.4645,0.4195,0.00959,0.40031,0.59288,0.59288,50.0,6.91,13.82,WIN,13.82,27.64,72
202,VELVETUSDT,LONG,2026-08-08 11:00:00 UTC,1786186800000,1786186800,2026-08-11 09:59:59 UTC,1786442399999,1786442399,0.4649,0.4195,0.00939,0.40072,0.59325,0.59325,50.0,6.9,13.8,WIN,13.8,27.61,71
203,VELVETUSDT,LONG,2026-08-08 12:00:00 UTC,1786190400000,1786190400,2026-08-11 09:59:59 UTC,1786442399999,1786442399,0.4645,0.4235,0.0091,0.40529,0.58291,0.58291,50.0,6.37,12.75,WIN,12.75,25.49,70
204,VELVETUSDT,LONG,2026-08-08 13:00:00 UTC,1786194000000,1786194000,2026-08-11 09:59:59 UTC,1786442399999,1786442399,0.4616,0.4296,0.00887,0.41185,0.5611,0.5611,50.0,5.39,10.78,WIN,10.78,21.55,69
205,VELVETUSDT,LONG,2026-08-08 14:00:00 UTC,1786197600000,1786197600,2026-08-11 09:59:59 UTC,1786442399999,1786442399,0.465,0.4332,0.00878,0.41565,0.5637,0.5637,50.0,5.31,10.61,WIN,10.61,21.23,68
206,VELVETUSDT,LONG,2026-08-08 15:00:00 UTC,1786201200000,1786201200,2026-08-11 09:59:59 UTC,1786442399999,1786442399,0.4622,0.4332,0.00844,0.41632,0.55397,0.55397,50.0,4.96,9.93,WIN,9.93,19.85,67
207,VELVETUSDT,LONG,2026-08-08 16:00:00 UTC,1786204800000,1786204800,2026-08-11 09:59:59 UTC,1786442399999,1786442399,0.4666,0.4332,0.00836,0.41648,0.56684,0.56684,50.0,5.37,10.74,WIN,10.74,21.48,66
208,VELVETUSDT,LONG,2026-08-08 17:00:00 UTC,1786208400000,1786208400,2026-08-11 09:59:59 UTC,1786442399999,1786442399,0.4637,0.4332,0.00811,0.41697,0.55715,0.55715,50.0,5.04,10.08,WIN,10.08,20.15,65
209,VELVETUSDT,LONG,2026-08-08 18:00:00 UTC,1786212000000,1786212000,2026-08-11 10:59:59 UTC,1786445999999,1786445999,0.4788,0.4332,0.00897,0.41526,0.60588,0.60588,50.0,6.64,13.27,WIN,13.27,26.54,65
210,VELVETUSDT,LONG,2026-08-08 19:00:00 UTC,1786215600000,1786215600,2026-08-11 09:59:59 UTC,1786442399999,1786442399,0.4729,0.4332,0.00901,0.41519,0.58833,0.58833,50.0,6.1,12.2,WIN,12.2,24.41,63
211,VELVETUSDT,LONG,2026-08-08 20:00:00 UTC,1786219200000,1786219200,2026-08-11 10:59:59 UTC,1786445999999,1786445999,0.4809,0.4332,0.00915,0.4149,0.6129,0.6129,50.0,6.86,13.72,WIN,13.72,27.45,63
212,VELVETUSDT,LONG,2026-08-08 21:00:00 UTC,1786222800000,1786222800,2026-08-11 10:59:59 UTC,1786445999999,1786445999,0.4782,0.4332,0.00892,0.41536,0.60387,0.60387,50.0,6.57,13.14,WIN,13.14,26.28,62
213,VELVETUSDT,LONG,2026-08-08 22:00:00 UTC,1786226400000,1786226400,2026-08-11 10:59:59 UTC,1786445999999,1786445999,0.4758,0.4332,0.00874,0.41571,0.59598,0.59598,50.0,6.31,12.63,WIN,12.63,25.26,61
214,VELVETUSDT,LONG,2026-08-08 23:00:00 UTC,1786230000000,1786230000,2026-08-11 09:59:59 UTC,1786442399999,1786442399,0.4631,0.4332,0.0091,0.415,0.5593,0.5593,50.0,5.19,10.39,WIN,10.39,20.77,59
215,VELVETUSDT,LONG,2026-08-09 00:00:00 UTC,1786233600000,1786233600,2026-08-11 09:59:59 UTC,1786442399999,1786442399,0.4703,0.4332,0.00988,0.41344,0.58401,0.58401,50.0,6.04,12.09,WIN,12.09,24.18,58
216,VELVETUSDT,LONG,2026-08-09 01:00:00 UTC,1786237200000,1786237200,2026-08-11 10:59:59 UTC,1786445999999,1786445999,0.481,0.4332,0.01011,0.41298,0.61703,0.61703,50.0,7.07,14.14,WIN,14.14,28.28,58
217,VELVETUSDT,LONG,2026-08-09 02:00:00 UTC,1786240800000,1786240800,2026-08-11 09:59:59 UTC,1786442399999,1786442399,0.4702,0.4332,0.01064,0.41193,0.58674,0.58674,50.0,6.2,12.39,WIN,12.39,24.79,56
218,VELVETUSDT,LONG,2026-08-09 03:00:00 UTC,1786244400000,1786244400,2026-08-11 10:59:59 UTC,1786445999999,1786445999,0.4766,0.4332,0.01055,0.41209,0.60562,0.60562,50.0,6.77,13.54,WIN,13.54,27.07,56
219,VELVETUSDT,LONG,2026-08-09 04:00:00 UTC,1786248000000,1786248000,2026-08-11 09:59:59 UTC,1786442399999,1786442399,0.4637,0.4335,0.01078,0.41194,0.56722,0.56722,50.0,5.58,11.16,WIN,11.16,22.32,54
220,VELVETUSDT,LONG,2026-08-09 05:00:00 UTC,1786251600000,1786251600,2026-08-11 09:59:59 UTC,1786442399999,1786442399,0.4686,0.4374,0.01085,0.4157,0.57441,0.57441,50.0,5.64,11.29,WIN,11.29,22.58,53
221,VELVETUSDT,LONG,2026-08-09 06:00:00 UTC,1786255200000,1786255200,2026-08-11 09:59:59 UTC,1786442399999,1786442399,0.472,0.4411,0.01073,0.41963,0.57674,0.57674,50.0,5.55,11.09,WIN,11.09,22.19,52
222,VELVETUSDT,LONG,2026-08-09 07:00:00 UTC,1786258800000,1786258800,2026-08-11 09:59:59 UTC,1786442399999,1786442399,0.4665,0.4413,0.01057,0.42015,0.5592,0.5592,50.0,4.97,9.94,WIN,9.94,19.87,51
223,VELVETUSDT,LONG,2026-08-09 08:00:00 UTC,1786262400000,1786262400,2026-08-11 09:59:59 UTC,1786442399999,1786442399,0.4704,0.4413,0.01081,0.41968,0.57185,0.57185,50.0,5.39,10.78,WIN,10.78,21.57,50
224,VELVETUSDT,LONG,2026-08-09 09:00:00 UTC,1786266000000,1786266000,2026-08-11 09:59:59 UTC,1786442399999,1786442399,0.4674,0.4413,0.01045,0.42039,0.56142,0.56142,50.0,5.03,10.06,WIN,10.06,20.11,49
225,VELVETUSDT,LONG,2026-08-09 10:00:00 UTC,1786269600000,1786269600,2026-08-11 09:59:59 UTC,1786442399999,1786442399,0.4701,0.4413,0.01031,0.42067,0.56896,0.56896,50.0,5.26,10.51,WIN,10.51,21.03,48
226,VELVETUSDT,LONG,2026-08-09 11:00:00 UTC,1786273200000,1786273200,2026-08-10 20:59:59 UTC,1786395599999,1786395599,0.466,0.4413,0.01015,0.421,0.556,0.421,50.0,4.83,9.66,LOSS,-4.83,-9.66,34
227,VELVETUSDT,LONG,2026-08-09 12:00:00 UTC,1786276800000,1786276800,2026-08-10 20:59:59 UTC,1786395599999,1786395599,0.4621,0.4413,0.00979,0.42172,0.54285,0.42172,50.0,4.37,8.74,LOSS,-4.37,-8.74,33
228,VELVETUSDT,LONG,2026-08-09 13:00:00 UTC,1786280400000,1786280400,2026-08-10 20:59:59 UTC,1786395599999,1786395599,0.4644,0.4413,0.00975,0.42181,0.54959,0.42181,50.0,4.59,9.17,LOSS,-4.59,-9.17,32
229,VELVETUSDT,LONG,2026-08-09 14:00:00 UTC,1786284000000,1786284000,2026-08-10 20:59:59 UTC,1786395599999,1786395599,0.4641,0.4413,0.0093,0.4227,0.5469,0.4227,50.0,4.46,8.92,LOSS,-4.46,-8.92,31
230,VELVETUSDT,LONG,2026-08-09 15:00:00 UTC,1786287600000,1786287600,2026-08-10 20:59:59 UTC,1786395599999,1786395599,0.4605,0.4413,0.00922,0.42286,0.53579,0.42286,50.0,4.09,8.17,LOSS,-4.09,-8.17,30
231,VELVETUSDT,LONG,2026-08-09 16:00:00 UTC,1786291200000,1786291200,2026-08-10 20:59:59 UTC,1786395599999,1786395599,0.4529,0.4413,0.00934,0.42262,0.51347,0.42262,50.0,3.34,6.69,LOSS,-3.34,-6.69,29
232,VELVETUSDT,LONG,2026-08-09 17:00:00 UTC,1786294800000,1786294800,2026-08-10 20:59:59 UTC,1786395599999,1786395599,0.4601,0.4413,0.00966,0.42198,0.53634,0.42198,50.0,4.14,8.29,LOSS,-4.14,-8.29,28
233,VELVETUSDT,LONG,2026-08-09 18:00:00 UTC,1786298400000,1786298400,2026-08-10 20:59:59 UTC,1786395599999,1786395599,0.4591,0.4413,0.00961,0.42209,0.53312,0.42209,50.0,4.03,8.06,LOSS,-4.03,-8.06,27
234,VELVETUSDT,LONG,2026-08-09 19:00:00 UTC,1786302000000,1786302000,2026-08-10 20:59:59 UTC,1786395599999,1786395599,0.4556,0.4413,0.00934,0.42262,0.52156,0.42262,50.0,3.62,7.24,LOSS,-3.62,-7.24,26
235,VELVETUSDT,LONG,2026-08-09 20:00:00 UTC,1786305600000,1786305600,2026-08-10 20:59:59 UTC,1786395599999,1786395599,0.4535,0.4413,0.00897,0.42335,0.5138,0.42335,50.0,3.32,6.65,LOSS,-3.32,-6.65,25
236,VELVETUSDT,LONG,2026-08-09 21:00:00 UTC,1786309200000,1786309200,2026-08-10 19:59:59 UTC,1786391999999,1786391999,0.4505,0.4413,0.00886,0.42358,0.50435,0.42358,50.0,2.99,5.98,LOSS,-2.99,-5.98,23
237,VELVETUSDT,LONG,2026-08-09 22:00:00 UTC,1786312800000,1786312800,2026-08-10 10:59:59 UTC,1786359599999,1786359599,0.4502,0.4413,0.00863,0.42404,0.50251,0.42404,50.0,2.91,5.81,LOSS,-2.91,-5.81,13
238,VELVETUSDT,LONG,2026-08-09 23:00:00 UTC,1786316400000,1786316400,2026-08-10 10:59:59 UTC,1786359599999,1786359599,0.448,0.4413,0.00856,0.42418,0.49565,0.42418,50.0,2.66,5.32,LOSS,-2.66,-5.32,12
239,VELVETUSDT,LONG,2026-08-10 00:00:00 UTC,1786320000000,1786320000,2026-08-10 10:59:59 UTC,1786359599999,1786359599,0.45,0.4413,0.00856,0.42417,0.50166,0.42417,50.0,2.87,5.74,LOSS,-2.87,-5.74,11
240,VELVETUSDT,LONG,2026-08-10 01:00:00 UTC,1786323600000,1786323600,2026-08-10 10:59:59 UTC,1786359599999,1786359599,0.4519,0.4413,0.00854,0.42422,0.50726,0.42422,50.0,3.06,6.12,LOSS,-3.06,-6.12,10
241,VELVETUSDT,LONG,2026-08-10 02:00:00 UTC,1786327200000,1786327200,2026-08-10 10:59:59 UTC,1786359599999,1786359599,0.453,0.4413,0.00834,0.42463,0.50974,0.42463,50.0,3.13,6.26,LOSS,-3.13,-6.26,9
242,VELVETUSDT,LONG,2026-08-10 03:00:00 UTC,1786330800000,1786330800,2026-08-10 10:59:59 UTC,1786359599999,1786359599,0.4525,0.4413,0.00813,0.42503,0.50743,0.42503,50.0,3.04,6.07,LOSS,-3.04,-6.07,8
243,VELVETUSDT,LONG,2026-08-10 04:00:00 UTC,1786334400000,1786334400,2026-08-10 10:59:59 UTC,1786359599999,1786359599,0.4528,0.4413,0.00794,0.42542,0.50755,0.42542,50.0,3.02,6.05,LOSS,-3.02,-6.05,7
244,VELVETUSDT,LONG,2026-08-10 05:00:00 UTC,1786338000000,1786338000,2026-08-10 10:59:59 UTC,1786359599999,1786359599,0.4555,0.4413,0.00785,0.4256,0.5153,0.4256,50.0,3.28,6.56,LOSS,-3.28,-6.56,6
245,VELVETUSDT,LONG,2026-08-10 06:00:00 UTC,1786341600000,1786341600,2026-08-10 10:59:59 UTC,1786359599999,1786359599,0.4535,0.4413,0.00767,0.42596,0.50857,0.42596,50.0,3.04,6.07,LOSS,-3.04,-6.07,5
246,VELVETUSDT,LONG,2026-08-10 07:00:00 UTC,1786345200000,1786345200,2026-08-10 10:59:59 UTC,1786359599999,1786359599,0.4522,0.4413,0.00753,0.42623,0.50414,0.42623,50.0,2.87,5.74,LOSS,-2.87,-5.74,4
247,VELVETUSDT,LONG,2026-08-10 08:00:00 UTC,1786348800000,1786348800,2026-08-10 10:59:59 UTC,1786359599999,1786359599,0.4555,0.4413,0.00753,0.42624,0.51403,0.42624,50.0,3.21,6.42,LOSS,-3.21,-6.42,3
248,VELVETUSDT,LONG,2026-08-10 09:00:00 UTC,1786352400000,1786352400,2026-08-10 10:59:59 UTC,1786359599999,1786359599,0.4467,0.4413,0.00772,0.42586,0.48839,0.42586,50.0,2.33,4.67,LOSS,-2.33,-4.67,2
249,VELVETUSDT,LONG,2026-08-10 10:00:00 UTC,1786356000000,1786356000,2026-08-10 10:59:59 UTC,1786359599999,1786359599,0.4425,0.4413,0.00791,0.42549,0.47653,0.42549,50.0,1.92,3.84,LOSS,-1.92,-3.84,1
250,VELVETUSDT,LONG,2026-08-10 11:00:00 UTC,1786359600000,1786359600,2026-08-11 09:59:59 UTC,1786442399999,1786442399,0.4351,0.424,0.00935,0.4053,0.4947,0.4947,50.0,3.42,6.85,WIN,6.85,13.7,23
251,VELVETUSDT,LONG,2026-08-10 12:00:00 UTC,1786363200000,1786363200,2026-08-11 09:59:59 UTC,1786442399999,1786442399,0.447,0.424,0.00982,0.40435,0.5323,0.5323,50.0,4.77,9.54,WIN,9.54,19.08,22
252,VELVETUSDT,LONG,2026-08-10 13:00:00 UTC,1786366800000,1786366800,2026-08-11 09:59:59 UTC,1786442399999,1786442399,0.4534,0.424,0.01053,0.40294,0.55432,0.55432,50.0,5.56,11.13,WIN,11.13,22.26,21
253,VELVETUSDT,LONG,2026-08-10 14:00:00 UTC,1786370400000,1786370400,2026-08-11 09:59:59 UTC,1786442399999,1786442399,0.4509,0.424,0.01039,0.40322,0.54627,0.54627,50.0,5.29,10.58,WIN,10.58,21.15,20
254,VELVETUSDT,LONG,2026-08-10 15:00:00 UTC,1786374000000,1786374000,2026-08-11 09:59:59 UTC,1786442399999,1786442399,0.4483,0.424,0.00997,0.40406,0.53678,0.53678,50.0,4.93,9.87,WIN,9.87,19.74,19
255,VELVETUSDT,LONG,2026-08-10 16:00:00 UTC,1786377600000,1786377600,2026-08-11 09:59:59 UTC,1786442399999,1786442399,0.4421,0.424,0.00996,0.40408,0.51813,0.51813,50.0,4.3,8.6,WIN,8.6,17.2,18
256,VELVETUSDT,LONG,2026-08-10 17:00:00 UTC,1786381200000,1786381200,2026-08-11 09:59:59 UTC,1786442399999,1786442399,0.4361,0.424,0.01005,0.40391,0.50049,0.50049,50.0,3.69,7.38,WIN,7.38,14.76,17
257,VELVETUSDT,LONG,2026-08-10 18:00:00 UTC,1786384800000,1786384800,2026-08-11 09:59:59 UTC,1786442399999,1786442399,0.4328,0.424,0.00999,0.40401,0.49038,0.49038,50.0,3.33,6.65,WIN,6.65,13.3,16
258,VELVETUSDT,LONG,2026-08-10 19:00:00 UTC,1786388400000,1786388400,2026-08-11 09:59:59 UTC,1786442399999,1786442399,0.4263,0.424,0.01001,0.40398,0.47093,0.47093,50.0,2.62,5.24,WIN,5.24,10.47,15
259,VELVETUSDT,LONG,2026-08-10 20:00:00 UTC,1786392000000,1786392000,2026-08-11 09:59:59 UTC,1786442399999,1786442399,0.424,0.4235,0.00994,0.40361,0.46477,0.46477,50.0,2.4,4.81,WIN,4.81,9.62,14
260,VELVETUSDT,LONG,2026-08-10 21:00:00 UTC,1786395600000,1786395600,2026-08-11 09:59:59 UTC,1786442399999,1786442399,0.4257,0.421,0.00963,0.40175,0.47361,0.47361,50.0,2.81,5.63,WIN,5.63,11.25,13
261,VELVETUSDT,LONG,2026-08-10 22:00:00 UTC,1786399200000,1786399200,2026-08-11 09:59:59 UTC,1786442399999,1786442399,0.4284,0.421,0.00928,0.40244,0.48033,0.48033,50.0,3.03,6.06,WIN,6.06,12.12,12
262,VELVETUSDT,LONG,2026-08-10 23:00:00 UTC,1786402800000,1786402800,2026-08-11 09:59:59 UTC,1786442399999,1786442399,0.4321,0.421,0.00914,0.40272,0.49086,0.49086,50.0,3.4,6.8,WIN,6.8,13.6,11
263,VELVETUSDT,LONG,2026-08-11 00:00:00 UTC,1786406400000,1786406400,2026-08-11 09:59:59 UTC,1786442399999,1786442399,0.435,0.421,0.00929,0.40241,0.50018,0.50018,50.0,3.75,7.49,WIN,7.49,14.98,10
264,VELVETUSDT,LONG,2026-08-11 01:00:00 UTC,1786410000000,1786410000,2026-08-11 09:59:59 UTC,1786442399999,1786442399,0.4333,0.421,0.00897,0.40307,0.49376,0.49376,50.0,3.49,6.98,WIN,6.98,13.95,9
265,VELVETUSDT,LONG,2026-08-11 02:00:00 UTC,1786413600000,1786413600,2026-08-11 09:59:59 UTC,1786442399999,1786442399,0.4352,0.421,0.00858,0.40383,0.49793,0.49793,50.0,3.6,7.21,WIN,7.21,14.41,8
266,VELVETUSDT,LONG,2026-08-11 03:00:00 UTC,1786417200000,1786417200,2026-08-11 09:59:59 UTC,1786442399999,1786442399,0.4339,0.421,0.00838,0.40423,0.49324,0.49324,50.0,3.42,6.84,WIN,6.84,13.68,7
267,VELVETUSDT,LONG,2026-08-11 04:00:00 UTC,1786420800000,1786420800,2026-08-11 09:59:59 UTC,1786442399999,1786442399,0.4393,0.421,0.00884,0.40333,0.51124,0.51124,50.0,4.09,8.19,WIN,8.19,16.38,6
268,VELVETUSDT,LONG,2026-08-11 05:00:00 UTC,1786424400000,1786424400,2026-08-11 09:59:59 UTC,1786442399999,1786442399,0.4333,0.421,0.00881,0.40338,0.49315,0.49315,50.0,3.45,6.91,WIN,6.91,13.81,5
269,VELVETUSDT,LONG,2026-08-11 06:00:00 UTC,1786428000000,1786428000,2026-08-11 09:59:59 UTC,1786442399999,1786442399,0.436,0.421,0.00875,0.40349,0.50101,0.50101,50.0,3.73,7.46,WIN,7.46,14.91,4
270,VELVETUSDT,LONG,2026-08-11 07:00:00 UTC,1786431600000,1786431600,2026-08-11 09:59:59 UTC,1786442399999,1786442399,0.4399,0.421,0.00871,0.40357,0.51256,0.51256,50.0,4.13,8.26,WIN,8.26,16.52,3
271,VELVETUSDT,LONG,2026-08-11 08:00:00 UTC,1786435200000,1786435200,2026-08-11 09:59:59 UTC,1786442399999,1786442399,0.4363,0.421,0.00843,0.40415,0.50061,0.50061,50.0,3.68,7.37,WIN,7.37,14.74,2
272,VELVETUSDT,LONG,2026-08-11 09:00:00 UTC,1786438800000,1786438800,2026-08-11 09:59:59 UTC,1786442399999,1786442399,0.4326,0.421,0.00841,0.40418,0.48944,0.48944,50.0,3.28,6.57,WIN,6.57,13.14,1
273,VELVETUSDT,LONG,2026-08-11 10:00:00 UTC,1786442400000,1786442400,2026-08-14 05:59:59 UTC,1786687199999,1786687199,0.5866,0.421,0.0195,0.38199,0.99581,0.99581,50.0,17.44,34.88,WIN,34.88,69.76,68
274,VELVETUSDT,LONG,2026-08-11 11:00:00 UTC,1786446000000,1786446000,2026-08-24 11:59:59 UTC,1787572799999,1787572799,0.7971,0.421,0.03584,0.34932,1.69265,0.34932,50.0,28.09,56.18,LOSS,-28.09,-56.18,313
275,VELVETUSDT,LONG,2026-08-11 12:00:00 UTC,1786449600000,1786449600,2026-08-24 11:59:59 UTC,1787572799999,1787572799,0.7016,0.421,0.04997,0.32106,1.46269,0.32106,50.0,27.12,54.24,LOSS,-27.12,-54.24,312
276,VELVETUSDT,LONG,2026-08-11 13:00:00 UTC,1786453200000,1786453200,2026-08-24 11:59:59 UTC,1787572799999,1787572799,0.7015,0.421,0.05201,0.31698,1.47054,0.31698,50.0,27.41,54.81,LOSS,-27.41,-54.81,311
277,VELVETUSDT,LONG,2026-08-11 14:00:00 UTC,1786456800000,1786456800,2026-08-24 11:59:59 UTC,1787572799999,1787572799,0.7062,0.421,0.05402,0.31297,1.49266,0.31297,50.0,27.84,55.68,LOSS,-27.84,-55.68,310
278,VELVETUSDT,LONG,2026-08-11 15:00:00 UTC,1786460400000,1786460400,2026-08-24 11:59:59 UTC,1787572799999,1787572799,0.6212,0.421,0.06434,0.29231,1.27897,0.29231,50.0,26.47,52.94,LOSS,-26.47,-52.94,309
279,VELVETUSDT,LONG,2026-08-11 16:00:00 UTC,1786464000000,1786464000,2026-08-24 11:59:59 UTC,1787572799999,1787572799,0.6841,0.421,0.06707,0.28686,1.47857,0.28686,50.0,29.03,58.07,LOSS,-29.03,-58.07,308
280,VELVETUSDT,LONG,2026-08-11 17:00:00 UTC,1786467600000,1786467600,2026-08-15 05:59:59 UTC,1786773599999,1786773599,0.6,0.421,0.06974,0.28152,1.23697,1.23697,50.0,26.54,53.08,WIN,53.08,106.16,85
281,VELVETUSDT,LONG,2026-08-11 18:00:00 UTC,1786471200000,1786471200,2026-08-24 11:59:59 UTC,1787572799999,1787572799,0.6112,0.421,0.06805,0.28491,1.26379,0.28491,50.0,26.69,53.39,LOSS,-26.69,-53.39,306
282,VELVETUSDT,LONG,2026-08-11 19:00:00 UTC,1786474800000,1786474800,2026-08-24 11:59:59 UTC,1787572799999,1787572799,0.6298,0.421,0.06536,0.29027,1.30886,0.29027,50.0,26.96,53.91,LOSS,-26.96,-53.91,305
283,VELVETUSDT,LONG,2026-08-11 20:00:00 UTC,1786478400000,1786478400,2026-08-24 11:59:59 UTC,1787572799999,1787572799,0.6302,0.421,0.06416,0.29268,1.30524,0.29268,50.0,26.78,53.56,LOSS,-26.78,-53.56,304
284,VELVETUSDT,LONG,2026-08-11 21:00:00 UTC,1786482000000,1786482000,2026-08-24 11:59:59 UTC,1787572799999,1787572799,0.6391,0.421,0.06149,0.29802,1.32127,0.29802,50.0,26.68,53.37,LOSS,-26.68,-53.37,303
285,VELVETUSDT,LONG,2026-08-11 22:00:00 UTC,1786485600000,1786485600,2026-08-15 05:59:59 UTC,1786773599999,1786773599,0.6006,0.421,0.0622,0.2966,1.2086,1.2086,50.0,25.31,50.62,WIN,50.62,101.23,80
286,VELVETUSDT,LONG,2026-08-11 23:00:00 UTC,1786489200000,1786489200,2026-08-15 05:59:59 UTC,1786773599999,1786773599,0.6089,0.421,0.05949,0.30202,1.22267,1.22267,50.0,25.2,50.4,WIN,50.4,100.8,79
287,VELVETUSDT,LONG,2026-08-12 00:00:00 UTC,1786492800000,1786492800,2026-08-15 05:59:59 UTC,1786773599999,1786773599,0.6111,0.421,0.05629,0.30841,1.21647,1.21647,50.0,24.77,49.53,WIN,49.53,99.06,78
288,VELVETUSDT,LONG,2026-08-12 01:00:00 UTC,1786496400000,1786496400,2026-08-15 05:59:59 UTC,1786773599999,1786773599,0.5884,0.421,0.05824,0.30453,1.15614,1.15614,50.0,24.12,48.24,WIN,48.24,96.49,77
289,VELVETUSDT,LONG,2026-08-12 02:00:00 UTC,1786500000000,1786500000,2026-08-15 05:59:59 UTC,1786773599999,1786773599,0.6111,0.421,0.05894,0.30312,1.22706,1.22706,50.0,25.2,50.4,WIN,50.4,100.8,76
290,VELVETUSDT,LONG,2026-08-12 03:00:00 UTC,1786503600000,1786503600,2026-08-15 05:59:59 UTC,1786773599999,1786773599,0.5872,0.421,0.05888,0.30324,1.15512,1.15512,50.0,24.18,48.36,WIN,48.36,96.72,75
291,VELVETUSDT,LONG,2026-08-12 04:00:00 UTC,1786507200000,1786507200,2026-08-14 05:59:59 UTC,1786687199999,1786687199,0.5666,0.421,0.05739,0.30622,1.08736,1.08736,50.0,22.98,45.95,WIN,45.95,91.91,50
292,VELVETUSDT,LONG,2026-08-12 05:00:00 UTC,1786510800000,1786510800,2026-08-14 05:59:59 UTC,1786687199999,1786687199,0.5597,0.421,0.05641,0.30818,1.06275,1.06275,50.0,22.47,44.94,WIN,44.94,89.88,49
293,VELVETUSDT,LONG,2026-08-12 06:00:00 UTC,1786514400000,1786514400,2026-08-14 05:59:59 UTC,1786687199999,1786687199,0.5722,0.421,0.05401,0.31298,1.09064,1.09064,50.0,22.65,45.3,WIN,45.3,90.61,48
294,VELVETUSDT,LONG,2026-08-12 07:00:00 UTC,1786518000000,1786518000,2026-08-14 05:59:59 UTC,1786687199999,1786687199,0.5533,0.421,0.05245,0.31609,1.02771,1.02771,50.0,21.44,42.87,WIN,42.87,85.74,47
295,VELVETUSDT,LONG,2026-08-12 08:00:00 UTC,1786521600000,1786521600,2026-08-14 05:59:59 UTC,1786687199999,1786687199,0.5508,0.421,0.05076,0.31949,1.01342,1.01342,50.0,21.0,42.0,WIN,42.0,83.99,46
296,VELVETUSDT,LONG,2026-08-12 09:00:00 UTC,1786525200000,1786525200,2026-08-14 05:59:59 UTC,1786687199999,1786687199,0.5637,0.421,0.04918,0.32264,1.04582,1.04582,50.0,21.38,42.76,WIN,42.76,85.53,45
297,VELVETUSDT,LONG,2026-08-12 10:00:00 UTC,1786528800000,1786528800,2026-08-14 05:59:59 UTC,1786687199999,1786687199,0.5499,0.421,0.04717,0.32666,0.99637,0.99637,50.0,20.3,40.6,WIN,40.6,81.19,44
298,VELVETUSDT,LONG,2026-08-12 11:00:00 UTC,1786532400000,1786532400,2026-08-14 05:59:59 UTC,1786687199999,1786687199,0.5907,0.421,0.04717,0.32666,1.11878,1.11878,50.0,22.35,44.7,WIN,44.7,89.4,43
299,VELVETUSDT,LONG,2026-08-12 12:00:00 UTC,1786536000000,1786536000,2026-08-14 05:59:59 UTC,1786687199999,1786687199,0.5752,0.421,0.04603,0.32894,1.06772,1.06772,50.0,21.41,42.81,WIN,42.81,85.63,42
300,VELVETUSDT,LONG,2026-08-12 13:00:00 UTC,1786539600000,1786539600,2026-08-15 05:59:59 UTC,1786773599999,1786773599,0.6179,0.421,0.04663,0.32775,1.19821,1.19821,50.0,23.48,46.96,WIN,46.96,93.92,65
301,VELVETUSDT,LONG,2026-08-12 14:00:00 UTC,1786543200000,1786543200,2026-08-24 11:59:59 UTC,1787572799999,1787572799,0.6509,0.421,0.04805,0.32491,1.30289,0.32491,50.0,25.04,50.08,LOSS,-25.04,-50.08,286
302,VELVETUSDT,LONG,2026-08-12 15:00:00 UTC,1786546800000,1786546800,2026-08-24 11:59:59 UTC,1787572799999,1787572799,0.6563,0.421,0.04845,0.3241,1.3207,0.3241,50.0,25.31,50.62,LOSS,-25.31,-50.62,285
303,VELVETUSDT,LONG,2026-08-12 16:00:00 UTC,1786550400000,1786550400,2026-08-24 11:59:59 UTC,1787572799999,1787572799,0.6492,0.421,0.0486,0.32381,1.29999,0.32381,50.0,25.06,50.12,LOSS,-25.06,-50.12,284
304,VELVETUSDT,LONG,2026-08-12 17:00:00 UTC,1786554000000,1786554000,2026-08-24 11:59:59 UTC,1787572799999,1787572799,0.6811,0.421,0.04808,0.32485,1.3936,0.32485,50.0,26.15,52.31,LOSS,-26.15,-52.31,283
305,VELVETUSDT,LONG,2026-08-12 18:00:00 UTC,1786557600000,1786557600,2026-08-24 11:59:59 UTC,1787572799999,1787572799,0.7031,0.421,0.04844,0.32412,1.46107,0.32412,50.0,26.95,53.9,LOSS,-26.95,-53.9,282
306,VELVETUSDT,LONG,2026-08-12 19:00:00 UTC,1786561200000,1786561200,2026-08-24 11:59:59 UTC,1787572799999,1787572799,0.6953,0.421,0.04714,0.32672,1.43245,0.32672,50.0,26.5,53.01,LOSS,-26.5,-53.01,281
307,VELVETUSDT,LONG,2026-08-12 20:00:00 UTC,1786564800000,1786564800,2026-08-24 11:59:59 UTC,1787572799999,1787572799,0.6995,0.421,0.04588,0.32924,1.44002,0.32924,50.0,26.47,52.93,LOSS,-26.47,-52.93,280
308,VELVETUSDT,LONG,2026-08-12 21:00:00 UTC,1786568400000,1786568400,2026-08-24 11:59:59 UTC,1787572799999,1787572799,0.7023,0.421,0.04403,0.33294,1.44102,0.33294,50.0,26.3,52.59,LOSS,-26.3,-52.59,279
309,VELVETUSDT,LONG,2026-08-12 22:00:00 UTC,1786572000000,1786572000,2026-08-24 11:59:59 UTC,1787572799999,1787572799,0.7102,0.421,0.04237,0.33626,1.45808,0.33626,50.0,26.33,52.65,LOSS,-26.33,-52.65,278
310,VELVETUSDT,LONG,2026-08-12 23:00:00 UTC,1786575600000,1786575600,2026-08-24 11:59:59 UTC,1787572799999,1787572799,0.7104,0.421,0.04031,0.34038,1.45044,0.34038,50.0,26.04,52.09,LOSS,-26.04,-52.09,277
311,VELVETUSDT,LONG,2026-08-13 00:00:00 UTC,1786579200000,1786579200,2026-08-24 11:59:59 UTC,1787572799999,1787572799,0.7024,0.421,0.03969,0.34161,1.42398,0.34161,50.0,25.68,51.36,LOSS,-25.68,-51.36,276
312,VELVETUSDT,LONG,2026-08-13 01:00:00 UTC,1786582800000,1786582800,2026-08-24 11:59:59 UTC,1787572799999,1787572799,0.7315,0.421,0.03907,0.34285,1.50879,0.34285,50.0,26.56,53.13,LOSS,-26.56,-53.13,275
313,VELVETUSDT,LONG,2026-08-13 02:00:00 UTC,1786586400000,1786586400,2026-08-24 11:59:59 UTC,1787572799999,1787572799,0.6805,0.421,0.04307,0.33485,1.3718,0.33485,50.0,25.4,50.79,LOSS,-25.4,-50.79,274
314,VELVETUSDT,LONG,2026-08-13 03:00:00 UTC,1786590000000,1786590000,2026-08-24 11:59:59 UTC,1787572799999,1787572799,0.6896,0.421,0.04496,0.33108,1.40665,0.33108,50.0,26.0,51.99,LOSS,-26.0,-51.99,273
315,VELVETUSDT,LONG,2026-08-13 04:00:00 UTC,1786593600000,1786593600,2026-08-24 11:59:59 UTC,1787572799999,1787572799,0.6714,0.421,0.04647,0.32807,1.35806,0.32807,50.0,25.57,51.14,LOSS,-25.57,-51.14,272
316,VELVETUSDT,LONG,2026-08-13 05:00:00 UTC,1786597200000,1786597200,2026-08-24 11:59:59 UTC,1787572799999,1787572799,0.6816,0.421,0.04705,0.32689,1.39101,0.32689,50.0,26.02,52.04,LOSS,-26.02,-52.04,271
317,VELVETUSDT,LONG,2026-08-13 06:00:00 UTC,1786600800000,1786600800,2026-08-24 11:59:59 UTC,1787572799999,1787572799,0.6987,0.421,0.04709,0.32683,1.44244,0.32683,50.0,26.61,53.22,LOSS,-26.61,-53.22,270
318,VELVETUSDT,LONG,2026-08-13 07:00:00 UTC,1786604400000,1786604400,2026-08-24 11:59:59 UTC,1787572799999,1787572799,0.7284,0.421,0.04634,0.32831,1.52857,0.32831,50.0,27.46,54.93,LOSS,-27.46,-54.93,269
319,VELVETUSDT,LONG,2026-08-13 08:00:00 UTC,1786608000000,1786608000,2026-08-24 11:59:59 UTC,1787572799999,1787572799,0.7174,0.421,0.04509,0.33082,1.49056,0.33082,50.0,26.94,53.89,LOSS,-26.94,-53.89,268
320,VELVETUSDT,LONG,2026-08-13 09:00:00 UTC,1786611600000,1786611600,2026-08-24 11:59:59 UTC,1787572799999,1787572799,0.6769,0.421,0.0458,0.3294,1.37189,0.3294,50.0,25.67,51.34,LOSS,-25.67,-51.34,267
321,VELVETUSDT,LONG,2026-08-13 10:00:00 UTC,1786615200000,1786615200,2026-08-24 11:59:59 UTC,1787572799999,1787572799,0.6823,0.421,0.04618,0.32865,1.38961,0.32865,50.0,25.92,51.83,LOSS,-25.92,-51.83,266
322,VELVETUSDT,LONG,2026-08-13 11:00:00 UTC,1786618800000,1786618800,2026-08-24 11:59:59 UTC,1787572799999,1787572799,0.7049,0.421,0.04532,0.33036,1.45399,0.33036,50.0,26.57,53.13,LOSS,-26.57,-53.13,265
323,VELVETUSDT,LONG,2026-08-13 12:00:00 UTC,1786622400000,1786622400,2026-08-24 11:59:59 UTC,1787572799999,1787572799,0.7063,0.421,0.04368,0.33365,1.45161,0.33365,50.0,26.38,52.76,LOSS,-26.38,-52.76,264
324,VELVETUSDT,LONG,2026-08-13 13:00:00 UTC,1786626000000,1786626000,2026-08-24 11:59:59 UTC,1787572799999,1787572799,0.7012,0.421,0.04185,0.3373,1.429,0.3373,50.0,25.95,51.9,LOSS,-25.95,-51.9,263
325,VELVETUSDT,LONG,2026-08-13 14:00:00 UTC,1786629600000,1786629600,2026-08-24 11:59:59 UTC,1787572799999,1787572799,0.7054,0.421,0.03976,0.34148,1.43324,0.34148,50.0,25.8,51.59,LOSS,-25.8,-51.59,262
326,VELVETUSDT,LONG,2026-08-13 15:00:00 UTC,1786633200000,1786633200,2026-08-24 11:59:59 UTC,1787572799999,1787572799,0.7098,0.421,0.04024,0.34052,1.44837,0.34052,50.0,26.01,52.03,LOSS,-26.01,-52.03,261
327,VELVETUSDT,LONG,2026-08-13 16:00:00 UTC,1786636800000,1786636800,2026-08-24 11:59:59 UTC,1787572799999,1787572799,0.7081,0.421,0.03875,0.34349,1.43731,0.34349,50.0,25.75,51.49,LOSS,-25.75,-51.49,260
328,VELVETUSDT,LONG,2026-08-13 17:00:00 UTC,1786640400000,1786640400,2026-08-24 11:59:59 UTC,1787572799999,1787572799,0.7206,0.421,0.03803,0.34494,1.47191,0.34494,50.0,26.07,52.13,LOSS,-26.07,-52.13,259
329,VELVETUSDT,LONG,2026-08-13 18:00:00 UTC,1786644000000,1786644000,2026-08-24 11:59:59 UTC,1787572799999,1787572799,0.7265,0.421,0.03657,0.34786,1.48378,0.34786,50.0,26.06,52.12,LOSS,-26.06,-52.12,258
330,VELVETUSDT,LONG,2026-08-13 19:00:00 UTC,1786647600000,1786647600,2026-08-24 11:59:59 UTC,1787572799999,1787572799,0.7028,0.421,0.03644,0.34813,1.41214,0.34813,50.0,25.23,50.47,LOSS,-25.23,-50.47,257
331,VELVETUSDT,LONG,2026-08-13 20:00:00 UTC,1786651200000,1786651200,2026-08-24 11:59:59 UTC,1787572799999,1787572799,0.6931,0.421,0.03525,0.35051,1.37829,0.35051,50.0,24.71,49.43,LOSS,-24.71,-49.43,256
332,VELVETUSDT,LONG,2026-08-13 21:00:00 UTC,1786654800000,1786654800,2026-08-24 11:59:59 UTC,1787572799999,1787572799,0.7123,0.421,0.03502,0.35097,1.43496,0.35097,50.0,25.36,50.73,LOSS,-25.36,-50.73,255
333,VELVETUSDT,LONG,2026-08-13 22:00:00 UTC,1786658400000,1786658400,2026-08-24 11:59:59 UTC,1787572799999,1787572799,0.7118,0.421,0.03341,0.35417,1.42706,0.35417,50.0,25.12,50.24,LOSS,-25.12,-50.24,254
334,VELVETUSDT,LONG,2026-08-13 23:00:00 UTC,1786662000000,1786662000,2026-08-24 11:59:59 UTC,1787572799999,1787572799,0.7123,0.421,0.03245,0.3561,1.4247,0.3561,50.0,25.0,50.01,LOSS,-25.0,-50.01,253
335,VELVETUSDT,LONG,2026-08-14 00:00:00 UTC,1786665600000,1786665600,2026-08-24 11:59:59 UTC,1787572799999,1787572799,0.7141,0.421,0.0309,0.35921,1.42388,0.35921,50.0,24.85,49.7,LOSS,-24.85,-49.7,252
336,VELVETUSDT,LONG,2026-08-14 01:00:00 UTC,1786669200000,1786669200,2026-08-24 11:59:59 UTC,1787572799999,1787572799,0.7101,0.421,0.02996,0.36108,1.40814,0.36108,50.0,24.58,49.15,LOSS,-24.58,-49.15,251
337,VELVETUSDT,LONG,2026-08-14 02:00:00 UTC,1786672800000,1786672800,2026-08-24 11:59:59 UTC,1787572799999,1787572799,0.7132,0.421,0.02908,0.36283,1.41394,0.36283,50.0,24.56,49.13,LOSS,-24.56,-49.13,250
338,VELVETUSDT,LONG,2026-08-14 03:00:00 UTC,1786676400000,1786676400,2026-08-24 11:59:59 UTC,1787572799999,1787572799,0.6966,0.421,0.02841,0.36417,1.36146,0.36417,50.0,23.86,47.72,LOSS,-23.86,-47.72,249
339,VELVETUSDT,LONG,2026-08-14 04:00:00 UTC,1786680000000,1786680000,2026-08-24 11:59:59 UTC,1787572799999,1787572799,0.7,0.421,0.02849,0.36402,1.37197,0.36402,50.0,24.0,48.0,LOSS,-24.0,-48.0,248
340,VELVETUSDT,LONG,2026-08-14 05:00:00 UTC,1786683600000,1786683600,2026-08-24 11:59:59 UTC,1787572799999,1787572799,0.7286,0.421,0.03296,0.35507,1.47565,0.35507,50.0,25.63,51.27,LOSS,-25.63,-51.27,247
341,VELVETUSDT,LONG,2026-08-14 06:00:00 UTC,1786687200000,1786687200,2026-08-24 11:59:59 UTC,1787572799999,1787572799,0.9091,0.421,0.07699,0.26701,2.19328,0.26701,50.0,35.31,70.63,LOSS,-35.31,-70.63,246
342,VELVETUSDT,LONG,2026-08-14 07:00:00 UTC,1786690800000,1786690800,2026-08-24 11:59:59 UTC,1787572799999,1787572799,0.9956,0.421,0.0855,0.25001,2.48678,0.25001,50.0,37.44,74.89,LOSS,-37.44,-74.89,245
343,VELVETUSDT,LONG,2026-08-14 08:00:00 UTC,1786694400000,1786694400,2026-08-24 11:59:59 UTC,1787572799999,1787572799,0.9404,0.421,0.0893,0.24241,2.33638,0.24241,50.0,37.11,74.22,LOSS,-37.11,-74.22,244
344,VELVETUSDT,LONG,2026-08-14 09:00:00 UTC,1786698000000,1786698000,2026-08-24 11:59:59 UTC,1787572799999,1787572799,0.9314,0.421,0.0926,0.23579,2.32261,0.23579,50.0,37.34,74.68,LOSS,-37.34,-74.68,243
345,VELVETUSDT,LONG,2026-08-14 10:00:00 UTC,1786701600000,1786701600,2026-08-24 11:59:59 UTC,1787572799999,1787572799,0.9436,0.421,0.08997,0.24107,2.34867,0.24107,50.0,37.23,74.45,LOSS,-37.23,-74.45,242
346,VELVETUSDT,LONG,2026-08-14 11:00:00 UTC,1786705200000,1786705200,2026-08-24 11:59:59 UTC,1787572799999,1787572799,1.0321,0.421,0.09123,0.23853,2.61923,0.23853,50.0,38.44,76.89,LOSS,-38.44,-76.89,241
347,VELVETUSDT,LONG,2026-08-14 12:00:00 UTC,1786708800000,1786708800,2026-08-24 11:59:59 UTC,1787572799999,1787572799,1.0045,0.421,0.09262,0.23575,2.542,0.23575,50.0,38.27,76.53,LOSS,-38.27,-76.53,240
348,VELVETUSDT,LONG,2026-08-14 13:00:00 UTC,1786712400000,1786712400,2026-08-24 11:59:59 UTC,1787572799999,1787572799,1.0752,0.421,0.09379,0.23341,2.75878,0.23341,50.0,39.15,78.29,LOSS,-39.15,-78.29,239
349,VELVETUSDT,LONG,2026-08-14 14:00:00 UTC,1786716000000,1786716000,2026-08-24 11:59:59 UTC,1787572799999,1787572799,0.9001,0.421,0.10502,0.21097,2.27836,0.21097,50.0,38.28,76.56,LOSS,-38.28,-76.56,238
350,VELVETUSDT,LONG,2026-08-14 15:00:00 UTC,1786719600000,1786719600,2026-08-24 12:59:59 UTC,1787576399999,1787576399,0.9424,0.421,0.10956,0.20187,2.42346,0.20187,50.0,39.29,78.58,LOSS,-39.29,-78.58,238
351,VELVETUSDT,LONG,2026-08-14 16:00:00 UTC,1786723200000,1786723200,2026-08-24 12:59:59 UTC,1787576399999,1787576399,0.9298,0.421,0.10861,0.20378,2.38184,0.20378,50.0,39.04,78.08,LOSS,-39.04,-78.08,237
352,VELVETUSDT,LONG,2026-08-14 17:00:00 UTC,1786726800000,1786726800,2026-08-24 11:59:59 UTC,1787572799999,1787572799,0.9392,0.421,0.10581,0.20938,2.39884,0.20938,50.0,38.85,77.71,LOSS,-38.85,-77.71,235
353,VELVETUSDT,LONG,2026-08-14 18:00:00 UTC,1786730400000,1786730400,2026-08-24 11:59:59 UTC,1787572799999,1787572799,0.9469,0.421,0.10103,0.21894,2.40282,0.21894,50.0,38.44,76.88,LOSS,-38.44,-76.88,234
354,VELVETUSDT,LONG,2026-08-14 19:00:00 UTC,1786734000000,1786734000,2026-08-24 11:59:59 UTC,1787572799999,1787572799,0.98,0.421,0.0982,0.2246,2.4908,0.2246,50.0,38.54,77.08,LOSS,-38.54,-77.08,233
355,VELVETUSDT,LONG,2026-08-14 20:00:00 UTC,1786737600000,1786737600,2026-08-24 11:59:59 UTC,1787572799999,1787572799,0.995,0.421,0.09354,0.23393,2.51714,0.23393,50.0,38.24,76.49,LOSS,-38.24,-76.49,232
356,VELVETUSDT,LONG,2026-08-14 21:00:00 UTC,1786741200000,1786741200,2026-08-24 11:59:59 UTC,1787572799999,1787572799,1.0263,0.421,0.09001,0.24098,2.59694,0.24098,50.0,38.26,76.52,LOSS,-38.26,-76.52,231
357,VELVETUSDT,LONG,2026-08-14 22:00:00 UTC,1786744800000,1786744800,2026-08-24 11:59:59 UTC,1787572799999,1787572799,1.0072,0.421,0.09165,0.23769,2.54621,0.23769,50.0,38.2,76.4,LOSS,-38.2,-76.4,230
358,VELVETUSDT,LONG,2026-08-14 23:00:00 UTC,1786748400000,1786748400,2026-08-24 11:59:59 UTC,1787572799999,1787572799,1.017,0.421,0.08858,0.24384,2.56331,0.24384,50.0,38.01,76.02,LOSS,-38.01,-76.02,229
359,VELVETUSDT,LONG,2026-08-15 00:00:00 UTC,1786752000000,1786752000,2026-08-24 11:59:59 UTC,1787572799999,1787572799,1.0061,0.421,0.08495,0.2511,2.5161,0.2511,50.0,37.52,75.04,LOSS,-37.52,-75.04,228
360,VELVETUSDT,LONG,2026-08-15 01:00:00 UTC,1786755600000,1786755600,2026-08-24 11:59:59 UTC,1787572799999,1787572799,1.0138,0.4255,0.0817,0.26209,2.51722,0.26209,50.0,37.07,74.15,LOSS,-37.07,-74.15,227
361,VELVETUSDT,LONG,2026-08-15 02:00:00 UTC,1786759200000,1786759200,2026-08-24 11:59:59 UTC,1787572799999,1787572799,1.0035,0.4273,0.08115,0.26499,2.48052,0.26499,50.0,36.8,73.59,LOSS,-36.8,-73.59,226
362,VELVETUSDT,LONG,2026-08-15 03:00:00 UTC,1786762800000,1786762800,2026-08-24 11:59:59 UTC,1787572799999,1787572799,1.0703,0.4291,0.08109,0.26691,2.67707,0.26691,50.0,37.53,75.06,LOSS,-37.53,-75.06,225
363,VELVETUSDT,LONG,2026-08-15 04:00:00 UTC,1786766400000,1786766400,2026-08-24 11:59:59 UTC,1787572799999,1787572799,1.077,0.4291,0.08444,0.26021,2.71057,0.26021,50.0,37.92,75.84,LOSS,-37.92,-75.84,224
364,VELVETUSDT,LONG,2026-08-15 05:00:00 UTC,1786770000000,1786770000,2026-08-24 11:59:59 UTC,1787572799999,1787572799,1.0645,0.4291,0.08425,0.2606,2.67229,0.2606,50.0,37.76,75.52,LOSS,-37.76,-75.52,223
365,VELVETUSDT,LONG,2026-08-15 06:00:00 UTC,1786773600000,1786773600,2026-08-24 11:59:59 UTC,1787572799999,1787572799,1.1929,0.4291,0.0923,0.2445,3.08971,0.2445,50.0,39.75,79.5,LOSS,-39.75,-79.5,222
366,VELVETUSDT,LONG,2026-08-15 07:00:00 UTC,1786777200000,1786777200,2026-08-24 11:59:59 UTC,1787572799999,1787572799,1.1412,0.4291,0.09755,0.234,2.95561,0.234,50.0,39.75,79.5,LOSS,-39.75,-79.5,221
367,VELVETUSDT,LONG,2026-08-15 08:00:00 UTC,1786780800000,1786780800,2026-08-24 11:59:59 UTC,1787572799999,1787572799,1.2049,0.4291,0.0973,0.23449,3.14572,0.23449,50.0,40.27,80.54,LOSS,-40.27,-80.54,220
368,VELVETUSDT,LONG,2026-08-15 09:00:00 UTC,1786784400000,1786784400,2026-08-24 11:59:59 UTC,1787572799999,1787572799,1.1739,0.4291,0.09588,0.23733,3.04703,0.23733,50.0,39.89,79.78,LOSS,-39.89,-79.78,219
369,VELVETUSDT,LONG,2026-08-15 10:00:00 UTC,1786788000000,1786788000,2026-08-24 11:59:59 UTC,1787572799999,1787572799,1.1402,0.4297,0.1025,0.2247,2.97119,0.2247,50.0,40.15,80.29,LOSS,-40.15,-80.29,218
370,VELVETUSDT,LONG,2026-08-15 11:00:00 UTC,1786791600000,1786791600,2026-08-24 11:59:59 UTC,1787572799999,1787572799,1.1344,0.4297,0.0996,0.2305,2.94219,0.2305,50.0,39.84,79.68,LOSS,-39.84,-79.68,217
371,VELVETUSDT,LONG,2026-08-15 12:00:00 UTC,1786795200000,1786795200,2026-08-24 11:59:59 UTC,1787572799999,1787572799,1.1661,0.4297,0.09665,0.2364,3.02549,0.2364,50.0,39.86,79.73,LOSS,-39.86,-79.73,216
372,VELVETUSDT,LONG,2026-08-15 13:00:00 UTC,1786798800000,1786798800,2026-08-24 11:59:59 UTC,1787572799999,1787572799,1.1495,0.4305,0.09423,0.24204,2.96442,0.24204,50.0,39.47,78.94,LOSS,-39.47,-78.94,215
373,VELVETUSDT,LONG,2026-08-15 14:00:00 UTC,1786802400000,1786802400,2026-08-24 11:59:59 UTC,1787572799999,1787572799,1.1574,0.4805,0.08995,0.3006,2.871,0.3006,50.0,37.01,74.03,LOSS,-37.01,-74.03,214
374,VELVETUSDT,LONG,2026-08-15 15:00:00 UTC,1786806000000,1786806000,2026-08-24 11:59:59 UTC,1787572799999,1787572799,1.1521,0.4805,0.08577,0.30896,2.83837,0.30896,50.0,36.59,73.18,LOSS,-36.59,-73.18,213
375,VELVETUSDT,LONG,2026-08-15 16:00:00 UTC,1786809600000,1786809600,2026-08-24 11:59:59 UTC,1787572799999,1787572799,0.9026,0.4805,0.09994,0.28062,2.14657,0.28062,50.0,34.46,68.91,LOSS,-34.46,-68.91,212
376,VELVETUSDT,LONG,2026-08-15 17:00:00 UTC,1786813200000,1786813200,2026-08-24 11:59:59 UTC,1787572799999,1787572799,0.875,0.4805,0.09731,0.28588,2.05324,0.28588,50.0,33.66,67.33,LOSS,-33.66,-67.33,211
377,VELVETUSDT,LONG,2026-08-15 18:00:00 UTC,1786816800000,1786816800,2026-08-24 11:59:59 UTC,1787572799999,1787572799,0.8656,0.4805,0.09452,0.29147,2.01387,0.29147,50.0,33.16,66.33,LOSS,-33.16,-66.33,210
378,VELVETUSDT,LONG,2026-08-15 19:00:00 UTC,1786820400000,1786820400,2026-08-24 11:59:59 UTC,1787572799999,1787572799,0.8663,0.4805,0.09374,0.29301,2.01288,0.29301,50.0,33.09,66.18,LOSS,-33.09,-66.18,209
379,VELVETUSDT,LONG,2026-08-15 20:00:00 UTC,1786824000000,1786824000,2026-08-24 11:59:59 UTC,1787572799999,1787572799,0.8711,0.4805,0.09691,0.28669,2.03992,0.28669,50.0,33.54,67.09,LOSS,-33.54,-67.09,208
380,VELVETUSDT,LONG,2026-08-15 21:00:00 UTC,1786827600000,1786827600,2026-08-24 11:59:59 UTC,1787572799999,1787572799,0.866,0.4805,0.09209,0.29632,2.00536,0.29632,50.0,32.89,65.78,LOSS,-32.89,-65.78,207
381,VELVETUSDT,LONG,2026-08-15 22:00:00 UTC,1786831200000,1786831200,2026-08-24 11:59:59 UTC,1787572799999,1787572799,0.8348,0.4805,0.09007,0.30036,1.90368,0.30036,50.0,32.01,64.02,LOSS,-32.01,-64.02,206
382,VELVETUSDT,LONG,2026-08-15 23:00:00 UTC,1786834800000,1786834800,2026-08-24 11:59:59 UTC,1787572799999,1787572799,0.8289,0.4805,0.08587,0.30876,1.86919,0.30876,50.0,31.38,62.75,LOSS,-31.38,-62.75,205
383,VELVETUSDT,LONG,2026-08-16 00:00:00 UTC,1786838400000,1786838400,2026-08-24 11:59:59 UTC,1787572799999,1787572799,0.8317,0.4805,0.08085,0.3188,1.85751,0.3188,50.0,30.83,61.67,LOSS,-30.83,-61.67,204
384,VELVETUSDT,LONG,2026-08-16 01:00:00 UTC,1786842000000,1786842000,2026-08-24 11:59:59 UTC,1787572799999,1787572799,0.8474,0.4805,0.07731,0.32587,1.89045,0.32587,50.0,30.77,61.54,LOSS,-30.77,-61.54,203
385,VELVETUSDT,LONG,2026-08-16 02:00:00 UTC,1786845600000,1786845600,2026-08-24 11:59:59 UTC,1787572799999,1787572799,0.8322,0.4805,0.07351,0.33348,1.82965,0.33348,50.0,29.96,59.93,LOSS,-29.96,-59.93,202
386,VELVETUSDT,LONG,2026-08-16 03:00:00 UTC,1786849200000,1786849200,2026-08-24 11:59:59 UTC,1787572799999,1787572799,0.8131,0.4805,0.07133,0.33783,1.76363,0.33783,50.0,29.23,58.45,LOSS,-29.23,-58.45,201
387,VELVETUSDT,LONG,2026-08-16 04:00:00 UTC,1786852800000,1786852800,2026-08-24 11:59:59 UTC,1787572799999,1787572799,0.8254,0.4805,0.07157,0.33737,1.80146,0.33737,50.0,29.56,59.13,LOSS,-29.56,-59.13,200
388,VELVETUSDT,LONG,2026-08-16 05:00:00 UTC,1786856400000,1786856400,2026-08-24 11:59:59 UTC,1787572799999,1787572799,0.8984,0.4805,0.07366,0.33318,2.02885,0.33318,50.0,31.46,62.91,LOSS,-31.46,-62.91,199
389,VELVETUSDT,LONG,2026-08-16 06:00:00 UTC,1786860000000,1786860000,2026-08-24 11:59:59 UTC,1787572799999,1787572799,0.901,0.4805,0.06991,0.34067,2.02166,0.34067,50.0,31.09,62.19,LOSS,-31.09,-62.19,198
390,VELVETUSDT,LONG,2026-08-16 07:00:00 UTC,1786863600000,1786863600,2026-08-24 11:59:59 UTC,1787572799999,1787572799,0.8971,0.4805,0.06968,0.34115,2.00901,0.34115,50.0,30.99,61.97,LOSS,-30.99,-61.97,197
391,VELVETUSDT,LONG,2026-08-16 08:00:00 UTC,1786867200000,1786867200,2026-08-24 11:59:59 UTC,1787572799999,1787572799,1.001,0.4805,0.07522,0.33006,2.34289,0.33006,50.0,33.51,67.03,LOSS,-33.51,-67.03,196
392,VELVETUSDT,LONG,2026-08-16 09:00:00 UTC,1786870800000,1786870800,2026-08-24 11:59:59 UTC,1787572799999,1787572799,1.1079,0.4805,0.07926,0.32197,2.67975,0.32197,50.0,35.47,70.94,LOSS,-35.47,-70.94,195
393,VELVETUSDT,LONG,2026-08-16 10:00:00 UTC,1786874400000,1786874400,2026-08-24 11:59:59 UTC,1787572799999,1787572799,1.1527,0.4805,0.07819,0.32411,2.80988,0.32411,50.0,35.94,71.88,LOSS,-35.94,-71.88,194
394,VELVETUSDT,LONG,2026-08-16 11:00:00 UTC,1786878000000,1786878000,2026-08-24 11:59:59 UTC,1787572799999,1787572799,1.0368,0.4805,0.08337,0.31377,2.48286,0.31377,50.0,34.87,69.74,LOSS,-34.87,-69.74,193
395,VELVETUSDT,LONG,2026-08-16 12:00:00 UTC,1786881600000,1786881600,2026-08-24 11:59:59 UTC,1787572799999,1787572799,1.0297,0.4805,0.08195,0.31661,2.45589,0.31661,50.0,34.63,69.25,LOSS,-34.63,-69.25,192
396,VELVETUSDT,LONG,2026-08-16 13:00:00 UTC,1786885200000,1786885200,2026-08-24 11:59:59 UTC,1787572799999,1787572799,1.0758,0.4805,0.08357,0.31337,2.60066,0.31337,50.0,35.44,70.87,LOSS,-35.44,-70.87,191
397,VELVETUSDT,LONG,2026-08-16 14:00:00 UTC,1786888800000,1786888800,2026-08-24 11:59:59 UTC,1787572799999,1787572799,1.0631,0.4805,0.08565,0.30921,2.57089,0.30921,50.0,35.46,70.91,LOSS,-35.46,-70.91,190
398,VELVETUSDT,LONG,2026-08-16 15:00:00 UTC,1786892400000,1786892400,2026-08-24 11:59:59 UTC,1787572799999,1787572799,1.0423,0.4805,0.0853,0.3099,2.5071,0.3099,50.0,35.13,70.27,LOSS,-35.13,-70.27,189
399,VELVETUSDT,LONG,2026-08-16 16:00:00 UTC,1786896000000,1786896000,2026-08-24 11:59:59 UTC,1787572799999,1787572799,1.04,0.4805,0.08153,0.31744,2.48511,0.31744,50.0,34.74,69.48,LOSS,-34.74,-69.48,188
400,VELVETUSDT,LONG,2026-08-16 17:00:00 UTC,1786899600000,1786899600,2026-08-24 11:59:59 UTC,1787572799999,1787572799,1.009,0.4805,0.07978,0.32093,2.38514,0.32093,50.0,34.1,68.19,LOSS,-34.1,-68.19,187
401,VELVETUSDT,LONG,2026-08-16 18:00:00 UTC,1786903200000,1786903200,2026-08-24 11:59:59 UTC,1787572799999,1787572799,1.0335,0.4805,0.07768,0.32514,2.45021,0.32514,50.0,34.27,68.54,LOSS,-34.27,-68.54,186
402,VELVETUSDT,LONG,2026-08-16 19:00:00 UTC,1786906800000,1786906800,2026-08-24 11:59:59 UTC,1787572799999,1787572799,1.038,0.4805,0.07332,0.33387,2.44626,0.33387,50.0,33.92,67.84,LOSS,-33.92,-67.84,185
403,VELVETUSDT,LONG,2026-08-16 20:00:00 UTC,1786910400000,1786910400,2026-08-24 11:59:59 UTC,1787572799999,1787572799,1.0418,0.4805,0.06965,0.3412,2.443,0.3412,50.0,33.62,67.25,LOSS,-33.62,-67.25,184
404,VELVETUSDT,LONG,2026-08-16 21:00:00 UTC,1786914000000,1786914000,2026-08-24 11:59:59 UTC,1787572799999,1787572799,1.0368,0.4805,0.06866,0.34318,2.42404,0.34318,50.0,33.45,66.9,LOSS,-33.45,-66.9,183
405,VELVETUSDT,LONG,2026-08-16 22:00:00 UTC,1786917600000,1786917600,2026-08-24 11:59:59 UTC,1787572799999,1787572799,1.0486,0.4805,0.06533,0.34983,2.44614,0.34983,50.0,33.32,66.64,LOSS,-33.32,-66.64,182
406,VELVETUSDT,LONG,2026-08-16 23:00:00 UTC,1786921200000,1786921200,2026-08-24 11:59:59 UTC,1787572799999,1787572799,1.0312,0.4805,0.063,0.35451,2.38459,0.35451,50.0,32.81,65.62,LOSS,-32.81,-65.62,181
407,VELVETUSDT,LONG,2026-08-17 00:00:00 UTC,1786924800000,1786924800,2026-08-24 11:59:59 UTC,1787572799999,1787572799,1.0324,0.4805,0.05981,0.36088,2.37544,0.36088,50.0,32.52,65.04,LOSS,-32.52,-65.04,180
408,VELVETUSDT,LONG,2026-08-17 01:00:00 UTC,1786928400000,1786928400,2026-08-24 11:59:59 UTC,1787572799999,1787572799,1.0394,0.4805,0.05664,0.36722,2.38376,0.36722,50.0,32.33,64.67,LOSS,-32.33,-64.67,179
409,VELVETUSDT,LONG,2026-08-17 02:00:00 UTC,1786932000000,1786932000,2026-08-24 11:59:59 UTC,1787572799999,1787572799,1.0195,0.4805,0.05581,0.36887,2.32076,0.36887,50.0,31.91,63.82,LOSS,-31.91,-63.82,178
410,VELVETUSDT,LONG,2026-08-17 03:00:00 UTC,1786935600000,1786935600,2026-08-24 11:59:59 UTC,1787572799999,1787572799,1.0195,0.4805,0.05431,0.37187,2.31475,0.37187,50.0,31.76,63.52,LOSS,-31.76,-63.52,177
411,VELVETUSDT,LONG,2026-08-17 04:00:00 UTC,1786939200000,1786939200,2026-08-24 11:59:59 UTC,1787572799999,1787572799,1.0085,0.4805,0.05314,0.37422,2.27706,0.37422,50.0,31.45,62.89,LOSS,-31.45,-62.89,176
412,VELVETUSDT,LONG,2026-08-17 05:00:00 UTC,1786942800000,1786942800,2026-08-24 11:59:59 UTC,1787572799999,1787572799,0.9816,0.4805,0.05172,0.37707,2.19067,0.37707,50.0,30.79,61.59,LOSS,-30.79,-61.59,175
413,VELVETUSDT,LONG,2026-08-17 06:00:00 UTC,1786946400000,1786946400,2026-08-24 11:59:59 UTC,1787572799999,1787572799,0.9799,0.4805,0.05027,0.37995,2.17979,0.37995,50.0,30.61,61.23,LOSS,-30.61,-61.23,174
414,VELVETUSDT,LONG,2026-08-17 07:00:00 UTC,1786950000000,1786950000,2026-08-24 11:59:59 UTC,1787572799999,1787572799,0.9612,0.4805,0.0493,0.38189,2.11981,0.38189,50.0,30.13,60.27,LOSS,-30.13,-60.27,173
415,VELVETUSDT,LONG,2026-08-17 08:00:00 UTC,1786953600000,1786953600,2026-08-24 11:59:59 UTC,1787572799999,1787572799,0.9143,0.4805,0.05467,0.37117,2.00057,0.37117,50.0,29.7,59.4,LOSS,-29.7,-59.4,172
416,VELVETUSDT,LONG,2026-08-17 09:00:00 UTC,1786957200000,1786957200,2026-08-24 11:59:59 UTC,1787572799999,1787572799,0.863,0.4805,0.05492,0.37066,1.84768,0.37066,50.0,28.52,57.05,LOSS,-28.52,-57.05,171
417,VELVETUSDT,LONG,2026-08-17 10:00:00 UTC,1786960800000,1786960800,2026-08-24 11:59:59 UTC,1787572799999,1787572799,0.8325,0.4805,0.0541,0.37229,1.75292,0.37229,50.0,27.64,55.28,LOSS,-27.64,-55.28,170
418,VELVETUSDT,LONG,2026-08-17 11:00:00 UTC,1786964400000,1786964400,2026-08-24 11:59:59 UTC,1787572799999,1787572799,0.761,0.4805,0.05914,0.36222,1.55856,0.36222,50.0,26.2,52.4,LOSS,-26.2,-52.4,169
419,VELVETUSDT,LONG,2026-08-17 12:00:00 UTC,1786968000000,1786968000,2026-08-24 11:59:59 UTC,1787572799999,1787572799,0.7223,0.4805,0.06064,0.35921,1.44847,0.35921,50.0,25.13,50.27,LOSS,-25.13,-50.27,168
420,VELVETUSDT,LONG,2026-08-17 13:00:00 UTC,1786971600000,1786971600,2026-08-24 11:59:59 UTC,1787572799999,1787572799,0.7096,0.4805,0.05893,0.36265,1.40351,0.36265,50.0,24.45,48.89,LOSS,-24.45,-48.89,167
421,VELVETUSDT,LONG,2026-08-17 14:00:00 UTC,1786975200000,1786975200,2026-08-24 11:59:59 UTC,1787572799999,1787572799,0.7184,0.4805,0.05725,0.36599,1.42321,0.36599,50.0,24.53,49.05,LOSS,-24.53,-49.05,166
422,VELVETUSDT,LONG,2026-08-17 15:00:00 UTC,1786978800000,1786978800,2026-08-24 11:59:59 UTC,1787572799999,1787572799,0.6986,0.4805,0.05593,0.36864,1.35851,0.36864,50.0,23.62,47.23,LOSS,-23.62,-47.23,165
423,VELVETUSDT,LONG,2026-08-17 16:00:00 UTC,1786982400000,1786982400,2026-08-24 11:59:59 UTC,1787572799999,1787572799,0.6272,0.4805,0.05831,0.36388,1.15385,0.36388,50.0,20.99,41.98,LOSS,-20.99,-41.98,164
424,VELVETUSDT,LONG,2026-08-17 17:00:00 UTC,1786986000000,1786986000,2026-08-24 11:59:59 UTC,1787572799999,1787572799,0.6098,0.4805,0.05785,0.36479,1.09981,0.36479,50.0,20.09,40.18,LOSS,-20.09,-40.18,163
425,VELVETUSDT,LONG,2026-08-17 18:00:00 UTC,1786989600000,1786989600,2026-08-24 11:59:59 UTC,1787572799999,1787572799,0.5943,0.4805,0.05811,0.36429,1.05433,0.36429,50.0,19.35,38.7,LOSS,-19.35,-38.7,162
426,VELVETUSDT,LONG,2026-08-17 19:00:00 UTC,1786993200000,1786993200,2026-08-24 11:59:59 UTC,1787572799999,1787572799,0.6088,0.4805,0.05768,0.36513,1.09614,0.36513,50.0,20.01,40.02,LOSS,-20.01,-40.02,161
427,VELVETUSDT,LONG,2026-08-17 20:00:00 UTC,1786996800000,1786996800,2026-08-24 11:59:59 UTC,1787572799999,1787572799,0.6038,0.4805,0.05619,0.36813,1.07514,0.36813,50.0,19.52,39.03,LOSS,-19.52,-39.03,160
428,VELVETUSDT,LONG,2026-08-17 21:00:00 UTC,1787000400000,1787000400,2026-08-24 11:59:59 UTC,1787572799999,1787572799,0.6075,0.4805,0.05397,0.37257,1.07736,0.37257,50.0,19.34,38.67,LOSS,-19.34,-38.67,159
429,VELVETUSDT,LONG,2026-08-17 22:00:00 UTC,1787004000000,1787004000,2026-08-24 11:59:59 UTC,1787572799999,1787572799,0.6035,0.4805,0.05102,0.37846,1.05357,0.37846,50.0,18.64,37.29,LOSS,-18.64,-37.29,158
430,VELVETUSDT,LONG,2026-08-17 23:00:00 UTC,1787007600000,1787007600,2026-08-24 11:59:59 UTC,1787572799999,1787572799,0.5874,0.4805,0.0489,0.38271,0.99678,0.38271,50.0,17.42,34.85,LOSS,-17.42,-34.85,157
431,VELVETUSDT,LONG,2026-08-18 00:00:00 UTC,1787011200000,1787011200,2026-08-24 11:59:59 UTC,1787572799999,1787572799,0.5774,0.4805,0.04662,0.38727,0.95767,0.38727,50.0,16.46,32.93,LOSS,-16.46,-32.93,156
432,VELVETUSDT,LONG,2026-08-18 01:00:00 UTC,1787014800000,1787014800,2026-08-24 11:59:59 UTC,1787572799999,1787572799,0.5853,0.4805,0.04536,0.38978,0.97633,0.38978,50.0,16.7,33.4,LOSS,-16.7,-33.4,155
433,VELVETUSDT,LONG,2026-08-18 02:00:00 UTC,1787018400000,1787018400,2026-08-24 09:59:59 UTC,1787565599999,1787565599,0.5561,0.4805,0.04505,0.39041,0.88749,0.88749,50.0,14.9,29.8,WIN,29.8,59.59,152
434,VELVETUSDT,LONG,2026-08-18 03:00:00 UTC,1787022000000,1787022000,2026-08-24 09:59:59 UTC,1787565599999,1787565599,0.5593,0.4805,0.04341,0.39368,0.89053,0.89053,50.0,14.81,29.61,WIN,29.61,59.22,151
435,VELVETUSDT,LONG,2026-08-18 04:00:00 UTC,1787025600000,1787025600,2026-08-24 09:59:59 UTC,1787565599999,1787565599,0.5498,0.4805,0.0427,0.3951,0.8592,0.8592,50.0,14.07,28.14,WIN,28.14,56.28,150
436,VELVETUSDT,LONG,2026-08-18 05:00:00 UTC,1787029200000,1787029200,2026-08-21 11:59:59 UTC,1787313599999,1787313599,0.5377,0.4805,0.04149,0.39751,0.81807,0.81807,50.0,13.04,26.07,WIN,26.07,52.14,79
437,VELVETUSDT,LONG,2026-08-18 06:00:00 UTC,1787032800000,1787032800,2026-08-18 15:59:59 UTC,1787068799999,1787068799,0.492,0.4805,0.04245,0.3956,0.6848,0.6848,50.0,9.8,19.59,WIN,19.59,39.19,10
438,VELVETUSDT,LONG,2026-08-18 07:00:00 UTC,1787036400000,1787036400,2026-08-18 15:59:59 UTC,1787068799999,1787068799,0.491,0.4805,0.04056,0.39938,0.67425,0.67425,50.0,9.33,18.66,WIN,18.66,37.32,9
439,VELVETUSDT,LONG,2026-08-18 08:00:00 UTC,1787040000000,1787040000,2026-08-18 15:59:59 UTC,1787068799999,1787068799,0.487,0.4805,0.03909,0.40231,0.65637,0.65637,50.0,8.69,17.39,WIN,17.39,34.78,8
440,VELVETUSDT,LONG,2026-08-18 09:00:00 UTC,1787043600000,1787043600,2026-08-18 15:59:59 UTC,1787068799999,1787068799,0.485,0.4722,0.03976,0.39267,0.66966,0.66966,50.0,9.52,19.04,WIN,19.04,38.07,7
441,VELVETUSDT,LONG,2026-08-18 10:00:00 UTC,1787047200000,1787047200,2026-08-18 16:59:59 UTC,1787072399999,1787072399,0.494,0.4722,0.0403,0.39159,0.69881,0.69881,50.0,10.37,20.73,WIN,20.73,41.46,7
442,VELVETUSDT,LONG,2026-08-18 11:00:00 UTC,1787050800000,1787050800,2026-08-21 11:59:59 UTC,1787313599999,1787313599,0.5309,0.4722,0.04252,0.38715,0.8184,0.8184,50.0,13.54,27.08,WIN,27.08,54.15,73
443,VELVETUSDT,LONG,2026-08-18 12:00:00 UTC,1787054400000,1787054400,2026-08-24 09:59:59 UTC,1787565599999,1787565599,0.5602,0.4722,0.04219,0.38781,0.90498,0.90498,50.0,15.39,30.77,WIN,30.77,61.55,142
444,VELVETUSDT,LONG,2026-08-18 13:00:00 UTC,1787058000000,1787058000,2026-08-24 11:59:59 UTC,1787572799999,1787572799,0.6284,0.4722,0.04575,0.3807,1.12381,0.3807,50.0,19.71,39.42,LOSS,-19.71,-39.42,143
445,VELVETUSDT,LONG,2026-08-18 14:00:00 UTC,1787061600000,1787061600,2026-08-24 11:59:59 UTC,1787572799999,1787572799,0.6191,0.4722,0.0468,0.3786,1.10009,0.3786,50.0,19.42,38.85,LOSS,-19.42,-38.85,142
446,VELVETUSDT,LONG,2026-08-18 15:00:00 UTC,1787065200000,1787065200,2026-08-24 11:59:59 UTC,1787572799999,1787572799,0.6432,0.4722,0.04649,0.37922,1.17116,0.37922,50.0,20.52,41.04,LOSS,-20.52,-41.04,141
447,VELVETUSDT,LONG,2026-08-18 16:00:00 UTC,1787068800000,1787068800,2026-08-24 11:59:59 UTC,1787572799999,1787572799,0.6793,0.4722,0.04719,0.37782,1.28227,0.37782,50.0,22.19,44.38,LOSS,-22.19,-44.38,140
448,VELVETUSDT,LONG,2026-08-18 17:00:00 UTC,1787072400000,1787072400,2026-08-24 11:59:59 UTC,1787572799999,1787572799,0.6188,0.4722,0.05045,0.3713,1.1138,0.3713,50.0,20.0,40.0,LOSS,-20.0,-40.0,139
449,VELVETUSDT,LONG,2026-08-18 18:00:00 UTC,1787076000000,1787076000,2026-08-24 11:59:59 UTC,1787572799999,1787572799,0.6603,0.4722,0.05228,0.36764,1.24563,0.36764,50.0,22.16,44.32,LOSS,-22.16,-44.32,138
450,VELVETUSDT,LONG,2026-08-18 19:00:00 UTC,1787079600000,1787079600,2026-08-24 11:59:59 UTC,1787572799999,1787572799,0.6747,0.4722,0.05075,0.37071,1.28269,0.37071,50.0,22.53,45.06,LOSS,-22.53,-45.06,137
451,VELVETUSDT,LONG,2026-08-18 20:00:00 UTC,1787083200000,1787083200,2026-08-24 11:59:59 UTC,1787572799999,1787572799,0.6743,0.4722,0.04975,0.3727,1.2775,0.3727,50.0,22.36,44.73,LOSS,-22.36,-44.73,136
452,VELVETUSDT,LONG,2026-08-18 21:00:00 UTC,1787086800000,1787086800,2026-08-24 11:59:59 UTC,1787572799999,1787572799,0.6681,0.4722,0.04775,0.37671,1.25089,0.37671,50.0,21.81,43.62,LOSS,-21.81,-43.62,135
453,VELVETUSDT,LONG,2026-08-18 22:00:00 UTC,1787090400000,1787090400,2026-08-24 11:59:59 UTC,1787572799999,1787572799,0.6582,0.4722,0.04627,0.37967,1.21526,0.37967,50.0,21.16,42.32,LOSS,-21.16,-42.32,134
454,VELVETUSDT,LONG,2026-08-18 23:00:00 UTC,1787094000000,1787094000,2026-08-24 11:59:59 UTC,1787572799999,1787572799,0.669,0.4722,0.0444,0.38341,1.24019,0.38341,50.0,21.34,42.69,LOSS,-21.34,-42.69,133
455,VELVETUSDT,LONG,2026-08-19 00:00:00 UTC,1787097600000,1787097600,2026-08-24 11:59:59 UTC,1787572799999,1787572799,0.6644,0.4722,0.04331,0.38558,1.22204,0.38558,50.0,20.98,41.97,LOSS,-20.98,-41.97,132
456,VELVETUSDT,LONG,2026-08-19 01:00:00 UTC,1787101200000,1787101200,2026-08-24 11:59:59 UTC,1787572799999,1787572799,0.6569,0.4722,0.04192,0.38835,1.194,0.38835,50.0,20.44,40.88,LOSS,-20.44,-40.88,131
457,VELVETUSDT,LONG,2026-08-19 02:00:00 UTC,1787104800000,1787104800,2026-08-24 11:59:59 UTC,1787572799999,1787572799,0.6421,0.4722,0.04154,0.38913,1.14805,0.38913,50.0,19.7,39.4,LOSS,-19.7,-39.4,130
458,VELVETUSDT,LONG,2026-08-19 03:00:00 UTC,1787108400000,1787108400,2026-08-24 11:59:59 UTC,1787572799999,1787572799,0.622,0.4722,0.04298,0.38625,1.09351,0.38625,50.0,18.95,37.9,LOSS,-18.95,-37.9,129
459,VELVETUSDT,LONG,2026-08-19 04:00:00 UTC,1787112000000,1787112000,2026-08-24 11:59:59 UTC,1787572799999,1787572799,0.6748,0.4722,0.04446,0.38327,1.25786,0.38327,50.0,21.6,43.2,LOSS,-21.6,-43.2,128
460,VELVETUSDT,LONG,2026-08-19 05:00:00 UTC,1787115600000,1787115600,2026-08-24 11:59:59 UTC,1787572799999,1787572799,0.6331,0.4722,0.04511,0.38198,1.13534,0.38198,50.0,19.83,39.67,LOSS,-19.83,-39.67,127
461,VELVETUSDT,LONG,2026-08-19 06:00:00 UTC,1787119200000,1787119200,2026-08-24 11:59:59 UTC,1787572799999,1787572799,0.6696,0.4722,0.04515,0.3819,1.24501,0.3819,50.0,21.48,42.97,LOSS,-21.48,-42.97,126
462,VELVETUSDT,LONG,2026-08-19 07:00:00 UTC,1787122800000,1787122800,2026-08-24 11:59:59 UTC,1787572799999,1787572799,0.6432,0.4722,0.04484,0.38252,1.16456,0.38252,50.0,20.26,40.53,LOSS,-20.26,-40.53,125
463,VELVETUSDT,LONG,2026-08-19 08:00:00 UTC,1787126400000,1787126400,2026-08-24 11:59:59 UTC,1787572799999,1787572799,0.6496,0.4722,0.04359,0.38502,1.17875,0.38502,50.0,20.36,40.73,LOSS,-20.36,-40.73,124
464,VELVETUSDT,LONG,2026-08-19 09:00:00 UTC,1787130000000,1787130000,2026-08-24 11:59:59 UTC,1787572799999,1787572799,0.6539,0.4722,0.042,0.38821,1.18528,0.38821,50.0,20.32,40.63,LOSS,-20.32,-40.63,123
465,VELVETUSDT,LONG,2026-08-19 10:00:00 UTC,1787133600000,1787133600,2026-08-24 11:59:59 UTC,1787572799999,1787572799,0.6728,0.4722,0.04238,0.38744,1.24353,0.38744,50.0,21.21,42.41,LOSS,-21.21,-42.41,122
466,VELVETUSDT,LONG,2026-08-19 11:00:00 UTC,1787137200000,1787137200,2026-08-24 11:59:59 UTC,1787572799999,1787572799,0.6568,0.4722,0.04228,0.38763,1.19513,0.38763,50.0,20.49,40.98,LOSS,-20.49,-40.98,121
467,VELVETUSDT,LONG,2026-08-19 12:00:00 UTC,1787140800000,1787140800,2026-08-24 11:59:59 UTC,1787572799999,1787572799,0.6684,0.4722,0.0409,0.3904,1.2244,0.3904,50.0,20.8,41.59,LOSS,-20.8,-41.59,120
468,VELVETUSDT,LONG,2026-08-19 13:00:00 UTC,1787144400000,1787144400,2026-08-24 11:59:59 UTC,1787572799999,1787572799,0.6737,0.4722,0.04003,0.39214,1.23681,0.39214,50.0,20.9,41.79,LOSS,-20.9,-41.79,119
469,VELVETUSDT,LONG,2026-08-19 14:00:00 UTC,1787148000000,1787148000,2026-08-24 11:59:59 UTC,1787572799999,1787572799,0.6764,0.4722,0.03863,0.39493,1.23933,0.39493,50.0,20.81,41.61,LOSS,-20.81,-41.61,118
470,VELVETUSDT,LONG,2026-08-19 15:00:00 UTC,1787151600000,1787151600,2026-08-24 11:59:59 UTC,1787572799999,1787572799,0.6829,0.4722,0.03782,0.39657,1.25556,0.39657,50.0,20.96,41.93,LOSS,-20.96,-41.93,117
471,VELVETUSDT,LONG,2026-08-19 16:00:00 UTC,1787155200000,1787155200,2026-08-24 11:59:59 UTC,1787572799999,1787572799,0.6795,0.4722,0.03768,0.39684,1.24482,0.39684,50.0,20.8,41.6,LOSS,-20.8,-41.6,116
472,VELVETUSDT,LONG,2026-08-19 17:00:00 UTC,1787158800000,1787158800,2026-08-24 11:59:59 UTC,1787572799999,1787572799,0.6536,0.4722,0.0396,0.393,1.17481,0.393,50.0,19.94,39.87,LOSS,-19.94,-39.87,115
473,VELVETUSDT,LONG,2026-08-19 18:00:00 UTC,1787162400000,1787162400,2026-08-24 11:59:59 UTC,1787572799999,1787572799,0.6377,0.4722,0.03871,0.39478,1.12354,0.39478,50.0,19.05,38.09,LOSS,-19.05,-38.09,114
474,VELVETUSDT,LONG,2026-08-19 19:00:00 UTC,1787166000000,1787166000,2026-08-24 11:59:59 UTC,1787572799999,1787572799,0.6269,0.4722,0.03778,0.39664,1.08742,0.39664,50.0,18.36,36.73,LOSS,-18.36,-36.73,113
475,VELVETUSDT,LONG,2026-08-19 20:00:00 UTC,1787169600000,1787169600,2026-08-24 11:59:59 UTC,1787572799999,1787572799,0.6288,0.4722,0.03671,0.39878,1.08884,0.39878,50.0,18.29,36.58,LOSS,-18.29,-36.58,112
476,VELVETUSDT,LONG,2026-08-19 21:00:00 UTC,1787173200000,1787173200,2026-08-24 11:59:59 UTC,1787572799999,1787572799,0.6223,0.4722,0.03564,0.40092,1.06505,0.40092,50.0,17.79,35.57,LOSS,-17.79,-35.57,111
477,VELVETUSDT,LONG,2026-08-19 22:00:00 UTC,1787176800000,1787176800,2026-08-24 11:59:59 UTC,1787572799999,1787572799,0.6216,0.4722,0.03439,0.40342,1.05797,0.40342,50.0,17.55,35.1,LOSS,-17.55,-35.1,110
478,VELVETUSDT,LONG,2026-08-19 23:00:00 UTC,1787180400000,1787180400,2026-08-24 11:59:59 UTC,1787572799999,1787572799,0.6458,0.4722,0.03441,0.40337,1.13066,0.40337,50.0,18.77,37.54,LOSS,-18.77,-37.54,109
479,VELVETUSDT,LONG,2026-08-20 00:00:00 UTC,1787184000000,1787184000,2026-08-24 11:59:59 UTC,1787572799999,1787572799,0.6952,0.4722,0.03699,0.39822,1.28917,0.39822,50.0,21.36,42.72,LOSS,-21.36,-42.72,108
480,VELVETUSDT,LONG,2026-08-20 01:00:00 UTC,1787187600000,1787187600,2026-08-24 11:59:59 UTC,1787572799999,1787572799,0.7142,0.4722,0.03911,0.39399,1.35463,0.39399,50.0,22.42,44.84,LOSS,-22.42,-44.84,107
481,VELVETUSDT,LONG,2026-08-20 02:00:00 UTC,1787191200000,1787191200,2026-08-24 11:59:59 UTC,1787572799999,1787572799,0.689,0.4722,0.03967,0.39286,1.28128,0.39286,50.0,21.49,42.98,LOSS,-21.49,-42.98,106
482,VELVETUSDT,LONG,2026-08-20 03:00:00 UTC,1787194800000,1787194800,2026-08-24 11:59:59 UTC,1787572799999,1787572799,0.6939,0.4722,0.03848,0.39524,1.29122,0.39524,50.0,21.52,43.04,LOSS,-21.52,-43.04,105
483,VELVETUSDT,LONG,2026-08-20 04:00:00 UTC,1787198400000,1787198400,2026-08-24 11:59:59 UTC,1787572799999,1787572799,0.6952,0.4722,0.03783,0.39654,1.29252,0.39654,50.0,21.48,42.96,LOSS,-21.48,-42.96,104
484,VELVETUSDT,LONG,2026-08-20 05:00:00 UTC,1787202000000,1787202000,2026-08-24 11:59:59 UTC,1787572799999,1787572799,0.6828,0.4722,0.0372,0.3978,1.2528,0.3978,50.0,20.87,41.74,LOSS,-20.87,-41.74,103
485,VELVETUSDT,LONG,2026-08-20 06:00:00 UTC,1787205600000,1787205600,2026-08-24 11:59:59 UTC,1787572799999,1787572799,0.6812,0.4722,0.03564,0.40093,1.24174,0.40093,50.0,20.57,41.14,LOSS,-20.57,-41.14,102
486,VELVETUSDT,LONG,2026-08-20 07:00:00 UTC,1787209200000,1787209200,2026-08-24 11:59:59 UTC,1787572799999,1787572799,0.6634,0.4722,0.0353,0.4016,1.18699,0.4016,50.0,19.73,39.46,LOSS,-19.73,-39.46,101
487,VELVETUSDT,LONG,2026-08-20 08:00:00 UTC,1787212800000,1787212800,2026-08-24 11:59:59 UTC,1787572799999,1787572799,0.6517,0.4722,0.03441,0.40338,1.14835,0.40338,50.0,19.05,38.1,LOSS,-19.05,-38.1,100
488,VELVETUSDT,LONG,2026-08-20 09:00:00 UTC,1787216400000,1787216400,2026-08-24 11:59:59 UTC,1787572799999,1787572799,0.6564,0.4722,0.03305,0.40609,1.15702,0.40609,50.0,19.07,38.13,LOSS,-19.07,-38.13,99
489,VELVETUSDT,LONG,2026-08-20 10:00:00 UTC,1787220000000,1787220000,2026-08-24 11:59:59 UTC,1787572799999,1787572799,0.6613,0.4722,0.03286,0.40647,1.17096,0.40647,50.0,19.27,38.53,LOSS,-19.27,-38.53,98
490,VELVETUSDT,LONG,2026-08-20 11:00:00 UTC,1787223600000,1787223600,2026-08-24 11:59:59 UTC,1787572799999,1787572799,0.6567,0.4722,0.03211,0.40798,1.15414,0.40798,50.0,18.94,37.87,LOSS,-18.94,-37.87,97
491,VELVETUSDT,LONG,2026-08-20 12:00:00 UTC,1787227200000,1787227200,2026-08-24 11:59:59 UTC,1787572799999,1787572799,0.6489,0.4722,0.03155,0.4091,1.12851,0.4091,50.0,18.48,36.96,LOSS,-18.48,-36.96,96
492,VELVETUSDT,LONG,2026-08-20 13:00:00 UTC,1787230800000,1787230800,2026-08-24 11:59:59 UTC,1787572799999,1787572799,0.6665,0.4722,0.03284,0.40652,1.18647,0.40652,50.0,19.5,39.01,LOSS,-19.5,-39.01,95
493,VELVETUSDT,LONG,2026-08-20 14:00:00 UTC,1787234400000,1787234400,2026-08-24 11:59:59 UTC,1787572799999,1787572799,0.6623,0.4722,0.03227,0.40765,1.1716,0.40765,50.0,19.22,38.45,LOSS,-19.22,-38.45,94
494,VELVETUSDT,LONG,2026-08-20 15:00:00 UTC,1787238000000,1787238000,2026-08-24 11:59:59 UTC,1787572799999,1787572799,0.6869,0.4722,0.03223,0.40773,1.24523,0.40773,50.0,20.32,40.64,LOSS,-20.32,-40.64,93
495,VELVETUSDT,LONG,2026-08-20 16:00:00 UTC,1787241600000,1787241600,2026-08-24 11:59:59 UTC,1787572799999,1787572799,0.663,0.4722,0.03217,0.40787,1.17327,0.40787,50.0,19.24,38.48,LOSS,-19.24,-38.48,92
496,VELVETUSDT,LONG,2026-08-20 17:00:00 UTC,1787245200000,1787245200,2026-08-24 11:59:59 UTC,1787572799999,1787572799,0.6659,0.4722,0.03174,0.40872,1.18026,0.40872,50.0,19.31,38.62,LOSS,-19.31,-38.62,91
497,VELVETUSDT,LONG,2026-08-20 18:00:00 UTC,1787248800000,1787248800,2026-08-24 11:59:59 UTC,1787572799999,1787572799,0.6686,0.4722,0.03039,0.41141,1.18298,0.41141,50.0,19.23,38.47,LOSS,-19.23,-38.47,90
498,VELVETUSDT,LONG,2026-08-20 19:00:00 UTC,1787252400000,1787252400,2026-08-24 11:59:59 UTC,1787572799999,1787572799,0.6866,0.4722,0.03517,0.40187,1.25607,0.40187,50.0,20.73,41.47,LOSS,-20.73,-41.47,89
499,VELVETUSDT,LONG,2026-08-20 20:00:00 UTC,1787256000000,1787256000,2026-08-24 11:59:59 UTC,1787572799999,1787572799,0.6926,0.4722,0.03399,0.40422,1.26936,0.40422,50.0,20.82,41.64,LOSS,-20.82,-41.64,88
500,VELVETUSDT,LONG,2026-08-20 21:00:00 UTC,1787259600000,1787259600,2026-08-24 11:59:59 UTC,1787572799999,1787572799,0.6781,0.4722,0.03266,0.40689,1.22052,0.40689,50.0,20.0,40.0,LOSS,-20.0,-40.0,87
501,VELVETUSDT,LONG,2026-08-20 22:00:00 UTC,1787263200000,1787263200,2026-08-24 11:59:59 UTC,1787572799999,1787572799,0.6698,0.4722,0.03132,0.40957,1.19026,0.40957,50.0,19.43,38.85,LOSS,-19.43,-38.85,86
502,VELVETUSDT,LONG,2026-08-20 23:00:00 UTC,1787266800000,1787266800,2026-08-24 11:59:59 UTC,1787572799999,1787572799,0.6671,0.4722,0.02978,0.41264,1.17601,0.41264,50.0,19.07,38.14,LOSS,-19.07,-38.14,85
503,VELVETUSDT,LONG,2026-08-21 00:00:00 UTC,1787270400000,1787270400,2026-08-24 11:59:59 UTC,1787572799999,1787572799,0.6687,0.4722,0.02819,0.41583,1.17445,0.41583,50.0,18.91,37.82,LOSS,-18.91,-37.82,84
504,VELVETUSDT,LONG,2026-08-21 01:00:00 UTC,1787274000000,1787274000,2026-08-24 11:59:59 UTC,1787572799999,1787572799,0.6831,0.4722,0.02785,0.41651,1.21628,0.41651,50.0,19.51,39.03,LOSS,-19.51,-39.03,83
505,VELVETUSDT,LONG,2026-08-21 02:00:00 UTC,1787277600000,1787277600,2026-08-24 11:59:59 UTC,1787572799999,1787572799,0.6866,0.4722,0.02685,0.4185,1.2228,0.4185,50.0,19.52,39.05,LOSS,-19.52,-39.05,82
506,VELVETUSDT,LONG,2026-08-21 03:00:00 UTC,1787281200000,1787281200,2026-08-24 11:59:59 UTC,1787572799999,1787572799,0.6845,0.4722,0.02621,0.41978,1.21394,0.41978,50.0,19.34,38.67,LOSS,-19.34,-38.67,81
507,VELVETUSDT,LONG,2026-08-21 04:00:00 UTC,1787284800000,1787284800,2026-08-24 11:59:59 UTC,1787572799999,1787572799,0.6735,0.4722,0.02591,0.42038,1.17974,0.42038,50.0,18.79,37.58,LOSS,-18.79,-37.58,80
508,VELVETUSDT,LONG,2026-08-21 05:00:00 UTC,1787288400000,1787288400,2026-08-24 11:59:59 UTC,1787572799999,1787572799,0.6717,0.4722,0.02477,0.42267,1.16976,0.42267,50.0,18.54,37.07,LOSS,-18.54,-37.07,79
509,VELVETUSDT,LONG,2026-08-21 06:00:00 UTC,1787292000000,1787292000,2026-08-24 11:59:59 UTC,1787572799999,1787572799,0.6612,0.4722,0.02408,0.42403,1.13553,0.42403,50.0,17.93,35.87,LOSS,-17.93,-35.87,78
510,VELVETUSDT,LONG,2026-08-21 07:00:00 UTC,1787295600000,1787295600,2026-08-24 11:59:59 UTC,1787572799999,1787572799,0.6758,0.4722,0.02481,0.42259,1.18222,0.42259,50.0,18.73,37.47,LOSS,-18.73,-37.47,77
511,VELVETUSDT,LONG,2026-08-21 08:00:00 UTC,1787299200000,1787299200,2026-08-24 11:59:59 UTC,1787572799999,1787572799,0.6867,0.4722,0.02497,0.42226,1.21558,0.42226,50.0,19.25,38.51,LOSS,-19.25,-38.51,76
512,VELVETUSDT,LONG,2026-08-21 09:00:00 UTC,1787302800000,1787302800,2026-08-24 11:59:59 UTC,1787572799999,1787572799,0.7081,0.4722,0.02652,0.41916,1.28599,0.41916,50.0,20.4,40.81,LOSS,-20.4,-40.81,75
513,VELVETUSDT,LONG,2026-08-21 10:00:00 UTC,1787306400000,1787306400,2026-08-24 11:59:59 UTC,1787572799999,1787572799,0.7152,0.4722,0.02684,0.41852,1.30856,0.41852,50.0,20.74,41.48,LOSS,-20.74,-41.48,74
514,VELVETUSDT,LONG,2026-08-21 11:00:00 UTC,1787310000000,1787310000,2026-08-24 11:59:59 UTC,1787572799999,1787572799,0.7907,0.4722,0.0313,0.40959,1.55291,0.40959,50.0,24.1,48.2,LOSS,-24.1,-48.2,73
515,VELVETUSDT,LONG,2026-08-21 12:00:00 UTC,1787313600000,1787313600,2026-08-24 11:59:59 UTC,1787572799999,1787572799,0.8147,0.4722,0.03268,0.40684,1.63042,0.40684,50.0,25.03,50.06,LOSS,-25.03,-50.06,72
516,VELVETUSDT,LONG,2026-08-21 13:00:00 UTC,1787317200000,1787317200,2026-08-24 11:59:59 UTC,1787572799999,1787572799,0.8145,0.4722,0.03381,0.40458,1.63434,0.40458,50.0,25.16,50.33,LOSS,-25.16,-50.33,71
517,VELVETUSDT,LONG,2026-08-21 14:00:00 UTC,1787320800000,1787320800,2026-08-24 11:59:59 UTC,1787572799999,1787572799,0.7775,0.4722,0.03545,0.40131,1.52988,0.40131,50.0,24.19,48.38,LOSS,-24.19,-48.38,70
518,VELVETUSDT,LONG,2026-08-21 15:00:00 UTC,1787324400000,1787324400,2026-08-24 11:59:59 UTC,1787572799999,1787572799,0.7786,0.4722,0.03468,0.40284,1.53011,0.40284,50.0,24.13,48.26,LOSS,-24.13,-48.26,69
519,VELVETUSDT,LONG,2026-08-21 16:00:00 UTC,1787328000000,1787328000,2026-08-24 11:59:59 UTC,1787572799999,1787572799,0.754,0.4722,0.0347,0.4028,1.45641,0.4028,50.0,23.29,46.58,LOSS,-23.29,-46.58,68
520,VELVETUSDT,LONG,2026-08-21 17:00:00 UTC,1787331600000,1787331600,2026-08-24 11:59:59 UTC,1787572799999,1787572799,0.7519,0.4722,0.03409,0.40401,1.44768,0.40401,50.0,23.13,46.27,LOSS,-23.13,-46.27,67
521,VELVETUSDT,LONG,2026-08-21 18:00:00 UTC,1787335200000,1787335200,2026-08-24 11:59:59 UTC,1787572799999,1787572799,0.7517,0.4722,0.03291,0.40638,1.44233,0.40638,50.0,22.97,45.94,LOSS,-22.97,-45.94,66
522,VELVETUSDT,LONG,2026-08-21 19:00:00 UTC,1787338800000,1787338800,2026-08-24 11:59:59 UTC,1787572799999,1787572799,0.7561,0.4722,0.03164,0.40893,1.45045,0.40893,50.0,22.96,45.92,LOSS,-22.96,-45.92,65
523,VELVETUSDT,LONG,2026-08-21 20:00:00 UTC,1787342400000,1787342400,2026-08-24 11:59:59 UTC,1787572799999,1787572799,0.7755,0.4722,0.03098,0.41023,1.50604,0.41023,50.0,23.55,47.1,LOSS,-23.55,-47.1,64
524,VELVETUSDT,LONG,2026-08-21 21:00:00 UTC,1787346000000,1787346000,2026-08-24 11:59:59 UTC,1787572799999,1787572799,0.7721,0.4722,0.02975,0.4127,1.4909,0.4127,50.0,23.27,46.55,LOSS,-23.27,-46.55,63
525,VELVETUSDT,LONG,2026-08-21 22:00:00 UTC,1787349600000,1787349600,2026-08-24 11:59:59 UTC,1787572799999,1787572799,0.7708,0.4722,0.0292,0.41381,1.48478,0.41381,50.0,23.16,46.31,LOSS,-23.16,-46.31,62
526,VELVETUSDT,LONG,2026-08-21 23:00:00 UTC,1787353200000,1787353200,2026-08-24 11:59:59 UTC,1787572799999,1787572799,0.7685,0.4722,0.02799,0.41622,1.47306,0.41622,50.0,22.92,45.84,LOSS,-22.92,-45.84,61
527,VELVETUSDT,LONG,2026-08-22 00:00:00 UTC,1787356800000,1787356800,2026-08-24 11:59:59 UTC,1787572799999,1787572799,0.7785,0.4722,0.02733,0.41755,1.5004,0.41755,50.0,23.18,46.36,LOSS,-23.18,-46.36,60
528,VELVETUSDT,LONG,2026-08-22 01:00:00 UTC,1787360400000,1787360400,2026-08-24 11:59:59 UTC,1787572799999,1787572799,0.7799,0.4722,0.02673,0.41874,1.50222,0.41874,50.0,23.15,46.31,LOSS,-23.15,-46.31,59
529,VELVETUSDT,LONG,2026-08-22 02:00:00 UTC,1787364000000,1787364000,2026-08-24 11:59:59 UTC,1787572799999,1787572799,0.7836,0.4722,0.02872,0.41476,1.52129,0.41476,50.0,23.54,47.07,LOSS,-23.54,-47.07,58
530,VELVETUSDT,LONG,2026-08-22 03:00:00 UTC,1787367600000,1787367600,2026-08-24 11:59:59 UTC,1787572799999,1787572799,0.7641,0.4722,0.02854,0.41512,1.46207,0.41512,50.0,22.84,45.67,LOSS,-22.84,-45.67,57
531,VELVETUSDT,LONG,2026-08-22 04:00:00 UTC,1787371200000,1787371200,2026-08-24 11:59:59 UTC,1787572799999,1787572799,0.7215,0.4722,0.0311,0.41001,1.34448,0.41001,50.0,21.59,43.17,LOSS,-21.59,-43.17,56
532,VELVETUSDT,LONG,2026-08-22 05:00:00 UTC,1787374800000,1787374800,2026-08-24 11:59:59 UTC,1787572799999,1787572799,0.7449,0.4722,0.03142,0.40935,1.416,0.40935,50.0,22.52,45.05,LOSS,-22.52,-45.05,55
533,VELVETUSDT,LONG,2026-08-22 06:00:00 UTC,1787378400000,1787378400,2026-08-24 11:59:59 UTC,1787572799999,1787572799,0.6905,0.4722,0.03869,0.39481,1.28188,0.39481,50.0,21.41,42.82,LOSS,-21.41,-42.82,54
534,VELVETUSDT,LONG,2026-08-22 07:00:00 UTC,1787382000000,1787382000,2026-08-24 11:59:59 UTC,1787572799999,1787572799,0.7369,0.4722,0.04007,0.39205,1.42659,0.39205,50.0,23.4,46.8,LOSS,-23.4,-46.8,53
535,VELVETUSDT,LONG,2026-08-22 08:00:00 UTC,1787385600000,1787385600,2026-08-24 11:59:59 UTC,1787572799999,1787572799,0.7188,0.4722,0.03916,0.39388,1.36864,0.39388,50.0,22.6,45.2,LOSS,-22.6,-45.2,52
536,VELVETUSDT,LONG,2026-08-22 09:00:00 UTC,1787389200000,1787389200,2026-08-24 11:59:59 UTC,1787572799999,1787572799,0.709,0.4722,0.03774,0.39673,1.33354,0.39673,50.0,22.02,44.04,LOSS,-22.02,-44.04,51
537,VELVETUSDT,LONG,2026-08-22 10:00:00 UTC,1787392800000,1787392800,2026-08-24 11:59:59 UTC,1787572799999,1787572799,0.701,0.4722,0.03757,0.39706,1.30887,0.39706,50.0,21.68,43.36,LOSS,-21.68,-43.36,50
538,VELVETUSDT,LONG,2026-08-22 11:00:00 UTC,1787396400000,1787396400,2026-08-24 11:59:59 UTC,1787572799999,1787572799,0.7019,0.4722,0.03593,0.40033,1.30504,0.40033,50.0,21.48,42.96,LOSS,-21.48,-42.96,49
539,VELVETUSDT,LONG,2026-08-22 12:00:00 UTC,1787400000000,1787400000,2026-08-24 11:59:59 UTC,1787572799999,1787572799,0.7054,0.4722,0.03466,0.40288,1.31044,0.40288,50.0,21.44,42.89,LOSS,-21.44,-42.89,48
540,VELVETUSDT,LONG,2026-08-22 13:00:00 UTC,1787403600000,1787403600,2026-08-24 11:59:59 UTC,1787572799999,1787572799,0.6997,0.4786,0.03331,0.41199,1.27513,0.41199,50.0,20.56,41.12,LOSS,-20.56,-41.12,47
541,VELVETUSDT,LONG,2026-08-22 14:00:00 UTC,1787407200000,1787407200,2026-08-24 11:59:59 UTC,1787572799999,1787572799,0.698,0.4855,0.03153,0.42243,1.24914,0.42243,50.0,19.74,39.48,LOSS,-19.74,-39.48,46
542,VELVETUSDT,LONG,2026-08-22 15:00:00 UTC,1787410800000,1787410800,2026-08-24 11:59:59 UTC,1787572799999,1787572799,0.6983,0.5251,0.02999,0.46512,1.16466,0.46512,50.0,16.7,33.39,LOSS,-16.7,-33.39,45
543,VELVETUSDT,LONG,2026-08-22 16:00:00 UTC,1787414400000,1787414400,2026-08-24 11:59:59 UTC,1787572799999,1787572799,0.6846,0.5554,0.02977,0.49586,1.06207,0.49586,50.0,13.78,27.57,LOSS,-13.78,-27.57,44
544,VELVETUSDT,LONG,2026-08-22 17:00:00 UTC,1787418000000,1787418000,2026-08-24 09:59:59 UTC,1787565599999,1787565599,0.6803,0.5862,0.02873,0.52874,0.98341,0.52874,50.0,11.14,22.28,LOSS,-11.14,-22.28,41
545,VELVETUSDT,LONG,2026-08-22 18:00:00 UTC,1787421600000,1787421600,2026-08-24 09:59:59 UTC,1787565599999,1787565599,0.6986,0.5927,0.02835,0.53599,1.02382,0.53599,50.0,11.64,23.28,LOSS,-11.64,-23.28,40
546,VELVETUSDT,LONG,2026-08-22 19:00:00 UTC,1787425200000,1787425200,2026-08-24 09:59:59 UTC,1787565599999,1787565599,0.6859,0.5927,0.0274,0.5379,0.9819,0.5379,50.0,10.79,21.58,LOSS,-10.79,-21.58,39
547,VELVETUSDT,LONG,2026-08-22 20:00:00 UTC,1787428800000,1787428800,2026-08-24 09:59:59 UTC,1787565599999,1787565599,0.6878,0.5927,0.02639,0.53993,0.98355,0.53993,50.0,10.75,21.5,LOSS,-10.75,-21.5,38
548,VELVETUSDT,LONG,2026-08-22 21:00:00 UTC,1787432400000,1787432400,2026-08-24 09:59:59 UTC,1787565599999,1787565599,0.6964,0.5927,0.02559,0.54151,1.00618,0.54151,50.0,11.12,22.24,LOSS,-11.12,-22.24,37
549,VELVETUSDT,LONG,2026-08-22 22:00:00 UTC,1787436000000,1787436000,2026-08-24 09:59:59 UTC,1787565599999,1787565599,0.6878,0.6121,0.02557,0.56095,0.94149,0.56095,50.0,9.22,18.44,LOSS,-9.22,-18.44,36
550,VELVETUSDT,LONG,2026-08-22 23:00:00 UTC,1787439600000,1787439600,2026-08-24 09:59:59 UTC,1787565599999,1787565599,0.6835,0.6121,0.02456,0.56298,0.92454,0.56298,50.0,8.82,17.63,LOSS,-8.82,-17.63,35
551,VELVETUSDT,LONG,2026-08-23 00:00:00 UTC,1787443200000,1787443200,2026-08-24 09:59:59 UTC,1787565599999,1787565599,0.6912,0.6121,0.02387,0.56436,0.94488,0.56436,50.0,9.18,18.35,LOSS,-9.18,-18.35,34
552,VELVETUSDT,LONG,2026-08-23 01:00:00 UTC,1787446800000,1787446800,2026-08-24 09:59:59 UTC,1787565599999,1787565599,0.6812,0.6121,0.02332,0.56547,0.91266,0.56547,50.0,8.49,16.99,LOSS,-8.49,-16.99,33
553,VELVETUSDT,LONG,2026-08-23 02:00:00 UTC,1787450400000,1787450400,2026-08-24 09:59:59 UTC,1787565599999,1787565599,0.6819,0.6121,0.02233,0.56744,0.91082,0.56744,50.0,8.39,16.79,LOSS,-8.39,-16.79,32
554,VELVETUSDT,LONG,2026-08-23 03:00:00 UTC,1787454000000,1787454000,2026-08-24 09:59:59 UTC,1787565599999,1787565599,0.6951,0.6121,0.02271,0.56669,0.95192,0.56669,50.0,9.24,18.47,LOSS,-9.24,-18.47,31
555,VELVETUSDT,LONG,2026-08-23 04:00:00 UTC,1787457600000,1787457600,2026-08-24 09:59:59 UTC,1787565599999,1787565599,0.6754,0.6121,0.024,0.5641,0.89799,0.5641,50.0,8.24,16.48,LOSS,-8.24,-16.48,30
556,VELVETUSDT,LONG,2026-08-23 05:00:00 UTC,1787461200000,1787461200,2026-08-24 09:59:59 UTC,1787565599999,1787565599,0.6678,0.6121,0.02349,0.56512,0.87316,0.56512,50.0,7.69,15.38,LOSS,-7.69,-15.38,29
557,VELVETUSDT,LONG,2026-08-23 06:00:00 UTC,1787464800000,1787464800,2026-08-24 09:59:59 UTC,1787565599999,1787565599,0.6653,0.6121,0.02281,0.56649,0.86292,0.56649,50.0,7.43,14.85,LOSS,-7.43,-14.85,28
558,VELVETUSDT,LONG,2026-08-23 07:00:00 UTC,1787468400000,1787468400,2026-08-24 09:59:59 UTC,1787565599999,1787565599,0.6737,0.6121,0.02242,0.56726,0.88658,0.56726,50.0,7.9,15.8,LOSS,-7.9,-15.8,27
559,VELVETUSDT,LONG,2026-08-23 08:00:00 UTC,1787472000000,1787472000,2026-08-24 09:59:59 UTC,1787565599999,1787565599,0.6694,0.6121,0.02167,0.56876,0.87067,0.56876,50.0,7.52,15.03,LOSS,-7.52,-15.03,26
560,VELVETUSDT,LONG,2026-08-23 09:00:00 UTC,1787475600000,1787475600,2026-08-24 09:59:59 UTC,1787565599999,1787565599,0.6662,0.6121,0.02101,0.57007,0.85845,0.57007,50.0,7.21,14.43,LOSS,-7.21,-14.43,25
561,VELVETUSDT,LONG,2026-08-23 10:00:00 UTC,1787479200000,1787479200,2026-08-24 09:59:59 UTC,1787565599999,1787565599,0.6656,0.6121,0.02019,0.57172,0.85336,0.57172,50.0,7.05,14.1,LOSS,-7.05,-14.1,24
562,VELVETUSDT,LONG,2026-08-23 11:00:00 UTC,1787482800000,1787482800,2026-08-24 09:59:59 UTC,1787565599999,1787565599,0.6668,0.6121,0.02002,0.57206,0.85628,0.57206,50.0,7.1,14.21,LOSS,-7.1,-14.21,23
563,VELVETUSDT,LONG,2026-08-23 12:00:00 UTC,1787486400000,1787486400,2026-08-24 09:59:59 UTC,1787565599999,1787565599,0.6776,0.6121,0.0202,0.57171,0.88939,0.57171,50.0,7.81,15.63,LOSS,-7.81,-15.63,22
564,VELVETUSDT,LONG,2026-08-23 13:00:00 UTC,1787490000000,1787490000,2026-08-24 09:59:59 UTC,1787565599999,1787565599,0.6695,0.6121,0.02016,0.57178,0.86495,0.57178,50.0,7.3,14.6,LOSS,-7.3,-14.6,21
565,VELVETUSDT,LONG,2026-08-23 14:00:00 UTC,1787493600000,1787493600,2026-08-24 09:59:59 UTC,1787565599999,1787565599,0.6892,0.6121,0.02055,0.571,0.9256,0.571,50.0,8.58,17.15,LOSS,-8.58,-17.15,20
566,VELVETUSDT,LONG,2026-08-23 15:00:00 UTC,1787497200000,1787497200,2026-08-24 09:59:59 UTC,1787565599999,1787565599,0.6825,0.6121,0.01983,0.57245,0.9026,0.57245,50.0,8.06,16.12,LOSS,-8.06,-16.12,19
567,VELVETUSDT,LONG,2026-08-23 16:00:00 UTC,1787500800000,1787500800,2026-08-24 09:59:59 UTC,1787565599999,1787565599,0.6761,0.6121,0.01912,0.57385,0.88059,0.57385,50.0,7.56,15.12,LOSS,-7.56,-15.12,18
568,VELVETUSDT,LONG,2026-08-23 17:00:00 UTC,1787504400000,1787504400,2026-08-24 09:59:59 UTC,1787565599999,1787565599,0.679,0.6121,0.01851,0.57507,0.88686,0.57507,50.0,7.65,15.31,LOSS,-7.65,-15.31,17
569,VELVETUSDT,LONG,2026-08-23 18:00:00 UTC,1787508000000,1787508000,2026-08-24 09:59:59 UTC,1787565599999,1787565599,0.6761,0.6121,0.01801,0.57609,0.87613,0.57609,50.0,7.4,14.79,LOSS,-7.4,-14.79,16
570,VELVETUSDT,LONG,2026-08-23 19:00:00 UTC,1787511600000,1787511600,2026-08-24 09:59:59 UTC,1787565599999,1787565599,0.6738,0.6121,0.01735,0.5774,0.8666,0.5774,50.0,7.15,14.31,LOSS,-7.15,-14.31,15
571,VELVETUSDT,LONG,2026-08-23 20:00:00 UTC,1787515200000,1787515200,2026-08-24 09:59:59 UTC,1787565599999,1787565599,0.6729,0.6121,0.0167,0.57871,0.86128,0.57871,50.0,7.0,14.0,LOSS,-7.0,-14.0,14
572,VELVETUSDT,LONG,2026-08-23 21:00:00 UTC,1787518800000,1787518800,2026-08-24 09:59:59 UTC,1787565599999,1787565599,0.6693,0.6121,0.01607,0.57995,0.848,0.57995,50.0,6.67,13.35,LOSS,-6.67,-13.35,13
573,VELVETUSDT,LONG,2026-08-23 22:00:00 UTC,1787522400000,1787522400,2026-08-24 09:59:59 UTC,1787565599999,1787565599,0.669,0.6121,0.01563,0.58083,0.84533,0.58083,50.0,6.59,13.18,LOSS,-6.59,-13.18,12
574,VELVETUSDT,LONG,2026-08-23 23:00:00 UTC,1787526000000,1787526000,2026-08-24 09:59:59 UTC,1787565599999,1787565599,0.6821,0.6121,0.01607,0.57995,0.8864,0.57995,50.0,7.49,14.98,LOSS,-7.49,-14.98,11
575,VELVETUSDT,LONG,2026-08-24 00:00:00 UTC,1787529600000,1787529600,2026-08-24 09:59:59 UTC,1787565599999,1787565599,0.671,0.6133,0.01647,0.58036,0.85227,0.58036,50.0,6.75,13.51,LOSS,-6.75,-13.51,10
576,VELVETUSDT,LONG,2026-08-24 01:00:00 UTC,1787533200000,1787533200,2026-08-24 09:59:59 UTC,1787565599999,1787565599,0.6829,0.6133,0.01691,0.57949,0.88973,0.57949,50.0,7.57,15.14,LOSS,-7.57,-15.14,9
577,VELVETUSDT,LONG,2026-08-24 02:00:00 UTC,1787536800000,1787536800,2026-08-24 09:59:59 UTC,1787565599999,1787565599,0.6779,0.6133,0.01682,0.57966,0.87438,0.57966,50.0,7.25,14.49,LOSS,-7.25,-14.49,8
578,VELVETUSDT,LONG,2026-08-24 03:00:00 UTC,1787540400000,1787540400,2026-08-24 09:59:59 UTC,1787565599999,1787565599,0.6756,0.6292,0.0165,0.59619,0.83442,0.59619,50.0,5.88,11.75,LOSS,-5.88,-11.75,7
579,VELVETUSDT,LONG,2026-08-24 04:00:00 UTC,1787544000000,1787544000,2026-08-24 09:59:59 UTC,1787565599999,1787565599,0.6739,0.6292,0.01617,0.59686,0.82797,0.59686,50.0,5.72,11.43,LOSS,-5.72,-11.43,6
580,VELVETUSDT,LONG,2026-08-24 05:00:00 UTC,1787547600000,1787547600,2026-08-24 09:59:59 UTC,1787565599999,1787565599,0.667,0.6292,0.01592,0.59736,0.80628,0.59736,50.0,5.22,10.44,LOSS,-5.22,-10.44,5
581,VELVETUSDT,LONG,2026-08-24 06:00:00 UTC,1787551200000,1787551200,2026-08-24 09:59:59 UTC,1787565599999,1787565599,0.6703,0.6292,0.01535,0.5985,0.81389,0.5985,50.0,5.36,10.71,LOSS,-5.36,-10.71,4
582,VELVETUSDT,LONG,2026-08-24 07:00:00 UTC,1787554800000,1787554800,2026-08-24 09:59:59 UTC,1787565599999,1787565599,0.6794,0.6292,0.01517,0.59887,0.84046,0.59887,50.0,5.93,11.85,LOSS,-5.93,-11.85,3
583,VELVETUSDT,LONG,2026-08-24 08:00:00 UTC,1787558400000,1787558400,2026-08-24 09:59:59 UTC,1787565599999,1787565599,0.6853,0.6292,0.01473,0.59975,0.8564,0.59975,50.0,6.24,12.48,LOSS,-6.24,-12.48,2
584,VELVETUSDT,LONG,2026-08-24 09:00:00 UTC,1787562000000,1787562000,2026-08-24 09:59:59 UTC,1787565599999,1787565599,0.6858,0.6292,0.01455,0.6001,0.85721,0.6001,50.0,6.25,12.5,LOSS,-6.25,-12.5,1
585,VELVETUSDT,LONG,2026-08-24 10:00:00 UTC,1787565600000,1787565600,2026-08-24 11:59:59 UTC,1787572799999,1787572799,0.8839,0.5236,0.04076,0.44207,1.76755,0.44207,50.0,24.99,49.99,LOSS,-24.99,-49.99,2
586,VELVETUSDT,LONG,2026-08-24 11:00:00 UTC,1787569200000,1787569200,2026-08-24 11:59:59 UTC,1787572799999,1787572799,0.6175,0.5236,0.06319,0.39723,1.05805,0.39723,50.0,17.84,35.67,LOSS,-17.84,-35.67,1
