trade_id,symbol,side,entry_time_utc,entry_price,lowest_100_price,highest_100_price,atr_14,stop_loss_price,take_profit_price,risk_usdt,target_reward_usdt,result,pnl_usdt,holding_bars,target,trend_100b_pct,trend_50b_pct,trend_20b_pct,stoch_pos_pct,norm_atr_pct,volatility_range_pct,volume_ratio,entry_hour,dist_to_100low_pct,last_bar_body_ratio,last_bar_is_bullish
1,TACUSDT,LONG,2026-06-28 14:00:00 UTC,0.02094,0.0184,0.02626,0.00051,0.01739,0.02804,8.48,16.96,WIN,16.96,18,1,5.015,-19.213,2.8993,32.3155,2.4355,37.5358,0.5086,14,12.1299,0.873,0
2,TACUSDT,LONG,2026-06-28 15:00:00 UTC,0.02157,0.0184,0.02626,0.00055,0.01731,0.0301,9.88,19.76,WIN,19.76,17,1,7.7384,-13.089,5.217,40.3308,2.5498,36.4395,0.6063,15,14.6963,0.6095,1
3,TACUSDT,LONG,2026-06-28 16:00:00 UTC,0.02163,0.0184,0.02626,0.00053,0.01733,0.03023,9.93,19.87,WIN,19.87,16,1,2.5592,-13.3013,5.561,41.0941,2.4503,36.3384,0.6126,16,14.933,0.1795,1
4,TACUSDT,LONG,2026-06-28 17:00:00 UTC,0.02145,0.0184,0.02626,0.00054,0.01733,0.02968,9.6,19.2,WIN,19.2,15,1,0.4213,-13.4732,2.5825,38.8041,2.5175,36.6434,0.6682,17,14.2191,0.3158,0
5,TACUSDT,LONG,2026-06-28 18:00:00 UTC,0.02174,0.0184,0.02626,0.00053,0.01735,0.03053,10.1,20.2,WIN,20.2,14,1,4.8193,-7.0115,4.8193,42.4936,2.4379,36.1546,0.6794,18,15.3634,0.8108,1
6,TACUSDT,LONG,2026-06-28 19:00:00 UTC,0.02179,0.01986,0.02626,0.00051,0.01883,0.02772,6.8,13.61,WIN,13.61,13,1,7.4384,-5.9914,4.0057,30.1563,2.3405,29.3713,0.7902,19,8.8573,0.1842,1
7,TACUSDT,LONG,2026-06-28 20:00:00 UTC,0.02186,0.02012,0.02626,0.0005,0.01913,0.02731,6.24,12.48,WIN,12.48,12,1,7.5787,-7.6858,4.7939,28.3388,2.2873,28.0878,0.722,20,7.9597,0.2692,1
8,TACUSDT,LONG,2026-06-28 21:00:00 UTC,0.02227,0.02012,0.02626,0.0005,0.01912,0.02856,7.06,14.13,WIN,14.13,11,1,9.8175,-6.9009,6.6603,35.0163,2.2452,27.5707,0.7562,21,9.6542,0.7018,1
9,TACUSDT,LONG,2026-06-28 22:00:00 UTC,0.02217,0.02019,0.02626,0.0005,0.01919,0.02814,6.73,13.47,WIN,13.47,10,1,9.4815,-8.0083,6.1273,32.6194,2.2553,27.3793,0.7569,22,8.931,0.2083,0
10,TACUSDT,LONG,2026-06-28 23:00:00 UTC,0.02217,0.02019,0.02626,0.00048,0.01923,0.02805,6.64,13.27,WIN,13.27,9,1,9.2611,-9.21,4.87,32.6194,2.1651,27.3793,0.7579,23,8.931,0.037,1
11,TACUSDT,LONG,2026-06-29 00:00:00 UTC,0.02211,0.02019,0.02626,0.00047,0.01925,0.02784,6.48,12.95,WIN,12.95,8,1,8.9163,-8.5986,5.4363,31.631,2.1257,27.4536,0.7168,0,8.6839,0.1935,0
12,TACUSDT,LONG,2026-06-29 01:00:00 UTC,0.0221,0.02019,0.02626,0.00045,0.01928,0.02774,6.37,12.75,WIN,12.75,7,1,8.9207,-10.5263,3.1746,31.4662,2.0362,27.4661,0.5715,1,8.6425,0.04,0
13,TACUSDT,LONG,2026-06-29 02:00:00 UTC,0.02214,0.02019,0.02626,0.00044,0.01931,0.02781,6.39,12.79,WIN,12.79,6,1,8.1015,-8.2816,3.3116,32.1252,1.9874,27.4164,0.5177,2,8.8076,0.2083,1
14,TACUSDT,LONG,2026-06-29 03:00:00 UTC,0.02213,0.02019,0.02626,0.00043,0.01934,0.02772,6.31,12.62,WIN,12.62,5,1,8.5953,-7.0618,2.7416,31.9605,1.9431,27.4288,0.4346,3,8.7664,0.1111,0
15,TACUSDT,LONG,2026-06-29 04:00:00 UTC,0.02203,0.02019,0.02626,0.00041,0.01937,0.02734,6.03,12.07,WIN,12.07,4,1,8.0353,-7.7792,2.5581,30.313,1.8611,27.5533,0.3995,4,8.3522,0.4,0
16,TACUSDT,LONG,2026-06-29 05:00:00 UTC,0.02215,0.02019,0.02626,0.00041,0.01938,0.0277,6.26,12.53,WIN,12.53,3,1,8.5252,-4.3197,3.0233,32.29,1.851,27.4041,0.376,5,8.8488,0.3243,1
17,TACUSDT,LONG,2026-06-29 06:00:00 UTC,0.02201,0.02019,0.02626,0.0004,0.0194,0.02725,5.95,11.89,WIN,11.89,2,1,7.6209,-5.9752,2.3223,29.9835,1.8174,27.5784,0.3552,6,8.269,0.4615,0
18,TACUSDT,LONG,2026-06-29 07:00:00 UTC,0.02184,0.02019,0.02626,0.00039,0.01941,0.02668,5.54,11.08,WIN,11.08,1,1,6.0194,-5.9432,1.5814,27.1829,1.7857,27.793,0.3139,7,7.5549,0.6538,0
19,TACUSDT,LONG,2026-06-29 08:00:00 UTC,0.03395,0.02019,0.03433,0.00126,0.01767,0.06651,23.98,47.95,WIN,47.95,15,1,62.4402,47.5445,57.9805,97.3126,3.7113,41.6495,3.9637,8,40.5302,0.9611,1
20,TACUSDT,LONG,2026-06-29 09:00:00 UTC,0.0453,0.02019,0.04613,0.00206,0.01607,0.10375,32.26,64.52,LOSS,-32.26,199,0,115.9199,94.9225,116.3324,96.8003,4.5475,57.2627,6.7469,9,55.4305,0.9124,1
21,TACUSDT,LONG,2026-06-29 10:00:00 UTC,0.05166,0.02019,0.05297,0.00254,0.0151,0.12478,35.38,70.77,LOSS,-35.38,198,0,146.0,124.4136,139.3883,96.0037,4.9168,63.4533,7.8391,10,60.9175,0.7186,1
22,TACUSDT,LONG,2026-06-29 11:00:00 UTC,0.05102,0.02019,0.05495,0.00285,0.01449,0.12407,35.8,71.59,LOSS,-35.8,197,0,143.389,122.9558,135.6285,88.6939,5.586,68.1301,8.287,11,60.4273,0.0985,0
23,TACUSDT,LONG,2026-06-29 12:00:00 UTC,0.05235,0.02019,0.05495,0.00313,0.01392,0.12922,36.7,73.41,LOSS,-36.7,196,0,149.7615,132.9773,144.0559,92.5201,5.979,66.3992,8.5356,12,61.4327,0.1939,1
24,TACUSDT,LONG,2026-06-29 13:00:00 UTC,0.05438,0.02019,0.0568,0.00333,0.01354,0.13606,37.55,75.1,LOSS,-37.55,195,0,161.4904,141.3043,150.069,93.3898,6.1236,67.3225,8.6962,13,62.8724,0.3505,1
25,TACUSDT,LONG,2026-06-29 14:00:00 UTC,0.05283,0.02019,0.0568,0.00364,0.01291,0.13267,37.78,75.56,LOSS,-37.78,194,0,153.2598,144.6966,142.2283,89.156,6.89,69.2977,8.8417,14,61.7831,0.2013,0
26,TACUSDT,LONG,2026-06-29 15:00:00 UTC,0.05761,0.02019,0.06124,0.00404,0.01212,0.1486,39.49,78.97,LOSS,-39.49,193,0,171.1059,173.8118,163.5407,91.1571,7.0127,71.255,8.963,15,64.954,0.5179,1
27,TACUSDT,LONG,2026-06-29 16:00:00 UTC,0.05872,0.02019,0.06124,0.00412,0.01195,0.15225,39.83,79.66,LOSS,-39.83,192,0,175.5045,184.5856,163.7466,93.8611,7.0163,69.908,9.0274,16,65.6165,0.2103,1
28,TACUSDT,LONG,2026-06-29 17:00:00 UTC,0.05612,0.02019,0.06325,0.00444,0.01132,0.14571,39.91,79.83,LOSS,-39.91,191,0,163.0272,173.2717,153.18,83.4417,7.9116,76.7284,9.1073,17,64.0235,0.3047,0
29,TACUSDT,LONG,2026-06-29 18:00:00 UTC,0.05813,0.02019,0.06325,0.00458,0.01103,0.15233,40.51,81.02,LOSS,-40.51,190,0,174.3275,186.3547,162.083,88.1096,7.8789,74.0753,8.609,18,65.2675,0.3121,1
30,TACUSDT,LONG,2026-06-29 19:00:00 UTC,0.05988,0.02019,0.06325,0.00448,0.01124,0.15718,40.62,81.24,LOSS,-40.62,189,0,183.2072,189.6468,170.7825,92.1737,7.4816,71.9105,7.463,19,66.2826,0.5506,1
31,TACUSDT,LONG,2026-06-29 20:00:00 UTC,0.05936,0.02019,0.06325,0.0043,0.01158,0.15492,40.24,80.49,LOSS,-40.24,188,0,179.0785,191.6953,168.5973,90.9661,7.2439,72.5404,6.2428,20,65.9872,0.2537,0
32,TACUSDT,LONG,2026-06-29 21:00:00 UTC,0.05959,0.02019,0.06325,0.00423,0.01173,0.15531,40.16,80.31,LOSS,-40.16,187,0,178.7652,190.59,169.0745,91.5002,7.0985,72.2604,5.3632,21,66.1185,0.0736,1
33,TACUSDT,LONG,2026-06-29 22:00:00 UTC,0.05965,0.02019,0.06325,0.00419,0.01182,0.15532,40.1,80.19,LOSS,-40.1,186,0,178.9055,190.878,169.697,91.6396,7.0243,72.1878,4.6836,22,66.1526,0.011,1
34,TACUSDT,LONG,2026-06-29 23:00:00 UTC,0.05752,0.02019,0.06667,0.00482,0.01055,0.15148,40.83,81.67,LOSS,-40.83,185,0,170.8098,175.0837,160.8617,80.3141,8.3797,80.8067,4.3388,23,64.8992,0.1628,0
35,TACUSDT,LONG,2026-06-30 00:00:00 UTC,0.0601,0.02019,0.06667,0.0051,0.00999,0.1603,41.69,83.37,LOSS,-41.69,184,0,184.6518,189.5904,171.2867,85.8649,8.4859,77.3378,3.8879,0,66.406,0.2957,1
36,TACUSDT,LONG,2026-06-30 01:00:00 UTC,0.05987,0.02019,0.06667,0.00497,0.01025,0.15912,41.44,82.88,LOSS,-41.44,183,0,178.8076,185.4554,171.7204,85.3701,8.3013,77.6349,3.3277,1,66.2769,0.0729,0
37,TACUSDT,LONG,2026-06-30 02:00:00 UTC,0.05553,0.02019,0.06667,0.00503,0.01014,0.14631,40.87,81.74,LOSS,-40.87,182,0,157.1098,166.1074,154.1667,76.0327,9.0582,83.7025,3.0994,2,63.6413,0.7556,0
38,TACUSDT,LONG,2026-06-30 03:00:00 UTC,0.05956,0.02019,0.06667,0.00539,0.00942,0.15984,42.09,84.18,LOSS,-42.09,181,0,162.842,185.3857,75.4345,84.7031,9.0497,78.039,2.7367,3,66.1014,0.401,1
39,TACUSDT,LONG,2026-06-30 04:00:00 UTC,0.05983,0.02019,0.06667,0.00523,0.00973,0.16004,41.87,83.74,LOSS,-41.87,180,0,155.0298,186.405,32.0751,85.284,8.7414,77.6868,2.4841,4,66.2544,0.0841,1
40,TACUSDT,LONG,2026-06-30 05:00:00 UTC,0.0586,0.02019,0.06667,0.00518,0.00984,0.15611,41.6,83.21,LOSS,-41.6,179,0,146.4451,176.974,13.3953,82.6377,8.8396,79.3174,2.4406,5,65.5461,0.2803,0
41,TACUSDT,LONG,2026-06-30 06:00:00 UTC,0.05776,0.02019,0.06667,0.00505,0.0101,0.15308,41.26,82.52,LOSS,-41.26,178,0,145.5782,175.4411,13.2771,80.8305,8.7431,80.4709,2.4339,6,65.045,0.2485,0
42,TACUSDT,LONG,2026-06-30 07:00:00 UTC,0.05802,0.02019,0.06667,0.00486,0.01048,0.1531,40.97,81.94,LOSS,-40.97,177,0,143.1447,170.7283,10.7736,81.3898,8.3764,80.1103,2.3504,7,65.2017,0.0962,1
43,TACUSDT,LONG,2026-06-30 08:00:00 UTC,0.05882,0.02019,0.06667,0.00496,0.01027,0.15593,41.27,82.54,LOSS,-41.27,176,0,136.5501,174.3937,8.1633,83.111,8.4325,79.0207,2.3745,8,65.6749,0.1284,1
44,TACUSDT,LONG,2026-06-30 09:00:00 UTC,0.06187,0.02019,0.06667,0.00499,0.01022,0.16518,41.74,83.48,LOSS,-41.74,175,0,142.4373,187.5,17.1115,89.673,8.0653,75.1253,2.1192,9,67.3671,0.5755,1
45,TACUSDT,LONG,2026-06-30 10:00:00 UTC,0.05982,0.02019,0.06667,0.00494,0.01032,0.15881,41.37,82.75,LOSS,-41.37,174,0,139.32,178.2791,3.8535,85.2625,8.2581,77.6998,2.0192,10,66.2487,0.4744,0
46,TACUSDT,LONG,2026-06-30 11:00:00 UTC,0.0653,0.02019,0.06667,0.00504,0.01011,0.1757,42.26,84.53,LOSS,-42.26,173,0,159.4595,203.6279,11.1906,97.0525,7.7182,71.1792,2.0432,11,69.0812,0.8491,1
47,TACUSDT,LONG,2026-06-30 12:00:00 UTC,0.06285,0.02019,0.06667,0.00495,0.01028,0.16798,41.82,83.64,LOSS,-41.82,172,0,148.8124,191.9183,11.9722,91.7814,7.8759,73.9539,1.9344,12,67.8759,0.6447,0
48,TACUSDT,LONG,2026-06-30 13:00:00 UTC,0.06236,0.02019,0.06667,0.00487,0.01045,0.16616,41.62,83.24,LOSS,-41.62,171,0,146.5585,189.907,7.2252,90.7272,7.8095,74.535,1.779,13,67.6235,0.1383,0
49,TACUSDT,LONG,2026-06-30 14:00:00 UTC,0.06407,0.02019,0.06667,0.0048,0.0106,0.17102,41.73,83.46,LOSS,-41.73,170,0,152.3828,198.1852,7.0319,94.4062,7.4918,72.5457,1.7626,14,68.4876,0.4468,1
50,TACUSDT,LONG,2026-06-30 15:00:00 UTC,0.06589,0.02019,0.0687,0.0048,0.0106,0.17646,41.95,83.91,LOSS,-41.95,169,0,156.6589,214.7564,11.0344,94.2074,7.2849,73.6227,1.7952,15,69.358,0.3849,1
51,TACUSDT,LONG,2026-06-30 16:00:00 UTC,0.05887,0.02019,0.0687,0.00508,0.01002,0.15655,41.49,82.97,LOSS,-41.49,168,0,127.1219,172.7989,-1.2248,79.7361,8.6292,82.4019,1.8523,16,65.7041,0.7932,0
52,TACUSDT,LONG,2026-06-30 17:00:00 UTC,0.06383,0.02019,0.0687,0.00523,0.00973,0.17204,42.38,84.76,LOSS,-42.38,167,0,157.0278,194.9168,7.0267,89.9608,8.1936,75.9987,1.8593,17,68.3691,0.6923,1
53,TACUSDT,LONG,2026-06-30 18:00:00 UTC,0.06214,0.02019,0.0687,0.00512,0.00995,0.16653,42.0,84.0,LOSS,-42.0,166,0,148.9583,189.697,8.032,86.477,8.2395,78.0657,1.7183,18,67.5089,0.4568,0
54,TACUSDT,LONG,2026-06-30 19:00:00 UTC,0.06139,0.02019,0.0687,0.0052,0.0098,0.16457,42.02,84.04,LOSS,-42.02,165,0,147.5998,182.2069,2.1468,84.9309,8.4704,79.0194,1.6596,19,67.1119,0.1236,0
55,TACUSDT,LONG,2026-06-30 20:00:00 UTC,0.05971,0.02019,0.0687,0.00501,0.01018,0.15877,41.48,82.95,LOSS,-41.48,164,0,155.28,173.7735,-0.2506,81.4677,8.3906,81.2427,1.452,20,66.1866,0.6614,0
56,TACUSDT,LONG,2026-06-30 21:00:00 UTC,0.06199,0.02019,0.0687,0.00496,0.01028,0.16541,41.71,83.42,LOSS,-41.71,163,0,167.1983,183.5773,11.6736,86.1678,8.0013,78.2546,1.2791,21,67.4302,0.5315,1
57,TACUSDT,LONG,2026-06-30 22:00:00 UTC,0.06219,0.02019,0.0687,0.00476,0.01068,0.16521,41.42,82.83,LOSS,-41.42,162,0,162.5845,179.3351,4.3989,86.5801,7.654,78.0029,1.1643,22,67.535,0.0868,1
58,TACUSDT,LONG,2026-06-30 23:00:00 UTC,0.06271,0.02019,0.0687,0.00455,0.01109,0.16594,41.16,82.31,LOSS,-41.16,161,0,162.2752,182.8597,4.8136,87.652,7.2556,77.3561,1.0672,23,67.8042,0.2811,1
59,TACUSDT,LONG,2026-07-01 00:00:00 UTC,0.06247,0.02019,0.0687,0.00435,0.0115,0.16442,40.8,81.59,LOSS,-40.8,160,0,159.2116,181.6501,6.6405,87.1573,6.9633,77.6533,0.9829,0,67.6805,0.1412,0
60,TACUSDT,LONG,2026-07-01 01:00:00 UTC,0.06234,0.02019,0.0687,0.00428,0.01163,0.16377,40.67,81.34,LOSS,-40.67,159,0,155.1781,181.9539,7.9294,86.8893,6.8656,77.8152,0.8317,1,67.6131,0.038,0
61,TACUSDT,LONG,2026-07-01 02:00:00 UTC,0.06305,0.02019,0.0687,0.00424,0.01172,0.16572,40.71,81.42,LOSS,-40.71,158,0,160.6449,185.2941,8.7256,88.3529,6.7248,76.9389,0.6345,2,67.9778,0.1924,1
62,TACUSDT,LONG,2026-07-01 03:00:00 UTC,0.06138,0.02019,0.0687,0.00409,0.01201,0.16011,40.22,80.44,LOSS,-40.22,157,0,148.502,177.1106,4.3345,84.9103,6.6634,79.0323,0.5467,3,67.1065,0.7591,0
63,TACUSDT,LONG,2026-07-01 04:00:00 UTC,0.06294,0.02019,0.0687,0.00398,0.01224,0.16433,40.28,80.55,LOSS,-40.28,156,0,160.5383,184.5771,1.6971,88.1262,6.3235,77.0734,0.5107,4,67.9218,0.6235,1
64,TACUSDT,LONG,2026-07-01 05:00:00 UTC,0.06112,0.02019,0.0687,0.00387,0.01246,0.15845,39.81,79.62,LOSS,-39.81,155,0,156.9147,177.1882,2.1561,84.3744,6.3318,79.3685,0.4168,5,66.9666,0.7429,0
65,TACUSDT,LONG,2026-07-01 06:00:00 UTC,0.05994,0.02019,0.0687,0.00388,0.01244,0.15495,39.63,79.25,LOSS,-39.63,154,0,150.7319,170.6546,-8.1648,81.9419,6.4731,80.9309,0.477,6,66.3163,0.2918,0
66,TACUSDT,LONG,2026-07-01 07:00:00 UTC,0.05914,0.02019,0.0687,0.00387,0.01244,0.15253,39.48,78.96,LOSS,-39.48,153,0,155.4644,168.4521,-5.9029,80.2927,6.5438,82.0257,0.4836,7,65.8607,0.2083,0
67,TACUSDT,LONG,2026-07-01 08:00:00 UTC,0.05934,0.02019,0.0687,0.0038,0.01259,0.15286,39.4,78.79,LOSS,-39.4,152,0,153.265,171.7033,-4.797,80.705,6.4038,81.7492,0.5005,8,65.9757,0.0697,1
68,TACUSDT,LONG,2026-07-01 09:00:00 UTC,0.06038,0.02019,0.0687,0.00369,0.01281,0.15552,39.39,78.78,LOSS,-39.39,151,0,160.0775,77.8792,-5.7584,82.8489,6.1113,80.3412,0.5096,9,66.5618,0.4773,1
69,TACUSDT,LONG,2026-07-01 10:00:00 UTC,0.05974,0.02019,0.0687,0.00369,0.01282,0.15359,39.27,78.55,LOSS,-39.27,150,0,159.6262,31.8764,-9.3613,81.5296,6.1768,81.2019,0.544,10,66.2035,0.1749,0
70,TACUSDT,LONG,2026-07-01 11:00:00 UTC,0.05998,0.02019,0.0687,0.00358,0.01304,0.15387,39.13,78.26,LOSS,-39.13,149,0,158.0895,16.1053,1.8855,82.0243,5.9687,80.877,0.5068,11,66.3388,0.1127,1
71,TACUSDT,LONG,2026-07-01 12:00:00 UTC,0.05816,0.02019,0.0687,0.00359,0.01301,0.14845,38.81,77.62,LOSS,-38.81,148,0,152.6499,14.0616,-8.8687,78.2725,6.1726,83.4078,0.5219,12,65.2854,0.4853,0
72,TACUSDT,LONG,2026-07-01 13:00:00 UTC,0.05706,0.02019,0.0687,0.00358,0.01302,0.14513,38.59,77.17,LOSS,-38.59,147,0,149.4972,8.9971,-8.1751,76.0049,6.2741,85.0158,0.568,13,64.6162,0.3125,0
73,TACUSDT,LONG,2026-07-01 14:00:00 UTC,0.05717,0.02019,0.0687,0.00347,0.01326,0.14499,38.4,76.8,LOSS,-38.4,146,0,154.4726,5.1296,-6.8426,76.2317,6.0696,84.8522,0.5796,14,64.6843,0.0625,1
74,TACUSDT,LONG,2026-07-01 15:00:00 UTC,0.05461,0.02019,0.0687,0.00377,0.01265,0.13854,38.42,76.84,LOSS,-38.42,145,0,142.1917,3.3314,-8.5748,70.9544,6.9035,88.8299,0.6818,15,63.0287,0.332,0
75,TACUSDT,LONG,2026-07-01 16:00:00 UTC,0.05037,0.02019,0.0687,0.00399,0.01222,0.12669,37.88,75.75,LOSS,-37.88,144,0,133.3025,-12.5673,-18.745,62.214,7.9214,96.3073,0.7893,16,59.9166,0.6244,0
76,TACUSDT,LONG,2026-07-01 17:00:00 UTC,0.04772,0.02019,0.0687,0.00407,0.01206,0.11903,37.37,74.73,LOSS,-37.37,143,0,126.9011,-18.6851,-23.2229,56.7512,8.5289,101.6555,0.8575,17,57.6907,0.5147,0
77,TACUSDT,LONG,2026-07-01 18:00:00 UTC,0.04292,0.02019,0.0687,0.00413,0.01193,0.10491,36.1,72.21,LOSS,-36.1,142,0,108.0465,-23.5347,-31.558,46.8563,9.6226,113.0242,0.9499,18,52.959,0.9717,0
78,TACUSDT,LONG,2026-07-01 19:00:00 UTC,0.0435,0.02019,0.0687,0.00403,0.01214,0.10621,36.04,72.09,LOSS,-36.04,141,0,111.7819,-25.1677,-30.3666,48.0519,9.2644,111.5172,0.9804,19,53.5862,0.2197,1
79,TACUSDT,LONG,2026-07-01 20:00:00 UTC,0.04287,0.02019,0.0687,0.00393,0.01234,0.10391,35.6,71.21,LOSS,-35.6,140,0,111.1823,-28.3949,-31.232,46.7532,9.1672,113.1561,0.9639,20,52.9041,0.2395,0
80,TACUSDT,LONG,2026-07-01 21:00:00 UTC,0.04146,0.02019,0.0687,0.00451,0.01117,0.10204,36.53,73.05,LOSS,-36.53,139,0,100.7257,-30.1044,-34.1951,43.8466,10.878,117.0043,1.0518,21,51.3025,0.114,0
81,TACUSDT,LONG,2026-07-01 22:00:00 UTC,0.04165,0.02019,0.0687,0.0044,0.01139,0.10215,36.32,72.64,LOSS,-36.32,138,0,104.6192,-30.1342,-32.1603,44.2383,10.5642,116.4706,1.0256,22,51.5246,0.0604,1
82,TACUSDT,LONG,2026-07-01 23:00:00 UTC,0.03907,0.02019,0.0687,0.00429,0.01162,0.09397,35.13,70.26,LOSS,-35.13,137,0,90.4924,-34.4793,-37.9053,38.9198,10.9803,124.1618,0.9864,23,48.3235,0.9149,0
83,TACUSDT,LONG,2026-07-02 00:00:00 UTC,0.03943,0.02032,0.0687,0.00412,0.01207,0.09414,34.69,69.39,LOSS,-34.69,136,0,92.3415,-31.4499,-35.4876,39.4998,10.4489,122.6985,0.9734,0,48.4656,0.18,1
84,TACUSDT,LONG,2026-07-02 01:00:00 UTC,0.03923,0.02037,0.0687,0.00405,0.01226,0.09315,34.37,68.74,LOSS,-34.37,135,0,87.6136,-34.7146,-34.5621,39.0234,10.3237,123.1965,0.8928,1,48.0755,0.0639,0
85,TACUSDT,LONG,2026-07-02 02:00:00 UTC,0.03797,0.02054,0.0687,0.00391,0.01272,0.08847,33.24,66.49,LOSS,-33.24,134,0,83.0843,-36.5352,-35.7626,36.1919,10.2976,126.837,0.7296,2,45.9047,0.6108,0
86,TACUSDT,LONG,2026-07-02 03:00:00 UTC,0.03917,0.02061,0.0687,0.00388,0.01285,0.09181,33.59,67.18,LOSS,-33.59,133,0,86.7907,-29.4361,-33.9906,38.5943,9.9055,122.7725,0.6391,3,47.3832,0.3468,1
87,TACUSDT,LONG,2026-07-02 04:00:00 UTC,0.03537,0.02061,0.0687,0.00392,0.01276,0.08058,31.96,63.92,LOSS,-31.96,132,0,69.559,-40.6145,-41.4307,30.6925,11.0828,135.9627,0.5628,4,41.7303,0.8407,0
88,TACUSDT,LONG,2026-07-02 05:00:00 UTC,0.03612,0.02061,0.0687,0.00384,0.01292,0.08252,32.12,64.23,LOSS,-32.12,131,0,73.0714,-39.6289,-39.538,32.252,10.6312,133.1395,0.5483,5,42.9402,0.2669,1
89,TACUSDT,LONG,2026-07-02 06:00:00 UTC,0.03444,0.02061,0.0687,0.00372,0.01316,0.077,30.9,61.79,LOSS,-30.9,130,0,64.7678,-41.2427,-42.6142,28.7586,10.8014,139.6341,0.5507,6,40.1568,0.7834,0
90,TACUSDT,LONG,2026-07-02 07:00:00 UTC,0.03528,0.02061,0.0687,0.00367,0.01326,0.07932,31.21,62.41,LOSS,-31.21,129,0,66.8085,-38.9197,-39.3398,30.5053,10.4025,136.3095,0.4969,7,41.5816,0.2791,1
91,TACUSDT,LONG,2026-07-02 08:00:00 UTC,0.03681,0.02061,0.0687,0.00361,0.01339,0.08364,31.81,63.62,LOSS,-31.81,128,0,75.5842,-36.5063,-35.4714,33.6868,9.8071,130.6438,0.5208,8,44.0098,0.554,1
92,TACUSDT,LONG,2026-07-02 09:00:00 UTC,0.03837,0.02061,0.0687,0.00351,0.01358,0.08796,32.31,64.61,LOSS,-32.31,127,0,79.085,-34.7952,-32.9136,36.9308,9.1478,125.3323,0.5236,9,46.2862,0.6828,1
93,TACUSDT,LONG,2026-07-02 10:00:00 UTC,0.03898,0.02061,0.0687,0.00348,0.01364,0.08966,32.5,65.01,LOSS,-32.5,126,0,81.7631,-37.0131,-28.6133,38.1992,8.9277,123.371,0.5472,10,47.1267,0.1942,1
94,TACUSDT,LONG,2026-07-02 11:00:00 UTC,0.03962,0.02061,0.0687,0.00338,0.01385,0.09116,32.52,65.03,LOSS,-32.52,125,0,84.1078,-33.779,-21.3421,39.53,8.531,121.3781,0.5372,11,47.9808,0.3232,1
95,TACUSDT,LONG,2026-07-02 12:00:00 UTC,0.04016,0.02061,0.0687,0.00327,0.01407,0.09233,32.48,64.96,LOSS,-32.48,124,0,86.7907,-38.4804,-15.8777,40.6529,8.1424,119.746,0.5228,12,48.6803,0.2888,1
96,TACUSDT,LONG,2026-07-02 13:00:00 UTC,0.03702,0.02061,0.0687,0.00329,0.01403,0.083,31.05,62.11,LOSS,-31.05,123,0,72.186,-41.0979,-13.7465,34.1235,8.8871,129.9028,0.5191,13,44.3274,0.882,0
97,TACUSDT,LONG,2026-07-02 14:00:00 UTC,0.03046,0.02061,0.0687,0.00373,0.01315,0.06508,28.42,56.84,LOSS,-28.42,122,0,41.4306,-51.1471,-30.0,20.4824,12.2456,157.8792,0.6289,14,32.3375,0.6945,0
98,TACUSDT,LONG,2026-07-02 15:00:00 UTC,0.03342,0.02061,0.0687,0.004,0.0126,0.07505,31.14,62.29,LOSS,-31.14,121,0,55.4419,-47.8464,-22.0434,26.6376,11.9689,143.8959,0.7446,15,38.3303,0.3931,1
99,TACUSDT,LONG,2026-07-02 16:00:00 UTC,0.03759,0.02061,0.0687,0.00406,0.01249,0.08777,33.38,66.76,LOSS,-33.38,120,0,74.8255,-42.998,-9.4481,35.3088,10.8007,127.933,0.7572,16,45.1716,0.87,1
100,TACUSDT,LONG,2026-07-02 17:00:00 UTC,0.03791,0.02061,0.0687,0.00401,0.01258,0.08858,33.41,66.82,LOSS,-33.41,119,0,81.1366,-35.5699,-8.9097,35.9742,10.5777,126.8531,0.7354,17,45.6344,0.0983,1
101,TACUSDT,LONG,2026-07-02 18:00:00 UTC,0.03701,0.02061,0.0687,0.00393,0.01275,0.08552,32.77,65.54,LOSS,-32.77,118,0,71.5014,-42.0088,-5.2726,34.1027,10.6188,129.9379,0.7109,18,44.3123,0.3214,0
102,TACUSDT,LONG,2026-07-02 19:00:00 UTC,0.03662,0.02138,0.0687,0.00385,0.01368,0.08252,31.33,62.66,LOSS,-31.33,117,0,69.2699,-41.0525,-7.1012,32.2063,10.5134,129.219,0.6927,19,41.6166,0.1306,0
103,TACUSDT,LONG,2026-07-02 20:00:00 UTC,0.0355,0.02138,0.0687,0.00369,0.01401,0.07847,30.26,60.53,LOSS,-30.26,116,0,65.4545,-42.1799,-9.5335,29.8394,10.3944,133.2958,0.6585,20,39.7746,0.7584,0
104,TACUSDT,LONG,2026-07-02 21:00:00 UTC,0.03471,0.02139,0.0687,0.00351,0.01436,0.07542,29.32,58.63,LOSS,-29.32,115,0,59.5862,-41.869,-8.6339,28.1547,10.1124,136.3008,0.6394,21,38.3751,0.6124,0
105,TACUSDT,LONG,2026-07-02 22:00:00 UTC,0.03556,0.02151,0.0687,0.0034,0.0147,0.07727,29.33,58.65,LOSS,-29.33,114,0,62.9528,-42.6682,-9.2673,29.7733,9.5613,132.7053,0.6263,22,39.5107,0.4256,1
106,TACUSDT,LONG,2026-07-02 23:00:00 UTC,0.03463,0.02163,0.0687,0.00325,0.01514,0.07362,28.15,56.3,LOSS,-28.15,113,0,58.3257,-44.339,-2.1487,27.6184,9.3849,135.9226,0.5986,23,37.5397,0.76,0
107,TACUSDT,LONG,2026-07-03 00:00:00 UTC,0.03461,0.02173,0.0687,0.00307,0.0156,0.07264,27.47,54.94,LOSS,-27.47,112,0,55.4807,-44.8094,-4.1805,27.4218,8.8703,135.7122,0.436,0,37.2147,0.0286,0
108,TACUSDT,LONG,2026-07-03 01:00:00 UTC,0.03517,0.02173,0.0687,0.00305,0.01562,0.07425,27.79,55.58,LOSS,-27.79,111,0,58.6378,-43.701,2.179,28.614,8.6722,133.5513,0.2955,1,38.2144,0.1951,1
109,TACUSDT,LONG,2026-07-03 02:00:00 UTC,0.03533,0.02173,0.0687,0.00297,0.01578,0.07441,27.66,55.32,LOSS,-27.66,110,0,59.2876,-43.3269,0.1417,28.9547,8.4065,132.9465,0.2515,2,38.4942,0.0833,1
110,TACUSDT,LONG,2026-07-03 03:00:00 UTC,0.0353,0.02173,0.0687,0.00284,0.01605,0.07381,27.27,54.53,LOSS,-27.27,109,0,59.6563,-44.0127,-4.1282,28.8908,8.0453,133.0595,0.216,3,38.4419,0.0273,0
111,TACUSDT,LONG,2026-07-03 04:00:00 UTC,0.03514,0.02173,0.0687,0.00272,0.0163,0.07282,26.81,53.62,LOSS,-26.81,108,0,59.0045,-42.7501,-8.3942,28.5501,7.7405,133.6653,0.1874,4,38.1616,0.1441,0
112,TACUSDT,LONG,2026-07-03 05:00:00 UTC,0.03525,0.02173,0.0687,0.00259,0.01656,0.07264,26.52,53.03,LOSS,-26.52,107,0,59.1422,-43.9765,-9.5458,28.7843,7.3475,133.2482,0.165,5,38.3546,0.1209,1
113,TACUSDT,LONG,2026-07-03 06:00:00 UTC,0.03571,0.02173,0.0687,0.0025,0.01673,0.07367,26.57,53.15,LOSS,-26.57,106,0,61.5106,-41.574,-9.8688,29.7637,7.0008,131.5318,0.1544,6,39.1487,0.3433,1
114,TACUSDT,LONG,2026-07-03 07:00:00 UTC,0.03606,0.02173,0.0687,0.00241,0.0169,0.07438,26.57,53.13,LOSS,-26.57,105,0,63.4921,-39.8666,-10.2341,30.5088,6.6833,130.2551,0.1486,7,39.7393,0.2556,1
115,TACUSDT,LONG,2026-07-03 08:00:00 UTC,0.03591,0.02173,0.0687,0.00231,0.0171,0.07352,26.19,52.37,LOSS,-26.19,104,0,62.1219,-39.2797,-2.9984,30.1895,6.4327,130.7992,0.1455,8,39.4876,0.1485,0
116,TACUSDT,LONG,2026-07-03 09:00:00 UTC,0.03354,0.02173,0.0687,0.00232,0.01709,0.06645,24.53,49.05,LOSS,-24.53,103,0,52.2469,-43.4783,10.1478,25.1437,6.9171,140.0417,0.1542,9,35.2117,0.9916,0
117,TACUSDT,LONG,2026-07-03 10:00:00 UTC,0.03174,0.02173,0.0687,0.00232,0.0171,0.06101,23.06,46.12,LOSS,-23.06,102,0,45.3297,-47.4416,-5.0269,21.3115,7.3094,147.9836,0.1812,10,31.5375,0.8,0
118,TACUSDT,LONG,2026-07-03 11:00:00 UTC,0.03218,0.02173,0.0687,0.00232,0.0171,0.06234,23.43,46.87,LOSS,-23.43,101,0,-5.2135,-46.1332,-14.3466,22.2482,7.2094,145.9602,0.1831,11,32.4736,0.1888,1
119,TACUSDT,LONG,2026-07-03 12:00:00 UTC,0.03161,0.02787,0.0687,0.00225,0.02336,0.04811,13.05,26.1,WIN,26.1,94,1,-30.2428,-47.3158,-16.6886,9.1599,7.118,129.168,0.1919,12,11.8317,0.4028,0
120,TACUSDT,LONG,2026-07-03 13:00:00 UTC,0.03096,0.02787,0.0687,0.00217,0.02352,0.04585,12.02,24.03,WIN,24.03,93,1,-40.0503,-46.7503,-16.3199,7.568,7.009,131.8798,0.207,13,9.9806,0.5766,0
121,TACUSDT,LONG,2026-07-03 14:00:00 UTC,0.03179,0.02787,0.0687,0.00212,0.02362,0.04812,12.85,25.7,WIN,25.7,92,1,-37.6544,-44.2867,-13.2132,9.6008,6.6688,128.4366,0.2274,14,12.3309,0.5533,1
122,TACUSDT,LONG,2026-07-03 15:00:00 UTC,0.03124,0.02787,0.0687,0.00203,0.0238,0.04613,11.91,23.83,WIN,23.83,91,1,-40.3056,-45.348,-11.947,8.2537,6.4981,130.6978,0.244,15,10.7875,0.6207,0
123,TACUSDT,LONG,2026-07-03 16:00:00 UTC,0.03093,0.02787,0.0687,0.00193,0.02401,0.04478,11.19,22.38,WIN,22.38,89,1,-43.1329,-43.3413,-10.8902,7.4945,6.2399,132.0078,0.2519,16,9.8933,0.5439,0
124,TACUSDT,LONG,2026-07-03 17:00:00 UTC,0.03044,0.02787,0.0687,0.00188,0.02411,0.04311,10.41,20.81,WIN,20.81,88,1,-42.3812,-39.5672,-14.35,6.2944,6.1761,134.1327,0.2695,17,8.4428,0.3952,0
125,TACUSDT,LONG,2026-07-03 18:00:00 UTC,0.03049,0.02787,0.0687,0.00179,0.02428,0.0429,10.18,20.36,WIN,20.36,87,1,-47.0925,-36.1542,-11.933,6.4169,5.8708,133.9128,0.2806,18,8.593,0.0606,1
126,TACUSDT,LONG,2026-07-03 19:00:00 UTC,0.03004,0.02787,0.0687,0.00174,0.02438,0.04137,9.42,18.84,WIN,18.84,17,1,-48.8332,-30.0093,-13.2043,5.3147,5.7923,135.9188,0.2825,19,7.2237,0.4128,0
127,TACUSDT,LONG,2026-07-03 20:00:00 UTC,0.03038,0.02787,0.0687,0.00165,0.02456,0.04203,9.58,19.17,WIN,19.17,16,1,-45.8756,-30.1609,-13.6196,6.1474,5.4312,134.3976,0.2456,20,8.262,0.68,1
128,TACUSDT,LONG,2026-07-03 21:00:00 UTC,0.03011,0.02787,0.0687,0.00157,0.02473,0.04089,8.95,17.89,WIN,17.89,15,1,-48.2023,-29.7644,-14.775,5.4862,5.2142,135.6028,0.2059,21,7.4394,0.551,0
129,TACUSDT,LONG,2026-07-03 22:00:00 UTC,0.03048,0.02787,0.0687,0.00152,0.02483,0.04176,9.26,18.52,WIN,18.52,14,1,-49.0897,-26.5365,-13.6544,6.3924,4.9869,133.9567,0.1788,22,8.563,0.4458,1
130,TACUSDT,LONG,2026-07-03 23:00:00 UTC,0.03023,0.02787,0.0687,0.00145,0.02497,0.04074,8.69,17.39,WIN,17.39,13,1,-49.0735,-27.4015,-13.9727,5.7801,4.7966,135.0645,0.1612,23,7.8068,0.4717,0
131,TACUSDT,LONG,2026-07-04 00:00:00 UTC,0.03004,0.02787,0.0687,0.00139,0.02509,0.03995,8.24,16.48,WIN,16.48,11,1,-49.5805,-23.0868,-14.7518,5.3147,4.6272,135.9188,0.1451,0,7.2237,0.3,0
132,TACUSDT,LONG,2026-07-04 01:00:00 UTC,0.03032,0.02787,0.0687,0.00134,0.02519,0.04057,8.46,16.91,WIN,16.91,10,1,-49.1363,-23.0789,-15.0658,6.0005,4.4195,134.6636,0.1443,1,8.0805,0.3973,1
133,TACUSDT,LONG,2026-07-04 02:00:00 UTC,0.03025,0.02787,0.0687,0.00129,0.02529,0.04016,8.19,16.38,WIN,16.38,9,1,-47.4096,-22.8906,-16.0888,5.829,4.2645,134.9752,0.1387,2,7.8678,0.1167,0
134,TACUSDT,LONG,2026-07-04 03:00:00 UTC,0.0302,0.02787,0.0687,0.00125,0.02537,0.03987,8.0,16.01,WIN,16.01,8,1,-49.7421,-20.5054,-15.9009,5.7066,4.1391,135.1987,0.1191,3,7.7152,0.0633,0
135,TACUSDT,LONG,2026-07-04 04:00:00 UTC,0.03016,0.02787,0.0687,0.0012,0.02547,0.03954,7.78,15.55,WIN,15.55,7,1,-49.6158,-23.0023,-10.0775,5.6086,3.9788,135.378,0.1146,4,7.5928,0.0755,0
136,TACUSDT,LONG,2026-07-04 05:00:00 UTC,0.03034,0.02787,0.0687,0.00115,0.02556,0.03988,7.87,15.73,WIN,15.73,6,1,-45.3432,-14.2211,-4.4108,6.0495,3.7904,134.5748,0.1216,5,8.1411,0.3462,1
137,TACUSDT,LONG,2026-07-04 06:00:00 UTC,0.03048,0.02787,0.0687,0.00115,0.02557,0.0403,8.06,16.11,WIN,16.11,5,1,-48.8247,-15.6146,-5.2828,6.3924,3.773,133.9567,0.1276,6,8.563,0.1228,1
138,TACUSDT,LONG,2026-07-04 07:00:00 UTC,0.03135,0.02787,0.0687,0.00122,0.02542,0.0432,9.45,18.91,WIN,18.91,74,1,-47.6183,-8.9483,-0.8228,8.5231,3.8915,130.2392,0.157,7,11.1005,0.3945,1
139,TACUSDT,LONG,2026-07-04 08:00:00 UTC,0.03089,0.02787,0.0687,0.00125,0.02537,0.04195,8.95,17.89,WIN,17.89,4,1,-47.2858,-12.4717,-0.2906,7.3965,4.0466,132.1787,0.1675,8,9.7766,0.2956,0
140,TACUSDT,LONG,2026-07-04 09:00:00 UTC,0.03605,0.02787,0.0687,0.00158,0.0247,0.05876,15.74,31.49,LOSS,-15.74,79,0,-37.5866,-2.0913,13.4004,20.0343,4.3828,113.2594,0.2528,9,22.6907,0.8731,1
141,TACUSDT,LONG,2026-07-04 10:00:00 UTC,0.03401,0.02787,0.0687,0.00188,0.02411,0.05382,14.55,29.11,WIN,29.11,74,1,-41.3347,-11.3139,8.864,15.038,5.5278,120.0529,0.4492,10,18.0535,0.3568,0
142,TACUSDT,LONG,2026-07-04 11:00:00 UTC,0.04048,0.02787,0.0687,0.00226,0.02335,0.07473,21.16,42.31,LOSS,-21.16,77,0,-31.2426,3.7978,30.7792,30.8842,5.583,100.8646,0.5412,11,31.1512,0.892,1
143,TACUSDT,LONG,2026-07-04 12:00:00 UTC,0.04077,0.02787,0.0687,0.00234,0.0232,0.07591,21.55,43.1,LOSS,-21.55,76,0,-34.1038,2.9026,33.9356,31.5944,5.7395,100.1472,0.7581,12,31.6409,0.0868,1
144,TACUSDT,LONG,2026-07-04 13:00:00 UTC,0.03543,0.02787,0.0687,0.00297,0.02193,0.06242,19.05,38.09,LOSS,-19.05,75,0,-40.7822,-11.7779,16.2402,18.5158,8.3827,115.2413,1.0947,13,21.3378,0.4781,0
145,TACUSDT,LONG,2026-07-04 14:00:00 UTC,0.03518,0.02787,0.0687,0.00295,0.02197,0.0616,18.77,37.54,LOSS,-18.77,74,0,-46.0938,-4.9433,17.1438,17.9035,8.3854,116.0603,1.2308,14,20.7789,0.0899,0
146,TACUSDT,LONG,2026-07-04 15:00:00 UTC,0.03453,0.02787,0.0687,0.00289,0.02208,0.05942,18.02,36.05,LOSS,-18.02,73,0,-45.0597,13.399,13.6603,16.3115,8.3695,118.245,1.3121,15,19.2876,0.2928,0
147,TACUSDT,LONG,2026-07-04 16:00:00 UTC,0.03216,0.02787,0.0687,0.00298,0.0219,0.05267,15.95,31.9,WIN,31.9,66,1,-48.4037,-3.7702,6.8084,10.507,9.2662,126.959,1.4021,16,13.3396,0.5725,0
148,TACUSDT,LONG,2026-07-04 17:00:00 UTC,0.03278,0.02787,0.0687,0.00287,0.02213,0.05406,16.24,32.48,WIN,32.48,67,1,-48.8452,-12.7495,7.5459,12.0255,8.7553,124.5577,1.4172,17,14.9786,0.4526,1
149,TACUSDT,LONG,2026-07-04 18:00:00 UTC,0.03204,0.02787,0.0687,0.00273,0.02241,0.05129,15.02,30.04,WIN,30.04,64,1,-51.3883,-15.5286,5.9874,10.2131,8.5206,127.4345,1.4394,18,13.015,0.8315,0
150,TACUSDT,LONG,2026-07-04 19:00:00 UTC,0.03198,0.02787,0.06615,0.00258,0.02271,0.05053,14.5,29.0,WIN,29.0,63,1,-45.6769,-13.5909,6.4226,10.7367,8.0675,119.6998,1.4021,19,12.8518,0.0882,0
151,TACUSDT,LONG,2026-07-04 20:00:00 UTC,0.03211,0.02787,0.066,0.00245,0.02297,0.05038,14.23,28.45,WIN,28.45,62,1,-49.6866,-12.3396,5.8688,11.1199,7.63,118.7481,1.231,20,13.2046,0.1831,1
152,TACUSDT,LONG,2026-07-04 21:00:00 UTC,0.03172,0.02787,0.06566,0.00235,0.02317,0.04882,13.48,26.95,WIN,26.95,61,1,-48.954,-10.6227,4.8595,10.1879,7.4086,119.1362,1.1415,21,12.1375,0.3679,0
153,TACUSDT,LONG,2026-07-04 22:00:00 UTC,0.03129,0.02787,0.06566,0.00224,0.02338,0.04712,12.64,25.29,WIN,25.29,60,1,-49.0225,-9.8531,3.6093,9.05,7.1588,120.7734,0.8925,22,10.93,0.4778,0
154,TACUSDT,LONG,2026-07-04 23:00:00 UTC,0.03081,0.02787,0.06566,0.00213,0.0236,0.04524,11.7,23.4,WIN,23.4,58,1,-48.4006,-13.3089,2.1552,7.7798,6.9133,122.655,0.4789,23,9.5424,0.7059,0
155,TACUSDT,LONG,2026-07-05 00:00:00 UTC,0.03025,0.02787,0.06566,0.00203,0.02381,0.04311,10.64,21.28,WIN,21.28,57,1,-51.2018,-12.5975,-0.2966,6.298,6.7107,124.9256,0.3531,0,7.8678,0.8235,0
156,TACUSDT,LONG,2026-07-05 01:00:00 UTC,0.03005,0.02787,0.06566,0.00193,0.02401,0.04214,10.06,20.11,WIN,20.11,56,1,-51.6726,-13.1754,-1.4108,5.7687,6.4226,125.7571,0.2912,1,7.2546,0.3077,0
157,TACUSDT,LONG,2026-07-05 02:00:00 UTC,0.02997,0.02787,0.06566,0.00186,0.02415,0.0416,9.71,19.41,WIN,19.41,55,1,-52.2086,-14.7853,-4.3714,5.557,6.2062,126.0928,0.2154,2,7.007,0.086,0
158,TACUSDT,LONG,2026-07-05 03:00:00 UTC,0.03011,0.02787,0.06566,0.00177,0.02432,0.0417,9.62,19.24,WIN,19.24,54,1,-51.8009,-14.775,-2.4935,5.9275,5.8784,125.5065,0.2028,3,7.4394,0.2059,1
159,TACUSDT,LONG,2026-07-05 04:00:00 UTC,0.03069,0.02787,0.06566,0.0017,0.02446,0.04315,10.15,20.3,WIN,20.3,53,1,-50.786,-13.0878,-14.896,7.4623,5.5393,123.1346,0.196,4,9.1887,0.75,1
160,TACUSDT,LONG,2026-07-05 05:00:00 UTC,0.03039,0.02787,0.064,0.00165,0.02457,0.04204,9.58,19.16,WIN,19.16,52,1,-51.8002,-13.5174,-10.6702,6.9748,5.4294,118.8878,0.1996,5,8.2922,0.3061,0
161,TACUSDT,LONG,2026-07-05 06:00:00 UTC,0.03066,0.02787,0.06338,0.00157,0.02474,0.04251,9.66,19.32,WIN,19.32,51,1,-50.0326,-12.9929,-24.178,7.8569,5.1207,115.8187,0.2014,6,9.0998,0.5957,1
162,TACUSDT,LONG,2026-07-05 07:00:00 UTC,0.03004,0.02787,0.06325,0.00152,0.02482,0.04048,8.69,17.38,WIN,17.38,50,1,-52.2568,-15.8779,-26.3184,6.1334,5.0599,117.7763,0.2025,7,7.2237,0.6327,0
163,TACUSDT,LONG,2026-07-05 08:00:00 UTC,0.03015,0.02787,0.06306,0.00146,0.02495,0.04056,8.63,17.26,WIN,17.26,49,1,-50.6708,-16.3662,-14.9026,6.4791,4.8425,116.7164,0.2066,8,7.5622,0.1774,1
164,TACUSDT,LONG,2026-07-05 09:00:00 UTC,0.03096,0.02787,0.06306,0.00143,0.02501,0.04286,9.61,19.22,WIN,19.22,48,1,-48.357,-13.7845,-12.0205,8.7809,4.6189,113.6628,0.2171,9,9.9806,0.7642,1
165,TACUSDT,LONG,2026-07-05 10:00:00 UTC,0.03004,0.02787,0.06306,0.00142,0.02502,0.04007,8.35,16.7,WIN,16.7,47,1,-49.2053,-10.4353,-13.0032,6.1665,4.727,117.1438,0.2323,10,7.2237,0.697,0
166,TACUSDT,LONG,2026-07-05 11:00:00 UTC,0.03013,0.02787,0.06306,0.00139,0.02509,0.04022,8.36,16.73,WIN,16.73,46,1,-49.2248,-5.0725,-6.3122,6.4223,4.6133,116.7939,0.2297,11,7.5008,0.0978,1
167,TACUSDT,LONG,2026-07-05 12:00:00 UTC,0.03011,0.02787,0.06306,0.00132,0.02523,0.03985,8.09,16.19,WIN,16.19,45,1,-50.1242,-6.4015,-8.1147,6.3654,4.3839,116.8715,0.2132,12,7.4394,0.0244,0
168,TACUSDT,LONG,2026-07-05 13:00:00 UTC,0.03001,0.02787,0.06306,0.00125,0.02536,0.0393,7.74,15.48,WIN,15.48,44,1,-49.7657,-5.0316,-6.3358,6.0813,4.1653,117.2609,0.2091,13,7.131,0.2326,0
169,TACUSDT,LONG,2026-07-05 14:00:00 UTC,0.0299,0.02787,0.0618,0.00121,0.02546,0.03879,7.43,14.87,WIN,14.87,43,1,-50.1501,-3.455,-6.5041,5.9829,4.0468,113.4783,0.2103,14,6.7893,0.1864,0
170,TACUSDT,LONG,2026-07-05 15:00:00 UTC,0.02982,0.02787,0.06029,0.00122,0.02542,0.03861,7.37,14.74,WIN,14.74,42,1,-48.7276,-6.1969,-7.1317,6.0148,4.0912,108.719,0.2338,15,6.5392,0.0552,0
171,TACUSDT,LONG,2026-07-05 16:00:00 UTC,0.03009,0.02787,0.06029,0.00119,0.02548,0.0393,7.65,15.3,WIN,15.3,41,1,-47.266,-3.712,-5.1387,6.8476,3.9548,107.7434,0.2466,16,7.3779,0.3462,1
172,TACUSDT,LONG,2026-07-05 17:00:00 UTC,0.02993,0.02787,0.06029,0.00115,0.02557,0.03866,7.29,14.58,WIN,14.58,40,1,-47.6565,-3.2331,-4.3464,6.3541,3.8423,108.3194,0.2456,17,6.8827,0.2623,0
173,TACUSDT,LONG,2026-07-05 18:00:00 UTC,0.03019,0.02787,0.06029,0.00109,0.02568,0.03921,7.47,14.93,WIN,14.93,39,1,-44.6968,-0.8213,-2.0123,7.1561,3.6105,107.3866,0.2414,18,7.6847,0.7647,1
174,TACUSDT,LONG,2026-07-05 19:00:00 UTC,0.03125,0.02787,0.055,0.0011,0.02566,0.04243,8.94,17.88,WIN,17.88,38,1,-37.9392,2.5591,3.3388,12.4585,3.52,86.816,0.2489,19,10.816,0.8699,1
175,TACUSDT,LONG,2026-07-05 20:00:00 UTC,0.03107,0.02787,0.052,0.00107,0.02572,0.04176,8.6,17.2,WIN,17.2,37,1,-34.9183,3.4288,3.3943,13.2615,3.4438,77.6633,0.2476,20,10.2993,0.2687,0
176,TACUSDT,LONG,2026-07-05 21:00:00 UTC,0.03115,0.02787,0.052,0.00103,0.02581,0.04184,8.58,17.16,WIN,17.16,36,1,-27.3998,2.5675,3.9706,13.593,3.3066,77.4639,0.2387,21,10.5297,0.1875,1
177,TACUSDT,LONG,2026-07-05 22:00:00 UTC,0.03091,0.02787,0.052,0.00099,0.02588,0.04097,8.14,16.27,WIN,16.27,35,1,-28.9425,2.6569,2.6569,12.5984,3.2028,78.0654,0.2411,22,9.835,0.4528,0
178,TACUSDT,LONG,2026-07-05 23:00:00 UTC,0.03116,0.02787,0.052,0.00096,0.02595,0.04157,8.36,16.71,WIN,16.71,34,1,-27.3385,2.1982,1.5319,13.6345,3.0809,77.439,0.2357,23,10.5584,0.4615,1
179,TACUSDT,LONG,2026-07-06 00:00:00 UTC,0.03085,0.02787,0.052,0.00094,0.02599,0.04058,7.88,15.76,WIN,15.76,33,1,-25.6447,2.0509,1.5137,12.3498,3.047,78.2172,0.2303,0,9.6596,0.4769,0
180,TACUSDT,LONG,2026-07-06 01:00:00 UTC,0.03078,0.02787,0.04377,0.0009,0.02606,0.04022,7.67,15.33,WIN,15.33,32,1,-26.0807,2.4293,0.3587,18.3019,2.924,51.6569,0.194,1,9.4542,0.1522,0
181,TACUSDT,LONG,2026-07-06 02:00:00 UTC,0.03192,0.02787,0.04274,0.00094,0.02598,0.0438,9.3,18.61,WIN,18.61,31,1,-18.3005,5.2423,6.2583,27.236,2.9449,46.5852,0.184,2,12.688,0.7917,1
182,TACUSDT,LONG,2026-07-06 03:00:00 UTC,0.03137,0.02787,0.04274,0.00094,0.02599,0.04214,8.58,17.17,WIN,17.17,30,1,-20.4413,3.7025,4.0464,23.5373,2.9965,47.402,0.2018,3,11.1572,0.5851,0
183,TACUSDT,LONG,2026-07-06 04:00:00 UTC,0.03077,0.02787,0.04274,0.00099,0.0259,0.04051,7.91,15.83,WIN,15.83,29,1,-21.5651,1.8874,-0.6137,19.5024,3.2174,48.3263,0.2305,4,9.4248,0.3846,0
184,TACUSDT,LONG,2026-07-06 05:00:00 UTC,0.03024,0.02787,0.04274,0.00097,0.02593,0.03886,7.13,14.25,WIN,14.25,28,1,-20.4001,0.2653,0.6658,15.9381,3.2077,49.1733,0.2209,5,7.8373,0.726,0
185,TACUSDT,LONG,2026-07-06 06:00:00 UTC,0.02987,0.02787,0.04274,0.00094,0.02598,0.03765,6.51,13.02,WIN,13.02,27,1,-23.7427,-1.5491,-0.8629,13.4499,3.147,49.7824,0.2187,6,6.6957,0.5968,0
186,TACUSDT,LONG,2026-07-06 07:00:00 UTC,0.02963,0.02787,0.04274,0.00091,0.02605,0.0368,6.05,12.09,WIN,12.09,26,1,-16.2284,-2.7887,-1.6268,11.8359,3.0712,50.1856,0.2325,7,5.9399,0.4898,0
187,TACUSDT,LONG,2026-07-06 08:00:00 UTC,0.02956,0.02787,0.04274,0.00087,0.02614,0.03641,5.79,11.58,WIN,11.58,25,1,-18.1617,-5.6796,-1.4995,11.3652,2.9432,50.3045,0.2398,8,5.7172,0.2333,0
188,TACUSDT,LONG,2026-07-06 09:00:00 UTC,0.03038,0.02787,0.04274,0.00087,0.02612,0.03889,7.01,14.01,WIN,14.01,24,1,-11.7374,-1.6192,1.6054,16.8796,2.8637,48.9467,0.2575,9,8.262,0.8367,1
189,TACUSDT,LONG,2026-07-06 10:00:00 UTC,0.02988,0.02787,0.04274,0.00088,0.0261,0.03744,6.32,12.65,WIN,12.65,23,1,-15.3061,-17.1151,0.2012,13.5171,2.9451,49.7657,0.2729,10,6.7269,0.5102,0
190,TACUSDT,LONG,2026-07-06 11:00:00 UTC,0.03036,0.02787,0.04274,0.00087,0.02612,0.03884,6.98,13.96,WIN,13.96,22,1,-17.5448,-10.7584,0.8973,16.7451,2.8656,48.9789,0.2816,11,8.2016,0.6234,1
191,TACUSDT,LONG,2026-07-06 12:00:00 UTC,0.03024,0.02787,0.04274,0.00086,0.02614,0.03844,6.78,13.56,WIN,13.56,21,1,-21.194,-25.2658,1.0023,15.9381,2.8439,49.1733,0.2869,12,7.8373,0.1711,0
192,TACUSDT,LONG,2026-07-06 13:00:00 UTC,0.03022,0.02787,0.04274,0.00088,0.0261,0.03844,6.81,13.61,WIN,13.61,20,1,-22.4532,-25.8769,0.0994,15.8036,2.912,49.2058,0.279,13,7.7763,0.0182,0
193,TACUSDT,LONG,2026-07-06 14:00:00 UTC,0.02998,0.02787,0.04274,0.00086,0.02614,0.03766,6.4,12.81,WIN,12.81,19,1,-24.3311,-15.3824,-4.0947,14.1896,2.8686,49.5997,0.2608,14,7.038,0.4,0
194,TACUSDT,LONG,2026-07-06 15:00:00 UTC,0.03012,0.02787,0.04274,0.00085,0.02617,0.03801,6.55,13.1,WIN,13.1,18,1,-25.0,-14.4075,-3.0576,15.1311,2.822,49.3692,0.2619,15,7.4701,0.2121,1
195,TACUSDT,LONG,2026-07-06 16:00:00 UTC,0.03047,0.02787,0.04274,0.00083,0.02621,0.03897,6.98,13.96,WIN,13.96,17,1,-17.7202,-11.7869,-2.2465,17.4849,2.724,48.8021,0.2575,16,8.533,0.5965,1
196,TACUSDT,LONG,2026-07-06 17:00:00 UTC,0.03096,0.02787,0.04274,0.00084,0.02619,0.04049,7.7,15.39,WIN,15.39,16,1,1.6749,-3.7313,0.1618,20.7801,2.7132,48.0297,0.2619,17,9.9806,0.5104,1
197,TACUSDT,LONG,2026-07-06 18:00:00 UTC,0.03146,0.02916,0.04274,0.00084,0.02748,0.03943,6.33,12.67,WIN,12.67,15,1,-5.8648,-4.0268,0.9952,16.9367,2.6701,43.1659,0.2924,18,7.3109,0.5435,1
198,TACUSDT,LONG,2026-07-06 19:00:00 UTC,0.03193,0.02916,0.04274,0.00087,0.02743,0.04093,7.05,14.1,WIN,14.1,14,1,-15.012,-0.3433,3.5008,20.3976,2.7247,42.5305,0.3255,19,8.6752,0.3917,1
199,TACUSDT,LONG,2026-07-06 20:00:00 UTC,0.03175,0.02916,0.04274,0.00087,0.02743,0.0404,6.81,13.62,WIN,13.62,13,1,-16.2932,-0.7192,3.1514,19.0722,2.7402,42.7717,0.3479,20,8.1575,0.2093,0
200,TACUSDT,LONG,2026-07-06 21:00:00 UTC,0.03183,0.02916,0.04274,0.00088,0.0274,0.0407,6.96,13.93,WIN,13.93,12,1,-13.9962,-0.872,-0.282,19.6613,2.7647,42.6642,0.3769,21,8.3883,0.0741,1
201,TACUSDT,LONG,2026-07-06 22:00:00 UTC,0.03132,0.02916,0.04274,0.0009,0.02736,0.03923,6.32,12.63,WIN,12.63,11,1,-14.4963,-1.261,-0.1594,15.9057,2.8736,43.3589,0.3838,22,6.8966,0.4435,0
202,TACUSDT,LONG,2026-07-06 23:00:00 UTC,0.03169,0.02916,0.04274,0.00089,0.02738,0.04031,6.8,13.59,WIN,13.59,10,1,-10.6791,1.3103,3.0224,18.6303,2.8085,42.8526,0.3632,23,7.9836,0.5205,1
203,TACUSDT,LONG,2026-07-07 00:00:00 UTC,0.03232,0.02916,0.04274,0.00088,0.0274,0.04216,7.62,15.23,WIN,15.23,9,1,-6.8856,4.901,6.8783,23.2695,2.7228,42.0173,0.3656,0,9.7772,0.7683,1
204,TACUSDT,LONG,2026-07-07 01:00:00 UTC,0.03291,0.02916,0.04274,0.00088,0.02741,0.04392,8.36,16.73,WIN,16.73,8,1,-7.4001,8.7934,10.1774,27.6141,2.674,41.2641,0.3687,1,11.3947,0.7284,1
205,TACUSDT,LONG,2026-07-07 02:00:00 UTC,0.03307,0.02916,0.04274,0.0009,0.02737,0.04447,8.62,17.24,WIN,17.24,7,1,-4.4496,10.0499,11.6099,28.7923,2.7215,41.0644,0.3945,2,11.8234,0.1391,1
206,TACUSDT,LONG,2026-07-07 03:00:00 UTC,0.03277,0.02916,0.04274,0.00093,0.02731,0.04371,8.34,16.69,WIN,16.69,6,1,-5.3164,9.3427,10.8593,26.5832,2.838,41.4403,0.4129,3,11.0162,0.2239,0
207,TACUSDT,LONG,2026-07-07 04:00:00 UTC,0.03292,0.02916,0.04274,0.00093,0.0273,0.04415,8.53,17.07,WIN,17.07,5,1,-6.3975,9.3324,8.3608,27.6878,2.825,41.2515,0.4255,4,11.4216,0.1515,1
208,TACUSDT,LONG,2026-07-07 05:00:00 UTC,0.03247,0.02916,0.04274,0.00094,0.02728,0.04283,7.98,15.96,WIN,15.96,4,1,-8.1234,5.8018,8.6345,24.3741,2.895,41.8232,0.4285,5,10.194,0.451,0
209,TACUSDT,LONG,2026-07-07 06:00:00 UTC,0.03168,0.02916,0.04274,0.00095,0.02726,0.04051,6.97,13.94,WIN,13.94,3,1,-10.2833,4.2119,4.3149,18.5567,2.9987,42.8662,0.4447,6,7.9545,0.7207,0
210,TACUSDT,LONG,2026-07-07 07:00:00 UTC,0.03195,0.02916,0.04274,0.00092,0.02732,0.04119,7.23,14.47,WIN,14.47,2,1,-9.078,4.1735,5.6897,20.5449,2.8795,42.5039,0.4241,7,8.7324,0.5294,1
211,TACUSDT,LONG,2026-07-07 08:00:00 UTC,0.0345,0.02916,0.04274,0.00109,0.02698,0.04954,10.9,21.79,WIN,21.79,2,1,-2.156,14.8136,14.1297,39.3225,3.1594,39.3623,0.4791,8,15.4783,0.7674,1
212,TACUSDT,LONG,2026-07-07 09:00:00 UTC,0.0451,0.02916,0.04544,0.00181,0.02555,0.08419,21.67,43.34,LOSS,-21.67,7,0,26.2952,49.5854,50.4336,97.9115,4.0133,36.0976,2.509,9,35.3437,0.955,1
213,TACUSDT,LONG,2026-07-07 10:00:00 UTC,0.05063,0.02916,0.0534,0.00237,0.02443,0.10303,25.88,51.75,LOSS,-25.88,6,0,40.3051,63.3721,67.9283,88.5726,4.681,47.8768,4.2419,10,42.4057,0.5661,1
214,TACUSDT,LONG,2026-07-07 11:00:00 UTC,0.05288,0.02916,0.0534,0.00248,0.02421,0.11022,27.11,54.22,LOSS,-27.11,5,0,47.2292,75.9987,73.5719,97.8548,4.6899,45.8396,4.8194,11,44.8563,0.5744,1
215,TACUSDT,LONG,2026-07-07 12:00:00 UTC,0.05145,0.02916,0.05426,0.00274,0.02368,0.10699,26.99,53.98,LOSS,-26.99,4,0,53.22,70.5609,65.9884,88.8048,5.3256,48.7852,5.2484,12,43.3236,0.2403,0
216,TACUSDT,LONG,2026-07-07 13:00:00 UTC,0.04999,0.02916,0.05426,0.00283,0.0235,0.10296,26.49,52.98,LOSS,-26.49,3,0,57.4984,65.9695,58.9002,82.988,5.6611,50.21,5.4852,13,41.6683,0.3696,0
217,TACUSDT,LONG,2026-07-07 14:00:00 UTC,0.04723,0.02916,0.05426,0.00303,0.02311,0.09548,25.54,51.08,LOSS,-25.54,2,0,46.7682,57.3809,47.9173,71.992,6.4154,53.1442,5.8331,14,38.2596,0.492,0
218,TACUSDT,LONG,2026-07-07 15:00:00 UTC,0.05029,0.02916,0.05426,0.00322,0.02272,0.10542,27.41,54.81,LOSS,-27.41,1,0,59.1456,68.194,58.3937,84.1833,6.4029,49.9105,6.0582,15,42.0163,0.5359,1
257,TACUSDT,LONG,2026-07-09 06:00:00 UTC,0.00261,0.00236,0.05456,0.00063,0.0011,0.00561,28.83,57.66,LOSS,-28.83,1071,0,-91.3318,-91.9593,-15.8065,0.4789,24.1379,2000.0,1.1788,6,9.5785,0.2,1
258,TACUSDT,LONG,2026-07-09 07:00:00 UTC,0.00262,0.00236,0.05456,0.00059,0.00118,0.00549,27.42,54.84,LOSS,-27.42,1070,0,-91.4602,-91.7272,-20.8459,0.4981,22.5191,1992.3664,1.1607,7,9.9237,0.125,1
259,TACUSDT,LONG,2026-07-09 08:00:00 UTC,0.00262,0.00236,0.05456,0.00055,0.00126,0.00534,25.98,51.97,LOSS,-25.98,1069,0,-91.3787,-91.7997,-18.125,0.4981,20.9924,1992.3664,1.1184,8,9.9237,0.0,0
260,TACUSDT,LONG,2026-07-09 09:00:00 UTC,0.00271,0.00236,0.05456,0.00052,0.00131,0.00549,25.72,51.44,LOSS,-25.72,1068,0,-91.164,-92.1427,-17.8788,0.6705,19.1882,1926.1993,1.1058,9,12.9151,0.5625,1
261,TACUSDT,LONG,2026-07-09 10:00:00 UTC,0.00262,0.00236,0.05456,0.0005,0.00136,0.00514,24.05,48.1,WIN,48.1,15,1,-91.2783,-94.1907,-14.3791,0.4981,19.084,1992.3664,1.1606,10,9.9237,0.4737,0
262,TACUSDT,LONG,2026-07-09 11:00:00 UTC,0.00266,0.00236,0.05456,0.00048,0.00141,0.00518,23.59,47.19,WIN,47.19,14,1,-91.1774,-94.741,-5.6738,0.5747,18.0451,1962.406,1.0404,11,11.2782,0.2222,1
263,TACUSDT,LONG,2026-07-09 12:00:00 UTC,0.00265,0.00236,0.05456,0.00046,0.00144,0.00506,22.8,45.6,WIN,45.6,12,1,-91.4406,-94.9877,-5.694,0.5556,17.3585,1969.8113,1.0732,12,10.9434,0.0417,0
264,TACUSDT,LONG,2026-07-09 13:00:00 UTC,0.00264,0.00236,0.05456,0.00043,0.00149,0.00493,21.74,43.48,WIN,43.48,11,1,-91.2117,-94.8628,-4.3478,0.5364,16.2879,1977.2727,1.0678,13,10.6061,0.1,0
265,TACUSDT,LONG,2026-07-09 14:00:00 UTC,0.00268,0.00236,0.05456,0.00041,0.00154,0.00496,21.32,42.63,WIN,42.63,10,1,-91.1052,-94.6389,1.1321,0.613,15.2985,1947.7612,1.0036,14,11.9403,0.4,1
266,TACUSDT,LONG,2026-07-09 15:00:00 UTC,0.00275,0.00236,0.05456,0.0004,0.00157,0.00511,21.47,42.93,WIN,42.93,10,1,-90.8699,-94.1774,0.7326,0.7471,14.5455,1898.1818,1.0118,15,14.1818,0.3889,1
267,TACUSDT,LONG,2026-07-09 16:00:00 UTC,0.00291,0.00236,0.05456,0.00038,0.00159,0.00553,22.56,45.13,LOSS,-22.56,1061,0,-90.3032,-94.2136,5.4348,1.0536,13.0584,1793.8144,0.9918,16,18.9003,0.6957,1
268,TACUSDT,LONG,2026-07-09 17:00:00 UTC,0.00298,0.00236,0.05456,0.00038,0.00161,0.00571,23.01,46.02,LOSS,-23.01,1060,0,-90.0334,-47.9021,4.1958,1.1877,12.7517,1751.6779,1.1553,17,20.8054,0.2333,1
269,TACUSDT,LONG,2026-07-09 18:00:00 UTC,0.00369,0.00236,0.05456,0.00042,0.00153,0.00801,29.29,58.58,LOSS,-29.29,1059,0,-87.6258,-28.2101,31.7857,2.5479,11.3821,1414.6341,1.4248,18,36.0434,0.7717,1
270,TACUSDT,LONG,2026-07-09 19:00:00 UTC,0.00358,0.00236,0.05456,0.00043,0.00151,0.00773,28.96,57.93,LOSS,-28.96,1058,0,-88.1024,-24.6316,31.1355,2.3372,12.0112,1458.1006,1.6286,19,34.0782,0.193,0
271,TACUSDT,LONG,2026-07-09 20:00:00 UTC,0.00364,0.00236,0.05456,0.00042,0.00152,0.00788,29.12,58.24,LOSS,-29.12,1057,0,-87.8383,-22.8814,40.0,2.4521,11.5385,1434.0659,1.6587,20,35.1648,0.1818,1
272,TACUSDT,LONG,2026-07-09 21:00:00 UTC,0.00453,0.00236,0.05456,0.00046,0.00143,0.01071,34.19,68.39,LOSS,-34.19,1056,0,-84.995,2.027,69.0299,4.1571,10.1545,1152.3179,2.0254,21,47.9029,0.8476,1
273,TACUSDT,LONG,2026-07-09 22:00:00 UTC,0.00405,0.00236,0.05456,0.00048,0.0014,0.00936,32.76,65.51,LOSS,-32.76,1055,0,-87.0122,-8.764,56.7568,3.2375,11.8519,1288.8889,2.195,22,41.7284,0.6714,0
274,TACUSDT,LONG,2026-07-09 23:00:00 UTC,0.00463,0.00236,0.05456,0.0005,0.00136,0.01118,35.35,70.7,LOSS,-35.35,1054,0,-85.0982,2.2075,83.7302,4.3487,10.7991,1127.4298,2.3299,23,49.0281,0.7632,1
275,TACUSDT,LONG,2026-07-10 00:00:00 UTC,0.00476,0.00236,0.05456,0.00052,0.00133,0.01163,36.06,72.12,LOSS,-36.06,1053,0,-84.724,4.8458,84.4961,4.5977,10.9244,1096.6387,2.5615,0,50.4202,0.1806,1
276,TACUSDT,LONG,2026-07-10 01:00:00 UTC,0.0051,0.00236,0.05456,0.00052,0.00132,0.01266,37.04,74.07,LOSS,-37.04,1052,0,-83.5005,13.082,95.4023,5.249,10.1961,1023.5294,2.7779,1,53.7255,0.6296,1
277,TACUSDT,LONG,2026-07-10 02:00:00 UTC,0.00417,0.00236,0.05456,0.00059,0.00118,0.01014,35.85,71.69,LOSS,-35.85,1051,0,-86.6132,-8.3516,59.1603,3.4674,14.1487,1251.7986,3.1509,2,43.4053,0.6118,0
278,TACUSDT,LONG,2026-07-10 03:00:00 UTC,0.00434,0.00236,0.05456,0.00057,0.00121,0.01061,36.06,72.12,LOSS,-36.06,1050,0,-85.8995,-4.3956,66.0305,3.7931,13.1336,1202.765,3.1,3,45.6221,0.4865,1
279,TACUSDT,LONG,2026-07-10 04:00:00 UTC,0.00435,0.00236,0.05456,0.00055,0.00126,0.01053,35.54,71.09,LOSS,-35.54,1049,0,-85.8674,-2.4664,60.5166,3.8123,12.6437,1200.0,2.9508,4,45.7471,0.0385,1
280,TACUSDT,LONG,2026-07-10 05:00:00 UTC,0.00483,0.00236,0.05456,0.00056,0.00123,0.01201,37.24,74.48,LOSS,-37.24,1048,0,-84.8684,10.274,84.3511,4.7318,11.5942,1080.7453,2.848,5,51.1387,0.6575,1
281,TACUSDT,LONG,2026-07-10 06:00:00 UTC,0.00438,0.00236,0.05456,0.00057,0.00121,0.01071,36.17,72.34,LOSS,-36.17,1047,0,-86.0376,-0.4545,64.6617,3.8697,13.0137,1191.7808,2.9125,6,46.1187,0.6338,0
282,TACUSDT,LONG,2026-07-10 07:00:00 UTC,0.00435,0.00236,0.05456,0.00056,0.00124,0.01057,35.71,71.43,LOSS,-35.71,1046,0,-85.8304,-2.4609,64.5283,3.8123,12.8736,1200.0,2.6492,7,45.7471,0.0571,0
283,TACUSDT,LONG,2026-07-10 08:00:00 UTC,0.00404,0.00236,0.05456,0.00056,0.00125,0.00962,34.58,69.15,LOSS,-34.58,1045,0,-86.6402,-8.5973,53.0303,3.2184,13.8614,1292.0792,2.5587,8,41.5842,0.5741,0
284,TACUSDT,LONG,2026-07-10 09:00:00 UTC,0.00402,0.00236,0.05456,0.00054,0.00129,0.00947,33.95,67.89,LOSS,-33.95,1044,0,-86.5417,-7.1594,50.0,3.1801,13.4328,1298.5075,2.4624,9,41.2935,0.08,0
285,TACUSDT,LONG,2026-07-10 10:00:00 UTC,0.0042,0.00236,0.05456,0.00052,0.00133,0.00996,34.24,68.47,LOSS,-34.24,1043,0,-85.8252,-0.2375,52.7273,3.5249,12.381,1242.8571,2.2656,10,43.8095,0.6207,1
286,TACUSDT,LONG,2026-07-10 11:00:00 UTC,0.00404,0.00236,0.05456,0.0005,0.00136,0.0094,33.21,66.42,LOSS,-33.21,1042,0,-86.3329,29.0735,38.8316,3.2184,12.3762,1292.0792,2.0441,11,41.5842,0.5333,0
287,TACUSDT,LONG,2026-07-10 12:00:00 UTC,0.00399,0.00236,0.05456,0.00048,0.0014,0.00916,32.42,64.85,LOSS,-32.42,1041,0,-86.8993,28.3871,33.557,3.1226,12.0301,1308.2707,1.6089,12,40.8521,0.3333,0
288,TACUSDT,LONG,2026-07-10 13:00:00 UTC,0.00396,0.00236,0.05456,0.00046,0.00144,0.009,31.82,63.64,LOSS,-31.82,1040,0,-86.747,19.6375,7.3171,3.0651,11.6162,1318.1818,1.5618,13,40.404,0.1429,0
289,TACUSDT,LONG,2026-07-10 14:00:00 UTC,0.0038,0.00236,0.05456,0.00044,0.00147,0.00846,30.66,61.32,LOSS,-30.66,1039,0,-87.4835,18.75,6.1453,2.7586,11.5789,1373.6842,1.5347,14,37.8947,0.64,0
290,TACUSDT,LONG,2026-07-10 15:00:00 UTC,0.00375,0.00236,0.05456,0.00043,0.00151,0.00823,29.9,59.79,LOSS,-29.9,1038,0,-87.5951,13.6364,3.022,2.6628,11.4667,1392.0,1.347,15,37.0667,0.2632,0
291,TACUSDT,LONG,2026-07-10 16:00:00 UTC,0.0038,0.00236,0.05456,0.0004,0.00155,0.00829,29.57,59.15,LOSS,-29.57,1037,0,-87.4255,24.183,-16.1148,2.7586,10.5263,1373.6842,1.153,16,37.8947,0.4167,1
292,TACUSDT,LONG,2026-07-10 17:00:00 UTC,0.00411,0.00236,0.05456,0.00041,0.00155,0.00925,31.21,62.42,LOSS,-31.21,1036,0,-86.2909,45.7447,1.2315,3.3525,9.9757,1270.073,1.0764,17,42.5791,0.7045,1
293,TACUSDT,LONG,2026-07-10 18:00:00 UTC,0.00419,0.00236,0.05456,0.0004,0.00155,0.00945,31.45,62.9,LOSS,-31.45,1035,0,-86.089,49.1103,-9.5032,3.5057,9.5465,1245.8234,1.0213,18,43.6754,0.2222,1
294,TACUSDT,LONG,2026-07-10 19:00:00 UTC,0.00419,0.00236,0.05456,0.00039,0.00159,0.00941,31.08,62.15,LOSS,-31.08,1034,0,-86.2443,51.8116,-11.9748,3.5057,9.3079,1245.8234,0.9688,19,43.6754,0.0,0
295,TACUSDT,LONG,2026-07-10 20:00:00 UTC,0.00426,0.00236,0.05456,0.00037,0.00161,0.00955,31.09,62.18,LOSS,-31.09,1033,0,-86.2403,60.7547,-16.4706,3.6398,8.6854,1225.3521,0.9463,20,44.6009,0.3182,1
296,TACUSDT,LONG,2026-07-10 21:00:00 UTC,0.00432,0.00236,0.05456,0.00036,0.00164,0.00969,31.01,62.03,LOSS,-31.01,1032,0,-86.2683,58.2418,3.5971,3.7548,8.3333,1208.3333,0.878,21,45.3704,0.4,1
297,TACUSDT,LONG,2026-07-10 22:00:00 UTC,0.00434,0.00236,0.05456,0.00034,0.00168,0.00967,30.69,61.39,LOSS,-30.69,1031,0,-86.4078,57.2464,-0.2299,3.7931,7.8341,1202.765,0.8168,22,45.6221,0.1667,1
298,TACUSDT,LONG,2026-07-10 23:00:00 UTC,0.00391,0.00236,0.05456,0.00037,0.00162,0.0085,29.31,58.62,LOSS,-29.31,1030,0,-87.685,36.7133,-10.1149,2.9693,9.4629,1335.0384,0.815,23,39.6419,0.5811,0
299,TACUSDT,LONG,2026-07-11 00:00:00 UTC,0.00393,0.00236,0.05456,0.00035,0.00165,0.00849,28.97,57.94,LOSS,-28.97,1029,0,-87.6532,40.3571,-18.6335,3.0077,8.9059,1328.2443,0.7458,0,39.9491,0.1538,1
300,TACUSDT,LONG,2026-07-11 01:00:00 UTC,0.00382,0.00236,0.05456,0.00034,0.00168,0.00811,28.03,56.06,LOSS,-28.03,1028,0,-87.8033,39.9267,-12.7854,2.7969,8.9005,1366.4921,0.7244,1,38.2199,0.6471,0
301,TACUSDT,LONG,2026-07-11 02:00:00 UTC,0.00385,0.00236,0.05456,0.00032,0.00171,0.00812,27.76,55.53,LOSS,-27.76,1027,0,-87.8549,48.0769,-11.6972,2.8544,8.3117,1355.8442,0.6984,2,38.7013,0.2727,1
302,TACUSDT,LONG,2026-07-11 03:00:00 UTC,0.0038,0.00236,0.05456,0.00031,0.00175,0.00792,27.05,54.1,LOSS,-27.05,1026,0,-88.2116,42.1642,-5.6931,2.7586,8.1579,1373.6842,0.6089,3,37.8947,0.5714,0
303,TACUSDT,LONG,2026-07-11 04:00:00 UTC,0.00366,0.00236,0.05456,0.00031,0.00175,0.00748,26.12,52.24,LOSS,-26.12,1025,0,-88.8788,41.3127,-8.9552,2.4904,8.4699,1426.2295,0.4945,4,35.5191,0.4828,0
304,TACUSDT,LONG,2026-07-11 05:00:00 UTC,0.0035,0.00236,0.05456,0.0003,0.00176,0.00698,24.85,49.69,LOSS,-24.85,1024,0,-89.4164,38.8889,-16.6667,2.1839,8.5714,1491.4286,0.4807,5,32.5714,0.7273,0
305,TACUSDT,LONG,2026-07-11 06:00:00 UTC,0.0034,0.00236,0.05456,0.0003,0.00177,0.00667,24.03,48.05,LOSS,-24.03,1023,0,-89.6247,31.7829,-15.8416,1.9923,8.8235,1535.2941,0.4666,6,30.5882,0.3846,0
306,TACUSDT,LONG,2026-07-11 07:00:00 UTC,0.00335,0.00236,0.05456,0.00028,0.00179,0.00646,23.23,46.46,LOSS,-23.23,1022,0,-89.8238,28.3525,-15.8291,1.8966,8.3582,1558.209,0.4566,7,29.5522,0.4167,0
307,TACUSDT,LONG,2026-07-11 08:00:00 UTC,0.00343,0.00236,0.05456,0.00027,0.00181,0.00666,23.59,47.17,LOSS,-23.59,1021,0,-89.4331,30.916,-13.3838,2.0498,7.8717,1521.8659,0.4706,8,31.1953,0.5,1
308,TACUSDT,LONG,2026-07-11 09:00:00 UTC,0.00345,0.00236,0.05456,0.00026,0.00184,0.00669,23.43,46.86,LOSS,-23.43,1020,0,-89.1064,31.6794,-9.2105,2.0881,7.5362,1513.0435,0.3905,9,31.5942,0.1818,1
309,TACUSDT,LONG,2026-07-11 10:00:00 UTC,0.00339,0.00236,0.05456,0.00025,0.00185,0.00648,22.73,45.46,LOSS,-22.73,1019,0,-89.3897,25.0923,-9.6,1.9732,7.3746,1539.823,0.3806,10,30.3835,0.375,0
310,TACUSDT,LONG,2026-07-11 11:00:00 UTC,0.00344,0.00236,0.05456,0.00025,0.00187,0.00658,22.84,45.68,LOSS,-22.84,1017,0,-90.0261,31.2977,-9.4737,2.069,7.2674,1517.4419,0.3538,11,31.3953,0.3846,1
311,TACUSDT,LONG,2026-07-11 12:00:00 UTC,0.0034,0.00236,0.05456,0.00024,0.00189,0.00643,22.24,44.47,LOSS,-22.24,1016,0,-92.4612,27.8195,-17.2749,1.9923,7.0588,1535.2941,0.3396,12,30.5882,0.4444,0
312,TACUSDT,LONG,2026-07-11 13:00:00 UTC,0.00338,0.00236,0.05456,0.00022,0.00192,0.0063,21.64,43.29,LOSS,-21.64,1015,0,-93.3175,27.5472,-19.3317,1.954,6.5089,1544.3787,0.3349,13,30.1775,0.3333,0
313,TACUSDT,LONG,2026-07-11 14:00:00 UTC,0.00334,0.00236,0.05456,0.00021,0.00194,0.00613,20.95,41.9,LOSS,-20.95,1014,0,-93.6826,26.5152,-20.2864,1.8774,6.2874,1562.8743,0.3001,14,29.3413,0.6667,0
314,TACUSDT,LONG,2026-07-11 15:00:00 UTC,0.00339,0.00236,0.05456,0.0002,0.00195,0.00625,21.14,42.28,LOSS,-21.14,1013,0,-93.4034,26.4925,-20.4225,1.9732,5.8997,1539.823,0.265,15,30.3835,0.5,1
315,TACUSDT,LONG,2026-07-11 16:00:00 UTC,0.00342,0.00236,0.05456,0.00019,0.00197,0.00632,21.18,42.35,LOSS,-21.18,1012,0,-93.1586,24.3636,-20.8333,2.0307,5.5556,1526.3158,0.2151,16,30.9942,0.4286,1
316,TACUSDT,LONG,2026-07-11 17:00:00 UTC,0.0034,0.00236,0.05456,0.00019,0.00198,0.00624,20.85,41.71,LOSS,-20.85,1011,0,-92.8012,16.8385,-21.659,1.9923,5.5882,1535.2941,0.1996,17,30.5882,0.1818,0
317,TACUSDT,LONG,2026-07-11 18:00:00 UTC,0.00355,0.00236,0.05456,0.00019,0.00198,0.00668,22.05,44.1,LOSS,-22.05,1010,0,-92.9409,19.1275,-9.2072,2.2797,5.3521,1470.4225,0.1902,18,33.5211,0.7895,1
318,TACUSDT,LONG,2026-07-11 19:00:00 UTC,0.00359,0.00236,0.05456,0.00019,0.00199,0.00681,22.38,44.75,LOSS,-22.38,1009,0,-37.2378,-2.71,-8.6514,2.3563,5.2925,1454.039,0.2037,19,34.2618,0.2222,1
319,TACUSDT,LONG,2026-07-11 20:00:00 UTC,0.00362,0.00236,0.0061,0.00018,0.002,0.00686,22.38,44.76,LOSS,-22.38,1008,0,-29.572,1.1173,-5.2356,33.6898,4.9724,103.3149,0.2045,20,34.8066,0.375,1
320,TACUSDT,LONG,2026-07-11 21:00:00 UTC,0.00385,0.00236,0.00529,0.00019,0.00199,0.00759,24.25,48.51,LOSS,-24.25,1007,0,-18.9474,5.7692,0.0,50.8532,4.9351,76.1039,0.2196,21,38.7013,0.7931,1
321,TACUSDT,LONG,2026-07-11 22:00:00 UTC,0.0039,0.00236,0.00529,0.00019,0.00199,0.00773,24.52,49.04,LOSS,-24.52,1006,0,-17.3729,-13.9073,2.3622,52.5597,4.8718,75.1282,0.2389,22,39.4872,0.2941,1
322,TACUSDT,LONG,2026-07-11 23:00:00 UTC,0.00375,0.00236,0.00529,0.00019,0.00199,0.00727,23.5,47.01,LOSS,-23.5,1005,0,-15.5405,-7.6355,2.459,47.4403,5.0667,78.1333,0.2518,23,37.0667,0.75,0
323,TACUSDT,LONG,2026-07-12 00:00:00 UTC,0.00371,0.00236,0.00529,0.00018,0.00199,0.00713,23.1,46.21,LOSS,-23.1,1004,0,-16.6292,-19.8704,6.0,46.0751,4.8518,78.9757,0.2567,0,36.3881,0.2857,0
324,TACUSDT,LONG,2026-07-12 01:00:00 UTC,0.00352,0.00236,0.00529,0.0002,0.00196,0.00665,22.17,44.34,LOSS,-22.17,1003,0,-22.2958,-26.0504,3.5294,39.5904,5.6818,83.2386,0.2887,1,32.9545,0.4524,0
325,TACUSDT,LONG,2026-07-12 02:00:00 UTC,0.00339,0.00236,0.00529,0.0002,0.00196,0.00625,21.06,42.12,LOSS,-21.06,1002,0,-25.3304,-33.5294,1.194,35.1536,5.8997,86.4307,0.3008,2,30.3835,0.6842,0
326,TACUSDT,LONG,2026-07-12 03:00:00 UTC,0.00346,0.00236,0.00529,0.00019,0.00197,0.00643,21.46,42.92,LOSS,-21.46,1001,0,-23.2816,-17.0264,0.8746,37.5427,5.4913,84.6821,0.2959,3,31.7919,0.5833,1
327,TACUSDT,LONG,2026-07-12 04:00:00 UTC,0.00354,0.00236,0.00529,0.00019,0.00198,0.00665,22.03,44.05,LOSS,-22.03,1000,0,-22.1978,-18.6207,2.6087,40.273,5.3672,82.7684,0.2759,4,33.3333,0.5333,1
328,TACUSDT,LONG,2026-07-12 05:00:00 UTC,0.00348,0.00236,0.00529,0.00019,0.00198,0.00648,21.52,43.04,LOSS,-21.52,999,0,-23.5165,-20.0,2.6549,38.2253,5.4598,84.1954,0.2426,5,32.1839,0.375,0
329,TACUSDT,LONG,2026-07-12 06:00:00 UTC,0.00366,0.00236,0.00529,0.00019,0.00198,0.00701,22.91,45.81,LOSS,-22.91,998,0,-17.9372,-24.2236,6.3953,44.3686,5.1913,80.0546,0.2369,6,35.5191,0.9,1
330,TACUSDT,LONG,2026-07-12 07:00:00 UTC,0.00355,0.00236,0.00529,0.00019,0.00198,0.00667,22.05,44.09,LOSS,-22.05,997,0,-18.9498,-18.9498,4.4118,40.6143,5.3521,82.5352,0.2232,7,33.5211,0.5789,0
331,TACUSDT,LONG,2026-07-12 08:00:00 UTC,0.00341,0.00236,0.00529,0.00019,0.00199,0.00627,20.89,41.79,LOSS,-20.89,996,0,-22.5,-21.789,0.8876,35.8362,5.5718,85.9238,0.2019,8,30.7918,0.8235,0
332,TACUSDT,LONG,2026-07-12 09:00:00 UTC,0.00337,0.00236,0.00529,0.00019,0.00198,0.00614,20.55,41.11,LOSS,-20.55,995,0,-24.6085,-16.5842,0.8982,34.471,5.638,86.9436,0.2092,9,29.9703,0.2,0
333,TACUSDT,LONG,2026-07-12 10:00:00 UTC,0.00345,0.00236,0.00529,0.00018,0.002,0.00637,21.1,42.2,LOSS,-21.1,994,0,-21.9457,-14.1791,1.7699,37.2014,5.2174,84.9275,0.2043,10,31.5942,0.7273,1
334,TACUSDT,LONG,2026-07-12 11:00:00 UTC,0.00348,0.00236,0.00529,0.00018,0.00201,0.00642,21.12,42.23,LOSS,-21.12,993,0,-19.6305,-17.1429,1.7544,38.2253,5.1724,84.1954,0.1645,11,32.1839,0.3333,1
335,TACUSDT,LONG,2026-07-12 12:00:00 UTC,0.00339,0.00236,0.00529,0.00017,0.00202,0.00614,20.23,40.47,LOSS,-20.23,992,0,-19.4774,-16.0891,-0.2941,35.1536,5.0147,86.4307,0.1438,12,30.3835,0.8182,0
336,TACUSDT,LONG,2026-07-12 13:00:00 UTC,0.00334,0.00236,0.00529,0.00016,0.00203,0.00595,19.56,39.13,LOSS,-19.56,991,0,6.7093,-16.0804,-5.9155,33.4471,4.7904,87.7246,0.1398,13,29.3413,0.625,0
337,TACUSDT,LONG,2026-07-12 14:00:00 UTC,0.00313,0.00236,0.00529,0.00018,0.002,0.00538,18.03,36.07,LOSS,-18.03,990,0,0.9677,-20.9596,-12.8134,26.2799,5.7508,93.6102,0.2083,14,24.6006,0.5385,0
338,TACUSDT,LONG,2026-07-12 15:00:00 UTC,0.00309,0.00236,0.00529,0.00017,0.00201,0.00524,17.39,34.77,LOSS,-17.39,989,0,-6.6465,-18.6842,-14.6409,24.9147,5.5016,94.822,0.2169,15,23.6246,0.5,0
339,TACUSDT,LONG,2026-07-12 16:00:00 UTC,0.00312,0.00236,0.00529,0.00017,0.00203,0.00532,17.55,35.09,LOSS,-17.55,988,0,-2.1875,-16.5333,-18.7013,25.9386,5.4487,93.9103,0.2216,16,24.359,0.5714,1
340,TACUSDT,LONG,2026-07-12 17:00:00 UTC,0.0031,0.00236,0.00529,0.00016,0.00204,0.00522,17.07,34.15,LOSS,-17.07,987,0,-6.0606,-18.4211,-20.5128,25.256,5.1613,94.5161,0.2176,17,23.871,0.3333,0
341,TACUSDT,LONG,2026-07-12 18:00:00 UTC,0.00323,0.00236,0.00529,0.00016,0.00204,0.00561,18.37,36.74,LOSS,-18.37,986,0,5.5556,-21.4112,-13.8667,29.6928,4.9536,90.7121,0.223,18,26.935,0.9286,1
342,TACUSDT,LONG,2026-07-12 19:00:00 UTC,0.00317,0.00236,0.00529,0.00015,0.00205,0.00541,17.65,35.3,LOSS,-17.65,985,0,12.4113,-24.3437,-14.5553,27.6451,4.7319,92.429,0.2102,19,25.5521,0.6,0
343,TACUSDT,LONG,2026-07-12 20:00:00 UTC,0.00316,0.00236,0.00529,0.00015,0.00207,0.00534,17.29,34.58,LOSS,-17.29,984,0,12.4555,-24.5823,-10.2273,27.3038,4.7468,92.7215,0.2083,20,25.3165,0.1429,0
344,TACUSDT,LONG,2026-07-12 21:00:00 UTC,0.00317,0.00236,0.00529,0.00014,0.00208,0.00534,17.16,34.31,LOSS,-17.16,983,0,14.8551,-25.5869,-6.4897,27.6451,4.4164,92.429,0.2088,21,25.5521,0.2,1
345,TACUSDT,LONG,2026-07-12 22:00:00 UTC,0.00309,0.00236,0.00529,0.00014,0.00208,0.0051,16.29,32.58,LOSS,-16.29,982,0,16.6038,-28.4722,-10.6936,24.9147,4.5307,94.822,0.2148,22,23.6246,0.5714,0
346,TACUSDT,LONG,2026-07-12 23:00:00 UTC,0.00299,0.00236,0.00529,0.00014,0.00208,0.00483,15.31,30.62,LOSS,-15.31,981,0,9.5238,-31.106,-15.5367,21.5017,4.6823,97.9933,0.2341,23,21.0702,0.625,0
347,TACUSDT,LONG,2026-07-13 00:00:00 UTC,0.003,0.00236,0.00529,0.00014,0.00209,0.00482,15.21,30.41,LOSS,-15.21,980,0,8.6957,-23.2737,-13.7931,21.843,4.6667,97.6667,0.1635,0,21.3333,0.1429,1
348,TACUSDT,LONG,2026-07-13 01:00:00 UTC,0.00298,0.00236,0.00529,0.00013,0.00209,0.00475,14.89,29.77,LOSS,-14.89,979,0,4.1958,-24.173,-18.5792,21.1604,4.3624,98.3221,0.1624,1,20.8054,0.2,0
349,TACUSDT,LONG,2026-07-13 02:00:00 UTC,0.00291,0.00236,0.00529,0.00013,0.0021,0.00455,14.01,28.02,LOSS,-14.01,978,0,4.2857,-23.5602,-17.7465,18.7713,4.4674,100.6873,0.1675,2,18.9003,0.6,0
350,TACUSDT,LONG,2026-07-13 03:00:00 UTC,0.003,0.00236,0.00529,0.00014,0.00208,0.00484,15.31,30.62,LOSS,-15.31,977,0,9.8901,-22.0779,-12.0235,21.843,4.6667,97.6667,0.2008,3,21.3333,0.36,1
351,TACUSDT,LONG,2026-07-13 04:00:00 UTC,0.00297,0.00236,0.00529,0.00013,0.00209,0.00474,14.85,29.71,LOSS,-14.85,976,0,14.2308,-22.0472,-11.8694,20.8191,4.3771,98.6532,0.2014,4,20.5387,0.4286,0
352,TACUSDT,LONG,2026-07-13 05:00:00 UTC,0.00304,0.00242,0.00529,0.00013,0.00215,0.00482,14.65,29.3,LOSS,-14.65,975,0,13.4328,-16.9399,-11.8841,21.6028,4.2763,94.4079,0.2023,5,20.3947,0.6364,1
353,TACUSDT,LONG,2026-07-13 06:00:00 UTC,0.00307,0.00242,0.00529,0.00013,0.00216,0.00487,14.76,29.52,LOSS,-14.76,974,0,18.5328,-12.2857,-11.7816,22.6481,4.2345,93.4853,0.2057,6,21.1726,0.5,1
354,TACUSDT,LONG,2026-07-13 07:00:00 UTC,0.00299,0.00242,0.00529,0.00013,0.00216,0.00465,13.89,27.78,LOSS,-13.89,973,0,18.6508,-12.0588,-11.7994,19.8606,4.3478,95.9866,0.2154,7,19.0635,0.6154,0
355,TACUSDT,LONG,2026-07-13 08:00:00 UTC,0.0029,0.0025,0.00529,0.00013,0.00225,0.0042,11.25,22.5,LOSS,-11.25,972,0,12.4031,-13.4328,-13.1737,14.3369,4.4828,96.2069,0.2122,8,13.7931,0.8182,0
356,TACUSDT,LONG,2026-07-13 09:00:00 UTC,0.00287,0.00252,0.00529,0.00012,0.00227,0.00407,10.43,20.87,LOSS,-10.43,889,0,9.9617,-16.3265,-8.3067,12.6354,4.1812,96.5157,0.2059,9,12.1951,0.375,0
357,TACUSDT,LONG,2026-07-13 10:00:00 UTC,0.00285,0.00252,0.00529,0.00012,0.00228,0.00398,9.94,19.89,LOSS,-9.94,888,0,8.7786,-17.3913,-7.767,11.9134,4.2105,97.193,0.2054,10,11.5789,0.3333,0
358,TACUSDT,LONG,2026-07-13 11:00:00 UTC,0.0028,0.00252,0.00529,0.00012,0.00228,0.00382,9.17,18.35,LOSS,-9.17,887,0,6.8702,-17.4041,-10.5431,10.1083,4.2857,98.9286,0.2144,11,10.0,0.5556,0
359,TACUSDT,LONG,2026-07-13 12:00:00 UTC,0.00282,0.00252,0.00529,0.00011,0.00229,0.00389,9.47,18.95,LOSS,-9.47,886,0,4.059,-18.0233,-9.0323,10.8303,3.9007,98.227,0.2144,12,10.6383,0.2222,1
360,TACUSDT,LONG,2026-07-13 13:00:00 UTC,0.0028,0.00252,0.00529,0.00011,0.00229,0.00383,9.13,18.26,LOSS,-9.13,885,0,6.8702,-17.6471,-13.3127,10.1083,3.9286,98.9286,0.1895,13,10.0,0.2,0
361,TACUSDT,LONG,2026-07-13 14:00:00 UTC,0.00278,0.00254,0.00529,0.00011,0.00232,0.00369,8.21,16.42,WIN,16.42,80,1,4.5113,-17.7515,-12.3028,8.7273,3.9568,98.9209,0.1872,14,8.6331,0.4,0
362,TACUSDT,LONG,2026-07-13 15:00:00 UTC,0.00279,0.00255,0.00529,0.00011,0.00234,0.00368,8.06,16.12,WIN,16.12,79,1,5.283,-16.4671,-11.7089,8.7591,3.9427,98.2079,0.187,15,8.6022,0.1667,1
363,TACUSDT,LONG,2026-07-13 16:00:00 UTC,0.00271,0.00255,0.00529,0.00011,0.00233,0.00346,6.91,13.81,WIN,13.81,73,1,2.6515,-20.059,-14.511,5.8394,4.059,101.107,0.207,16,5.9041,0.6154,0
364,TACUSDT,LONG,2026-07-13 17:00:00 UTC,0.0027,0.00261,0.00529,0.00011,0.00239,0.0033,5.64,11.28,WIN,11.28,47,1,0.7463,-21.0526,-12.6214,3.3582,4.0741,99.2593,0.2231,17,3.3333,0.1,0
365,TACUSDT,LONG,2026-07-13 18:00:00 UTC,0.00262,0.00261,0.00529,0.00011,0.0024,0.00307,4.25,8.49,WIN,8.49,23,1,-4.7273,-22.9412,-12.3746,0.3731,4.1985,102.2901,0.2312,18,0.3817,0.7273,0
366,TACUSDT,LONG,2026-07-13 19:00:00 UTC,0.00264,0.00261,0.00529,0.0001,0.0024,0.00311,4.48,8.97,WIN,8.97,22,1,-9.2784,-25.6338,-12.0,1.1194,3.7879,101.5152,0.225,19,1.1364,0.3333,1
367,TACUSDT,LONG,2026-07-13 20:00:00 UTC,0.00271,0.00261,0.00529,0.0001,0.0024,0.00333,5.73,11.46,WIN,11.46,44,1,-9.0604,-24.5125,-9.0604,3.7313,3.69,98.893,0.2252,20,3.69,0.5833,1
368,TACUSDT,LONG,2026-07-13 21:00:00 UTC,0.00279,0.00261,0.00529,0.00011,0.0024,0.00357,7.01,14.03,WIN,14.03,69,1,-24.3902,-22.9282,-4.4521,6.7164,3.9427,96.0573,0.2145,21,6.4516,0.6667,1
369,TACUSDT,LONG,2026-07-13 22:00:00 UTC,0.00277,0.00261,0.00529,0.0001,0.0024,0.00352,6.74,13.49,WIN,13.49,68,1,-22.6257,-28.0519,-7.6667,5.9701,3.6101,96.7509,0.2154,22,5.7762,0.2,0
370,TACUSDT,LONG,2026-07-13 23:00:00 UTC,0.00279,0.00261,0.00529,0.0001,0.0024,0.00356,6.91,13.83,WIN,13.83,67,1,-23.3516,-28.4615,-6.0606,6.7164,3.5842,96.0573,0.2216,23,6.4516,0.2,1
371,TACUSDT,LONG,2026-07-14 00:00:00 UTC,0.00277,0.00261,0.00529,0.0001,0.00241,0.0035,6.59,13.19,WIN,13.19,66,1,-38.8521,-26.1333,-8.8816,5.9701,3.6101,96.7509,0.2209,0,5.7762,0.4,0
372,TACUSDT,LONG,2026-07-14 01:00:00 UTC,0.00285,0.00261,0.00529,0.0001,0.00241,0.00373,7.74,15.48,WIN,15.48,69,1,-30.0493,-23.4501,-7.4919,8.9552,3.5088,94.0351,0.2312,1,8.4211,0.6364,1
373,TACUSDT,LONG,2026-07-14 02:00:00 UTC,0.0028,0.00261,0.00529,0.0001,0.00241,0.00358,6.98,13.96,WIN,13.96,64,1,-39.5248,-20.4545,-6.3545,7.0896,3.5714,95.7143,0.2165,2,6.7857,0.7143,0
374,TACUSDT,LONG,2026-07-14 03:00:00 UTC,0.00276,0.00261,0.00529,0.0001,0.00241,0.00346,6.33,12.67,WIN,12.67,62,1,-42.0168,-18.5841,-4.8276,5.597,3.6232,97.1014,0.1987,3,5.4348,0.5,0
375,TACUSDT,LONG,2026-07-14 04:00:00 UTC,0.00279,0.00261,0.00529,0.0001,0.00241,0.00355,6.79,13.58,WIN,13.58,62,1,-45.2941,-19.3642,-2.7875,6.7164,3.5842,96.0573,0.2056,4,6.4516,0.2727,1
376,TACUSDT,LONG,2026-07-14 05:00:00 UTC,0.00283,0.00261,0.00512,0.0001,0.0024,0.00369,7.56,15.12,WIN,15.12,65,1,-32.1343,-20.0565,-0.7018,8.7649,3.5336,88.6926,0.2362,5,7.7739,0.3077,1
377,TACUSDT,LONG,2026-07-14 06:00:00 UTC,0.00288,0.00261,0.00496,0.0001,0.0024,0.00385,8.37,16.74,LOSS,-8.37,868,0,-33.7931,-17.2414,2.8571,11.4894,3.4722,81.5972,0.2787,6,9.375,0.3846,1
378,TACUSDT,LONG,2026-07-14 07:00:00 UTC,0.0028,0.00261,0.00496,0.0001,0.0024,0.00359,7.09,14.17,WIN,14.17,61,1,-35.6322,-23.4973,-0.7092,8.0851,3.5714,83.9286,0.2796,7,6.7857,0.7273,0
379,TACUSDT,LONG,2026-07-14 08:00:00 UTC,0.00275,0.00261,0.00496,0.0001,0.0024,0.00344,6.3,12.6,WIN,12.6,57,1,-43.0642,-22.5352,-1.7857,5.9574,3.6364,85.4545,0.2852,8,5.0909,0.625,0
380,TACUSDT,LONG,2026-07-14 09:00:00 UTC,0.00278,0.00261,0.00494,0.0001,0.00241,0.00352,6.67,13.35,WIN,13.35,57,1,-36.5297,-18.4751,0.0,7.2961,3.5971,83.8129,0.3092,9,6.1151,0.3333,1
381,TACUSDT,LONG,2026-07-14 10:00:00 UTC,0.00274,0.00261,0.00448,0.0001,0.00241,0.00341,6.08,12.16,WIN,12.16,55,1,-37.156,-18.6944,-1.7921,6.9519,3.6496,68.2482,0.3415,10,4.7445,0.4,0
382,TACUSDT,LONG,2026-07-14 11:00:00 UTC,0.00276,0.00261,0.00445,0.0001,0.00241,0.00348,6.47,12.93,WIN,12.93,54,1,-31.6832,-20.0,1.845,8.1522,3.6232,66.6667,0.3884,11,5.4348,0.2,1
383,TACUSDT,LONG,2026-07-14 12:00:00 UTC,0.00285,0.00261,0.00445,0.00011,0.00239,0.00375,7.93,15.86,WIN,15.86,58,1,-29.1045,-18.1034,5.5556,13.0435,3.8596,64.5614,0.4538,12,8.4211,0.5,1
384,TACUSDT,LONG,2026-07-14 13:00:00 UTC,0.00288,0.00261,0.00445,0.00011,0.00239,0.00384,8.4,16.81,LOSS,-8.4,861,0,-31.4286,-15.0442,9.9237,14.6739,3.8194,63.8889,0.4899,13,9.375,0.25,1
385,TACUSDT,LONG,2026-07-14 14:00:00 UTC,0.00278,0.00261,0.00445,0.00011,0.00239,0.00358,7.12,14.24,WIN,14.24,52,1,-31.1881,-16.7665,5.303,9.2391,3.9568,66.1871,0.5174,14,6.1151,0.6667,0
386,TACUSDT,LONG,2026-07-14 15:00:00 UTC,0.00285,0.00261,0.00445,0.00011,0.00238,0.00378,8.19,16.38,WIN,16.38,55,1,-28.392,-8.9457,5.1661,13.0435,3.8596,64.5614,0.5205,15,8.4211,0.5,1
387,TACUSDT,LONG,2026-07-14 16:00:00 UTC,0.00291,0.00261,0.00445,0.00011,0.00238,0.00396,9.05,18.1,LOSS,-9.05,858,0,-26.5152,-5.8252,4.3011,16.3043,3.7801,63.2302,0.5361,16,10.3093,0.5,1
388,TACUSDT,LONG,2026-07-14 17:00:00 UTC,0.00313,0.00261,0.00445,0.00012,0.00236,0.00467,12.31,24.63,LOSS,-12.31,857,0,-17.6316,0.0,12.9964,28.2609,3.8339,58.7859,0.787,17,16.6134,0.8462,1
389,TACUSDT,LONG,2026-07-14 18:00:00 UTC,0.00308,0.00261,0.00445,0.00012,0.00236,0.00453,11.71,23.41,LOSS,-11.71,856,0,-17.8667,-0.6452,10.3943,25.5435,3.8961,59.7403,0.8931,18,15.2597,0.4167,0
390,TACUSDT,LONG,2026-07-14 19:00:00 UTC,0.0031,0.00261,0.00445,0.00012,0.00236,0.00459,11.94,23.88,LOSS,-11.94,855,0,-18.4211,-4.0248,11.9134,26.6304,3.871,59.3548,0.9573,19,15.8065,0.1667,1
391,TACUSDT,LONG,2026-07-14 20:00:00 UTC,0.0031,0.00261,0.00445,0.00012,0.00236,0.00457,11.88,23.77,LOSS,-11.88,854,0,-24.5742,-2.2082,9.1549,26.6304,3.871,59.3548,0.9783,20,15.8065,0.0,0
392,TACUSDT,LONG,2026-07-14 21:00:00 UTC,0.00288,0.00261,0.00445,0.00014,0.00234,0.00397,9.42,18.84,LOSS,-9.42,853,0,-31.2649,-8.8608,2.8571,14.6739,4.8611,63.8889,1.0798,21,9.375,0.7097,0
393,TACUSDT,LONG,2026-07-14 22:00:00 UTC,0.00284,0.00261,0.00445,0.00013,0.00234,0.00384,8.75,17.49,LOSS,-8.75,852,0,-32.2196,-10.4101,2.8986,12.5,4.5775,64.7887,1.133,22,8.0986,0.5,0
394,TACUSDT,LONG,2026-07-14 23:00:00 UTC,0.00289,0.00261,0.00445,0.00013,0.00235,0.00396,9.29,18.58,LOSS,-9.29,851,0,-32.1596,-6.4725,3.5842,15.2174,4.4983,63.6678,1.1231,23,9.6886,0.625,1
395,TACUSDT,LONG,2026-07-15 00:00:00 UTC,0.00285,0.00261,0.00445,0.00012,0.00236,0.00384,8.64,17.29,LOSS,-8.64,850,0,-34.0278,-4.6823,0.7067,13.0435,4.2105,64.5614,1.1296,0,8.4211,0.5714,0
396,TACUSDT,LONG,2026-07-15 01:00:00 UTC,0.00292,0.00261,0.00445,0.00012,0.00236,0.00404,9.58,19.16,LOSS,-9.58,849,0,-32.7189,-2.6667,1.3889,16.8478,4.1096,63.0137,1.12,1,10.6164,0.5833,1
397,TACUSDT,LONG,2026-07-15 02:00:00 UTC,0.00287,0.00261,0.00445,0.00012,0.00236,0.00389,8.87,17.74,LOSS,-8.87,848,0,-26.5985,-3.6913,2.5,14.1304,4.1812,64.1115,1.0917,2,9.0592,0.4545,0
398,TACUSDT,LONG,2026-07-15 03:00:00 UTC,0.00276,0.00261,0.00396,0.00013,0.00235,0.00358,7.4,14.79,WIN,14.79,39,1,-29.771,-5.4795,0.3636,11.1111,4.7101,48.913,0.8707,3,5.4348,0.5789,0
399,TACUSDT,LONG,2026-07-15 04:00:00 UTC,0.00279,0.00261,0.00394,0.00012,0.00236,0.00366,7.76,15.53,WIN,15.53,42,1,-26.9634,-7.0,0.3597,13.5338,4.3011,47.6703,0.7754,4,6.4516,0.4286,1
400,TACUSDT,LONG,2026-07-15 05:00:00 UTC,0.00278,0.00261,0.00393,0.00012,0.00236,0.00362,7.55,15.09,WIN,15.09,41,1,-27.7922,-6.3973,1.4599,12.8788,4.3165,47.482,0.7387,5,6.1151,0.0909,0
401,TACUSDT,LONG,2026-07-15 06:00:00 UTC,0.00281,0.00261,0.00393,0.00012,0.00237,0.00369,7.87,15.74,WIN,15.74,40,1,-26.2467,-7.5658,1.8116,15.1515,4.2705,46.9751,0.729,6,7.1174,0.3333,1
402,TACUSDT,LONG,2026-07-15 07:00:00 UTC,0.00284,0.00261,0.00393,0.00012,0.00237,0.00378,8.26,16.52,WIN,16.52,39,1,-22.4044,-7.4919,-0.3509,17.4242,4.2254,46.4789,0.5985,7,8.0986,0.3,1
403,TACUSDT,LONG,2026-07-15 08:00:00 UTC,0.00282,0.00261,0.00393,0.00012,0.00237,0.00372,8.0,15.99,WIN,15.99,38,1,-19.4286,-5.6856,-2.0833,15.9091,4.2553,46.8085,0.6069,8,7.4468,0.1818,0
404,TACUSDT,LONG,2026-07-15 09:00:00 UTC,0.00293,0.00261,0.00393,0.00013,0.00236,0.00406,9.74,19.47,LOSS,-9.74,841,0,-13.8235,1.0345,5.3957,24.2424,4.4369,45.0512,0.7253,9,10.9215,0.5,1
405,TACUSDT,LONG,2026-07-15 10:00:00 UTC,0.00294,0.00261,0.00393,0.00012,0.00236,0.00411,9.9,19.8,LOSS,-9.9,840,0,-11.9403,2.7875,3.5088,25.0,4.0816,44.898,0.7749,10,11.2245,0.2,1
406,TACUSDT,LONG,2026-07-15 11:00:00 UTC,0.00298,0.00261,0.00393,0.00012,0.00236,0.00421,10.36,20.73,LOSS,-10.36,839,0,-13.1195,4.5614,2.4055,28.0303,4.0268,44.2953,0.8397,11,12.4161,0.3636,1
407,TACUSDT,LONG,2026-07-15 12:00:00 UTC,0.00297,0.00261,0.00393,0.00012,0.00236,0.00419,10.27,20.54,LOSS,-10.27,838,0,-13.913,6.0714,-5.1118,27.2727,4.0404,44.4444,0.8878,12,12.1212,0.0769,0
408,TACUSDT,LONG,2026-07-15 13:00:00 UTC,0.00304,0.00261,0.00393,0.00012,0.00236,0.00441,11.21,22.42,LOSS,-11.21,837,0,-10.3245,7.8014,-1.2987,32.5758,3.9474,43.4211,0.8672,13,14.1447,0.5833,1
409,TACUSDT,LONG,2026-07-15 14:00:00 UTC,0.00305,0.00261,0.00393,0.00012,0.00236,0.00442,11.22,22.44,LOSS,-11.22,836,0,-11.3372,8.9286,-1.6129,33.3333,3.9344,43.2787,0.9066,14,14.4262,0.1,1
410,TACUSDT,LONG,2026-07-15 15:00:00 UTC,0.00311,0.00261,0.00393,0.00012,0.00237,0.0046,11.96,23.91,LOSS,-11.96,835,0,-8.5294,11.8705,0.3226,37.8788,3.8585,42.4437,0.9264,15,16.0772,0.6,1
411,TACUSDT,LONG,2026-07-15 16:00:00 UTC,0.00304,0.00261,0.00393,0.00014,0.00233,0.00447,11.74,23.49,LOSS,-11.74,834,0,-10.0592,8.9606,5.5556,32.5758,4.6053,43.4211,1.2855,16,14.1447,0.175,0
412,TACUSDT,LONG,2026-07-15 17:00:00 UTC,0.00292,0.00261,0.00393,0.00015,0.00232,0.00412,10.29,20.58,LOSS,-10.29,833,0,-12.5749,7.7491,2.8169,23.4848,5.137,45.2055,1.4065,17,10.6164,0.5217,0
413,TACUSDT,LONG,2026-07-15 18:00:00 UTC,0.00301,0.00261,0.00393,0.00015,0.00231,0.00441,11.61,23.23,LOSS,-11.61,832,0,-11.2094,11.4815,4.1522,30.303,4.9834,43.8538,1.3993,18,13.289,0.5294,1
414,TACUSDT,LONG,2026-07-15 19:00:00 UTC,0.00307,0.00261,0.00393,0.00014,0.00232,0.00456,12.19,24.38,LOSS,-12.19,831,0,-10.2339,17.1756,7.7193,34.8485,4.5603,42.9967,1.3122,19,14.9837,0.6,1
415,TACUSDT,LONG,2026-07-15 20:00:00 UTC,0.00306,0.00261,0.00393,0.00014,0.00233,0.00452,11.94,23.88,LOSS,-11.94,830,0,-10.0,15.9091,4.7945,34.0909,4.5752,43.1373,1.3103,20,14.7059,0.1111,0
416,TACUSDT,LONG,2026-07-15 21:00:00 UTC,0.00304,0.00261,0.00393,0.00014,0.00233,0.00445,11.62,23.25,LOSS,-11.62,829,0,-14.3662,12.1771,5.9233,32.5758,4.6053,43.4211,1.2536,21,14.1447,0.2,0
417,TACUSDT,LONG,2026-07-15 22:00:00 UTC,0.00299,0.00261,0.00393,0.00013,0.00234,0.00429,10.83,21.67,LOSS,-10.83,828,0,-16.7131,7.1685,8.3333,28.7879,4.3478,44.1472,1.2112,22,12.709,0.7143,0
418,TACUSDT,LONG,2026-07-15 23:00:00 UTC,0.00299,0.00261,0.00393,0.00013,0.00236,0.00426,10.63,21.26,LOSS,-10.63,827,0,-17.4033,7.9422,7.1685,28.7879,4.3478,44.1472,1.1854,23,12.709,0.0,0
419,TACUSDT,LONG,2026-07-16 00:00:00 UTC,0.00295,0.00261,0.00393,0.00012,0.00236,0.00413,9.98,19.97,LOSS,-9.98,826,0,-23.3766,5.7348,6.1151,25.7576,4.0678,44.7458,1.1522,0,11.5254,0.5,0
420,TACUSDT,LONG,2026-07-16 01:00:00 UTC,0.00291,0.00261,0.00393,0.00012,0.00236,0.004,9.38,18.76,LOSS,-9.38,825,0,-25.3846,5.0542,3.5587,22.7273,4.1237,45.3608,1.1076,1,10.3093,0.3636,0
421,TACUSDT,LONG,2026-07-16 02:00:00 UTC,0.00291,0.00261,0.00391,0.00012,0.00237,0.00398,9.28,18.56,LOSS,-9.28,824,0,-22.4,2.4648,2.4648,23.0769,4.1237,44.6735,0.7252,2,10.3093,0.0,0
422,TACUSDT,LONG,2026-07-16 03:00:00 UTC,0.00302,0.00261,0.00383,0.00013,0.00236,0.00436,11.04,22.08,LOSS,-11.04,823,0,-18.3288,8.2143,7.4468,33.6066,4.3046,40.3974,0.5804,3,13.5762,0.6667,1
423,TACUSDT,LONG,2026-07-16 04:00:00 UTC,0.00314,0.00261,0.00383,0.00013,0.00235,0.00471,12.52,25.03,LOSS,-12.52,822,0,-10.7955,13.7681,7.1672,43.4426,4.1401,38.8535,0.7997,4,16.879,0.7059,1
424,TACUSDT,LONG,2026-07-16 05:00:00 UTC,0.00302,0.00261,0.00368,0.00013,0.00234,0.00437,11.16,22.33,LOSS,-11.16,821,0,-10.9145,8.2437,2.3729,38.3178,4.3046,35.4305,0.8263,5,13.5762,0.7059,0
425,TACUSDT,LONG,2026-07-16 06:00:00 UTC,0.00292,0.00261,0.00368,0.00013,0.00234,0.00407,9.86,19.73,LOSS,-9.86,820,0,-15.6069,3.1802,-2.0134,28.972,4.4521,36.6438,0.8389,6,10.6164,0.625,0
426,TACUSDT,LONG,2026-07-16 07:00:00 UTC,0.00298,0.00261,0.00368,0.00013,0.00234,0.00425,10.66,21.32,LOSS,-10.66,819,0,-15.8192,3.4722,0.3367,34.5794,4.3624,35.906,0.8697,7,12.4161,0.5,1
427,TACUSDT,LONG,2026-07-16 08:00:00 UTC,0.00303,0.00261,0.00368,0.00013,0.00234,0.00441,11.34,22.68,LOSS,-11.34,818,0,-12.931,8.2143,-0.3289,39.2523,4.2904,35.3135,0.9385,8,13.8614,0.3846,1
428,TACUSDT,LONG,2026-07-16 09:00:00 UTC,0.00297,0.00261,0.00368,0.00013,0.00234,0.00422,10.55,21.1,LOSS,-10.55,817,0,-18.8525,8.0,-2.623,33.6449,4.3771,36.0269,1.0347,9,12.1212,0.4,0
429,TACUSDT,LONG,2026-07-16 10:00:00 UTC,0.00299,0.00261,0.00366,0.00013,0.00235,0.00428,10.74,21.48,LOSS,-10.74,816,0,-15.7746,7.554,-3.8585,36.1905,4.3478,35.1171,1.0256,10,12.709,0.2222,1
430,TACUSDT,LONG,2026-07-16 11:00:00 UTC,0.00305,0.00261,0.00356,0.00013,0.00235,0.00444,11.39,22.79,LOSS,-11.39,815,0,-10.5572,11.3139,0.3289,46.3158,4.2623,31.1475,1.028,11,14.4262,0.6,1
431,TACUSDT,LONG,2026-07-16 12:00:00 UTC,0.00309,0.00261,0.00352,0.00012,0.00236,0.00454,11.78,23.57,LOSS,-11.78,814,0,-8.3086,11.9565,5.8219,52.7473,3.8835,29.4498,1.0113,12,15.534,0.5,1
432,TACUSDT,LONG,2026-07-16 13:00:00 UTC,0.003,0.00261,0.00352,0.00012,0.00236,0.00428,10.67,21.35,LOSS,-10.67,813,0,-13.0435,5.2632,-0.3322,42.8571,4.0,30.3333,1.0348,13,13.0,0.6923,0
433,TACUSDT,LONG,2026-07-16 14:00:00 UTC,0.00304,0.00261,0.00352,0.00012,0.00236,0.00441,11.21,22.42,LOSS,-11.21,812,0,-12.6437,5.5556,-0.9772,47.2527,3.9474,29.9342,0.792,14,14.1447,0.3636,1
434,TACUSDT,LONG,2026-07-16 15:00:00 UTC,0.00312,0.00261,0.00348,0.00012,0.00236,0.00464,12.2,24.4,LOSS,-12.2,811,0,-7.9646,12.2302,1.9608,58.6207,3.8462,27.8846,0.7924,15,16.3462,0.6154,1
435,TACUSDT,LONG,2026-07-16 16:00:00 UTC,0.00314,0.00261,0.0034,0.00012,0.00236,0.0047,12.43,24.85,LOSS,-12.43,810,0,-5.988,10.1754,3.2895,67.0886,3.8217,25.1592,0.8126,16,16.879,0.1818,1
436,TACUSDT,LONG,2026-07-16 17:00:00 UTC,0.00338,0.00261,0.00348,0.00014,0.00232,0.0055,15.67,31.34,LOSS,-15.67,809,0,7.9872,16.1512,13.0435,88.5057,4.142,25.7396,1.1325,17,22.7811,0.5854,1
437,TACUSDT,LONG,2026-07-16 18:00:00 UTC,0.00351,0.00261,0.00358,0.00015,0.00231,0.00591,17.1,34.19,LOSS,-17.1,808,0,13.5922,12.1406,17.3913,92.7835,4.2735,27.6353,1.8675,18,25.641,0.5909,1
438,TACUSDT,LONG,2026-07-16 19:00:00 UTC,0.00343,0.00261,0.00358,0.00016,0.00229,0.0057,16.59,33.18,LOSS,-16.59,807,0,9.5847,11.3636,16.2712,84.5361,4.6647,28.2799,2.0836,19,23.9067,0.2857,0
439,TACUSDT,LONG,2026-07-16 20:00:00 UTC,0.00344,0.00261,0.00359,0.00017,0.00227,0.00578,16.96,33.93,LOSS,-16.96,806,0,10.9677,10.9677,18.2131,84.6939,4.9419,28.4884,2.2716,20,24.1279,0.0385,1
440,TACUSDT,LONG,2026-07-16 21:00:00 UTC,0.00351,0.00261,0.00359,0.00017,0.00227,0.006,17.65,35.3,LOSS,-17.65,805,0,8.9783,13.5484,20.9622,91.8367,4.8433,27.9202,2.3598,21,25.641,0.4706,1
441,TACUSDT,LONG,2026-07-16 22:00:00 UTC,0.00358,0.00261,0.00379,0.00018,0.00226,0.00623,18.5,37.0,LOSS,-18.5,804,0,13.2492,24.6528,18.4818,82.2034,5.0279,32.9609,2.6409,22,27.095,0.2759,1
442,TACUSDT,LONG,2026-07-16 23:00:00 UTC,0.00369,0.00261,0.00379,0.00018,0.00225,0.00656,19.47,38.94,LOSS,-19.47,885,0,16.7722,29.9296,17.5159,91.5254,4.878,31.9783,2.7693,23,29.2683,0.5238,1
443,TACUSDT,LONG,2026-07-17 00:00:00 UTC,0.00366,0.00261,0.00379,0.00019,0.00222,0.00653,19.63,39.27,LOSS,-19.63,884,0,15.4574,26.6436,21.1921,88.9831,5.1913,32.2404,2.982,0,28.6885,0.0769,0
444,TACUSDT,LONG,2026-07-17 01:00:00 UTC,0.0037,0.00261,0.00379,0.00019,0.00222,0.00665,19.98,39.96,LOSS,-19.98,883,0,19.7411,29.8246,26.7123,92.3729,5.1351,31.8919,3.1054,1,29.4595,0.1818,1
445,TACUSDT,LONG,2026-07-17 02:00:00 UTC,0.0037,0.00261,0.00379,0.00019,0.00222,0.00665,19.94,39.87,LOSS,-19.94,882,0,23.7458,26.7123,24.1611,92.3729,5.1351,31.8919,3.1914,2,29.4595,0.0,0
446,TACUSDT,LONG,2026-07-17 03:00:00 UTC,0.00356,0.00261,0.00379,0.0002,0.00221,0.00626,18.93,37.86,LOSS,-18.93,881,0,18.6667,24.0418,17.4917,80.5085,5.618,33.1461,3.0275,3,26.6854,0.5185,0
447,TACUSDT,LONG,2026-07-17 04:00:00 UTC,0.00335,0.00261,0.00379,0.0002,0.0022,0.00566,17.18,34.35,LOSS,-17.18,880,0,12.4161,21.3768,12.7946,62.7119,5.9701,35.2239,2.4992,4,22.0896,0.75,0
448,TACUSDT,LONG,2026-07-17 05:00:00 UTC,0.00346,0.00261,0.00379,0.0002,0.0022,0.00596,18.12,36.25,LOSS,-18.12,879,0,18.4932,24.0143,15.7191,72.0339,5.7803,34.104,2.3073,5,24.5665,0.5789,1
449,TACUSDT,LONG,2026-07-17 06:00:00 UTC,0.00353,0.00261,0.00379,0.0002,0.0022,0.00619,18.79,37.58,LOSS,-18.79,878,0,17.6667,26.9784,15.7377,77.9661,5.6657,33.4278,2.2659,6,26.0623,0.3684,1
450,TACUSDT,LONG,2026-07-17 07:00:00 UTC,0.00359,0.00261,0.00379,0.0002,0.00221,0.00634,19.24,38.47,LOSS,-19.24,877,0,20.8754,27.758,16.1812,83.0508,5.571,32.8691,2.3246,7,27.2981,0.3158,1
451,TACUSDT,LONG,2026-07-17 08:00:00 UTC,0.00366,0.00261,0.00379,0.0002,0.00221,0.00656,19.78,39.55,LOSS,-19.78,876,0,20.3947,28.8732,22.0,88.9831,5.4645,32.2404,2.1583,8,28.6885,0.4667,1
452,TACUSDT,LONG,2026-07-17 09:00:00 UTC,0.00347,0.00261,0.00379,0.00021,0.00219,0.00602,18.4,36.79,LOSS,-18.4,875,0,13.0293,23.0496,14.1447,72.8814,6.0519,34.0058,2.1874,9,24.7839,0.5429,0
453,TACUSDT,LONG,2026-07-17 10:00:00 UTC,0.00352,0.00261,0.00379,0.0002,0.0022,0.00615,18.69,37.39,LOSS,-18.69,874,0,17.7258,20.1365,12.8205,77.1186,5.6818,33.5227,1.9612,10,25.8523,0.3846,1
454,TACUSDT,LONG,2026-07-17 11:00:00 UTC,0.00338,0.00261,0.00379,0.0002,0.0022,0.00575,17.48,34.96,LOSS,-17.48,873,0,16.5517,14.5763,7.6433,65.2542,5.9172,34.9112,1.8116,11,22.7811,0.6667,0
455,TACUSDT,LONG,2026-07-17 12:00:00 UTC,0.0034,0.00261,0.00379,0.00019,0.00222,0.00575,17.33,34.65,LOSS,-17.33,872,0,18.1185,13.7584,0.2959,66.9492,5.5882,34.7059,1.6697,12,23.2353,0.1111,1
456,TACUSDT,LONG,2026-07-17 13:00:00 UTC,0.00348,0.00261,0.00379,0.00019,0.00222,0.00601,18.14,36.28,LOSS,-18.14,871,0,22.4561,17.5084,-0.5698,73.7288,5.4598,33.908,1.5523,13,25.0,0.5,1
457,TACUSDT,LONG,2026-07-17 14:00:00 UTC,0.00311,0.00261,0.00379,0.00021,0.00218,0.00495,14.85,29.71,LOSS,-14.85,870,0,11.0714,2.3026,-9.3294,42.3729,6.7524,37.9421,1.5256,14,16.0772,0.8222,0
458,TACUSDT,LONG,2026-07-17 15:00:00 UTC,0.0032,0.00261,0.00379,0.00021,0.00219,0.00522,15.78,31.55,LOSS,-15.78,869,0,13.4752,4.918,-6.9767,50.0,6.5625,36.875,1.5111,15,18.4375,0.5625,1
459,TACUSDT,LONG,2026-07-17 16:00:00 UTC,0.00326,0.00261,0.00379,0.0002,0.0022,0.00537,16.19,32.39,LOSS,-16.19,868,0,16.4286,4.8232,-7.3864,55.0847,6.135,36.1963,1.3701,16,19.9387,0.4615,1
460,TACUSDT,LONG,2026-07-17 17:00:00 UTC,0.00319,0.00261,0.00379,0.0002,0.00221,0.00513,15.27,30.54,LOSS,-15.27,867,0,14.7482,4.9342,-11.1421,49.1525,6.2696,36.9906,1.2415,17,18.1818,0.5385,0
461,TACUSDT,LONG,2026-07-17 18:00:00 UTC,0.00317,0.00261,0.00379,0.00019,0.00223,0.00503,14.74,29.48,LOSS,-14.74,866,0,13.6201,8.5616,-14.0921,47.4576,5.9937,37.224,1.0677,18,17.6656,0.3333,0
462,TACUSDT,LONG,2026-07-17 19:00:00 UTC,0.00314,0.00261,0.00379,0.00018,0.00225,0.00492,14.21,28.42,LOSS,-14.21,865,0,15.8672,4.3189,-14.2077,44.9153,5.7325,37.5796,0.83,19,16.879,0.3333,0
463,TACUSDT,LONG,2026-07-17 20:00:00 UTC,0.00311,0.00261,0.00379,0.00017,0.00226,0.0048,13.58,27.15,LOSS,-13.58,782,0,15.1852,1.3029,-15.9459,42.3729,5.4662,37.9421,0.7724,20,16.0772,0.5,0
464,TACUSDT,LONG,2026-07-17 21:00:00 UTC,0.0031,0.00261,0.00379,0.00017,0.00227,0.00476,13.35,26.71,LOSS,-13.35,781,0,18.3206,1.3072,-16.2162,41.5254,5.4839,38.0645,0.746,21,15.8065,0.0909,0
465,TACUSDT,LONG,2026-07-17 22:00:00 UTC,0.00328,0.00261,0.00379,0.00017,0.00227,0.0053,15.43,30.86,LOSS,-15.43,780,0,24.2424,7.8947,-7.8652,56.7797,5.1829,35.9756,0.7501,22,20.4268,0.8571,1
466,TACUSDT,LONG,2026-07-17 23:00:00 UTC,0.00319,0.00262,0.00379,0.00017,0.00229,0.005,14.17,28.35,LOSS,-14.17,779,0,17.7122,6.689,-4.7761,48.7179,5.3292,36.6771,0.7318,23,17.8683,0.8182,0
467,TACUSDT,LONG,2026-07-18 00:00:00 UTC,0.00326,0.00268,0.00379,0.00016,0.00236,0.00504,13.75,27.49,LOSS,-13.75,778,0,16.8459,9.0301,-5.7803,52.2523,4.908,34.0491,0.5532,0,17.7914,0.6364,1
468,TACUSDT,LONG,2026-07-18 01:00:00 UTC,0.00322,0.00269,0.00379,0.00016,0.00238,0.0049,13.05,26.1,LOSS,-13.05,777,0,16.2455,9.1525,-8.7819,48.1818,4.9689,34.1615,0.462,1,16.4596,0.4,0
469,TACUSDT,LONG,2026-07-18 02:00:00 UTC,0.00325,0.00269,0.00379,0.00015,0.00239,0.00497,13.23,26.46,LOSS,-13.23,776,0,16.4875,11.6838,-9.4708,50.9091,4.6154,33.8462,0.419,2,17.2308,0.375,1
470,TACUSDT,LONG,2026-07-18 03:00:00 UTC,0.00323,0.00269,0.00379,0.00015,0.00239,0.00491,12.98,25.95,LOSS,-12.98,775,0,16.6065,10.9966,-11.7486,49.0909,4.644,34.0557,0.3951,3,16.7183,0.1429,0
471,TACUSDT,LONG,2026-07-18 04:00:00 UTC,0.00328,0.00269,0.00379,0.00014,0.0024,0.00502,13.3,26.61,LOSS,-13.3,774,0,15.1408,7.9208,-5.7637,53.6364,4.2683,33.5366,0.3742,4,17.9878,0.6667,1
472,TACUSDT,LONG,2026-07-18 05:00:00 UTC,0.00316,0.00269,0.00379,0.00015,0.0024,0.00467,11.96,23.92,LOSS,-11.96,773,0,12.8571,0.6369,-10.2273,42.7273,4.7468,34.8101,0.3878,5,14.8734,0.8,0
473,TACUSDT,LONG,2026-07-18 06:00:00 UTC,0.00315,0.00269,0.00379,0.00014,0.00241,0.00464,11.79,23.59,LOSS,-11.79,772,0,14.1304,4.3046,-6.8047,41.8182,4.4444,34.9206,0.3914,6,14.6032,0.1,0
474,TACUSDT,LONG,2026-07-18 07:00:00 UTC,0.00331,0.00269,0.00379,0.00015,0.0024,0.00514,13.8,27.59,LOSS,-13.8,771,0,18.638,13.3562,-2.3599,56.3636,4.5317,33.2326,0.3806,7,18.7311,0.7619,1
475,TACUSDT,LONG,2026-07-18 08:00:00 UTC,0.00327,0.00271,0.00379,0.00014,0.00242,0.00498,13.02,26.04,LOSS,-13.02,768,0,15.5477,9.7315,-6.3037,51.8519,4.2813,33.0275,0.3632,8,17.1254,0.4,0
476,TACUSDT,LONG,2026-07-18 09:00:00 UTC,0.00326,0.00271,0.00379,0.00014,0.00243,0.00493,12.79,25.58,LOSS,-12.79,767,0,13.1944,7.5908,4.8232,50.9259,4.2945,33.1288,0.3415,9,16.8712,0.1111,0
477,TACUSDT,LONG,2026-07-18 10:00:00 UTC,0.00349,0.00271,0.00379,0.00015,0.0024,0.00566,15.55,31.1,LOSS,-15.55,768,0,24.6429,17.5084,9.0625,72.2222,4.298,30.9456,0.4486,10,22.3496,0.7419,1
478,TACUSDT,LONG,2026-07-18 11:00:00 UTC,0.00335,0.00271,0.00379,0.00015,0.0024,0.00524,14.15,28.29,LOSS,-14.15,767,0,21.4545,11.7057,2.454,59.2593,4.4776,32.2388,0.4736,11,19.1045,0.8333,0
479,TACUSDT,LONG,2026-07-18 12:00:00 UTC,0.00344,0.00271,0.00379,0.00015,0.0024,0.00551,15.09,30.18,LOSS,-15.09,766,0,23.741,12.7869,7.837,67.5926,4.3605,31.3953,0.5098,12,21.2209,0.5625,1
480,TACUSDT,LONG,2026-07-18 13:00:00 UTC,0.00341,0.00271,0.00379,0.00015,0.00241,0.00541,14.66,29.33,LOSS,-14.66,765,0,24.8175,10.6796,7.8864,64.8148,4.3988,31.6716,0.4977,13,20.5279,0.25,0
481,TACUSDT,LONG,2026-07-18 14:00:00 UTC,0.00365,0.00271,0.00379,0.00016,0.00239,0.00618,17.28,34.55,LOSS,-17.28,764,0,32.2464,21.6667,16.242,87.037,4.3836,29.589,0.636,14,25.7534,0.75,1
482,TACUSDT,LONG,2026-07-18 15:00:00 UTC,0.00362,0.00274,0.00379,0.00017,0.0024,0.00607,16.85,33.7,LOSS,-16.85,763,0,27.0175,19.0789,16.3987,83.8095,4.6961,29.0055,0.7437,15,24.3094,0.1304,0
483,TACUSDT,LONG,2026-07-18 16:00:00 UTC,0.00358,0.00274,0.00379,0.00016,0.00241,0.0059,16.25,32.5,LOSS,-16.25,762,0,24.3056,14.7436,15.4839,80.0,4.4693,29.3296,0.7677,16,23.4637,0.4444,0
484,TACUSDT,LONG,2026-07-18 17:00:00 UTC,0.00356,0.00274,0.00379,0.00016,0.00242,0.00584,16.0,32.0,LOSS,-16.0,759,0,28.0576,13.3758,8.5366,78.0952,4.4944,29.4944,0.7651,17,23.0337,0.1667,0
485,TACUSDT,LONG,2026-07-18 18:00:00 UTC,0.00364,0.00274,0.00379,0.00015,0.00243,0.00607,16.69,33.38,LOSS,-16.69,758,0,27.7193,7.6923,14.1066,85.7143,4.1209,28.8462,0.777,18,24.7253,0.6154,1
486,TACUSDT,LONG,2026-07-18 19:00:00 UTC,0.00353,0.00274,0.00379,0.00016,0.00242,0.00574,15.69,31.38,LOSS,-15.69,757,0,20.9622,0.2849,7.9755,75.2381,4.5326,29.745,0.8082,19,22.3796,0.6316,0
487,TACUSDT,LONG,2026-07-18 20:00:00 UTC,0.00348,0.00274,0.00379,0.00015,0.00243,0.00557,15.06,30.12,LOSS,-15.06,756,0,10.8626,1.1662,7.764,70.4762,4.3103,30.1724,0.7027,20,21.2644,0.6667,0
488,TACUSDT,LONG,2026-07-18 21:00:00 UTC,0.00343,0.00274,0.00379,0.00015,0.00243,0.00541,14.48,28.96,LOSS,-14.48,755,0,11.3636,-0.2907,5.5385,65.7143,4.3732,30.6122,0.7132,21,20.1166,0.4167,0
489,TACUSDT,LONG,2026-07-18 22:00:00 UTC,0.0035,0.00274,0.00379,0.00015,0.00243,0.00565,15.3,30.6,LOSS,-15.3,754,0,12.9032,-0.5682,8.3591,72.381,4.2857,30.0,0.7105,22,21.7143,0.4118,1
490,TACUSDT,LONG,2026-07-18 23:00:00 UTC,0.00354,0.00274,0.00379,0.00015,0.00244,0.00575,15.52,31.03,LOSS,-15.52,753,0,14.1935,-1.3928,8.2569,76.1905,4.2373,29.661,0.7044,23,22.5989,0.6667,1
491,TACUSDT,LONG,2026-07-19 00:00:00 UTC,0.00345,0.00274,0.00379,0.00014,0.00245,0.00546,14.53,29.06,LOSS,-14.53,752,0,19.7917,-6.5041,9.1772,67.619,4.058,30.4348,0.5686,0,20.5797,0.9,0
492,TACUSDT,LONG,2026-07-19 01:00:00 UTC,0.00347,0.00274,0.00379,0.00014,0.00245,0.0055,14.68,29.36,LOSS,-14.68,751,0,22.1831,-5.1913,10.1587,69.5238,4.0346,30.2594,0.4567,1,21.0375,0.1333,1
493,TACUSDT,LONG,2026-07-19 02:00:00 UTC,0.00348,0.00274,0.00379,0.00014,0.00245,0.00555,14.84,29.67,LOSS,-14.84,750,0,20.4152,-5.9459,5.136,70.4762,4.023,30.1724,0.4387,2,21.2644,0.0667,1
494,TACUSDT,LONG,2026-07-19 03:00:00 UTC,0.00337,0.00274,0.00379,0.00015,0.00244,0.00522,13.74,27.47,LOSS,-13.74,749,0,18.2456,-8.9189,3.0581,60.0,4.451,31.1573,0.4383,3,18.6944,0.6471,0
495,TACUSDT,LONG,2026-07-19 04:00:00 UTC,0.00337,0.00274,0.00379,0.00014,0.00245,0.00522,13.72,27.43,LOSS,-13.72,748,0,15.411,-5.3371,3.3742,60.0,4.1543,31.1573,0.4211,4,18.6944,0.0,0
496,TACUSDT,LONG,2026-07-19 05:00:00 UTC,0.00351,0.00274,0.00379,0.00015,0.00244,0.00566,15.3,30.59,LOSS,-15.3,747,0,22.2997,4.7761,0.5731,73.3333,4.2735,29.9145,0.4075,5,21.9373,0.7,1
497,TACUSDT,LONG,2026-07-19 06:00:00 UTC,0.00348,0.00274,0.00379,0.00014,0.00245,0.00554,14.83,29.65,LOSS,-14.83,746,0,26.087,0.578,4.1916,70.4762,4.023,30.1724,0.4046,6,21.2644,0.3,0
498,TACUSDT,LONG,2026-07-19 07:00:00 UTC,0.00356,0.00274,0.00379,0.00014,0.00245,0.00578,15.63,31.26,LOSS,-15.63,745,0,27.5986,0.8499,3.4884,78.0952,3.9326,29.4944,0.3913,7,23.0337,0.5714,1
499,TACUSDT,LONG,2026-07-19 08:00:00 UTC,0.00352,0.00275,0.00379,0.00014,0.00247,0.00562,14.94,29.88,LOSS,-14.94,744,0,26.6187,-1.9499,2.924,74.0385,3.9773,29.5455,0.3585,8,21.875,0.5714,0
500,TACUSDT,LONG,2026-07-19 09:00:00 UTC,0.00349,0.00275,0.00379,0.00014,0.00247,0.00553,14.64,29.28,LOSS,-14.64,743,0,24.1993,-4.6448,-4.3836,71.1538,4.0115,29.7994,0.3769,9,21.2034,0.2143,0
501,TACUSDT,LONG,2026-07-19 10:00:00 UTC,0.00343,0.00277,0.00379,0.00014,0.00249,0.0053,13.64,27.28,LOSS,-13.64,742,0,20.7746,-1.1527,-5.2486,64.7059,4.0816,29.7376,0.376,10,19.242,0.5,0
502,TACUSDT,LONG,2026-07-19 11:00:00 UTC,0.00341,0.00277,0.00379,0.00014,0.0025,0.00524,13.4,26.81,LOSS,-13.4,741,0,20.922,-3.125,-4.7486,62.7451,4.1056,29.912,0.3629,11,18.7683,0.1818,0
503,TACUSDT,LONG,2026-07-19 12:00:00 UTC,0.00339,0.00277,0.00379,0.00013,0.00251,0.00516,13.04,26.08,LOSS,-13.04,740,0,15.6997,0.2959,-4.7753,60.7843,3.8348,30.0885,0.3398,12,18.2891,0.25,0
504,TACUSDT,LONG,2026-07-19 13:00:00 UTC,0.00338,0.00284,0.00379,0.00013,0.00259,0.00495,11.62,23.25,LOSS,-11.62,623,0,14.5763,-0.295,-7.1429,56.8421,3.8462,28.1065,0.3177,13,15.9763,0.2,0
505,TACUSDT,LONG,2026-07-19 14:00:00 UTC,0.00339,0.00284,0.00379,0.00012,0.00259,0.00499,11.77,23.54,LOSS,-11.77,622,0,13.7584,-2.8653,-3.6932,57.8947,3.5398,28.0236,0.3226,14,16.2242,0.0909,1
506,TACUSDT,LONG,2026-07-19 15:00:00 UTC,0.00337,0.00284,0.00379,0.00012,0.0026,0.00492,11.49,22.98,LOSS,-11.49,621,0,13.468,8.3601,-2.8818,55.7895,3.5608,28.1899,0.3141,15,15.727,0.2,0
507,TACUSDT,LONG,2026-07-19 16:00:00 UTC,0.00336,0.00284,0.00379,0.00012,0.0026,0.00489,11.3,22.6,LOSS,-11.3,620,0,10.5263,5.0,-2.0408,54.7368,3.5714,28.2738,0.3027,16,15.4762,0.1429,0
508,TACUSDT,LONG,2026-07-19 17:00:00 UTC,0.00333,0.00284,0.00379,0.00012,0.00261,0.00479,10.9,21.8,LOSS,-10.9,618,0,9.1803,2.1472,-4.8571,51.5789,3.6036,28.5285,0.2953,17,14.7147,0.3,0
509,TACUSDT,LONG,2026-07-19 18:00:00 UTC,0.0034,0.00284,0.00379,0.00012,0.00261,0.00498,11.64,23.28,LOSS,-11.64,617,0,9.3248,6.5831,-3.9548,58.9474,3.5294,27.9412,0.2981,18,16.4706,0.6364,1
510,TACUSDT,LONG,2026-07-19 19:00:00 UTC,0.00328,0.00284,0.00379,0.00012,0.00261,0.00464,10.33,20.67,LOSS,-10.33,617,0,7.8947,3.47,-4.9275,46.3158,3.6585,28.9634,0.2965,19,13.4146,0.8571,0
511,TACUSDT,LONG,2026-07-19 20:00:00 UTC,0.0033,0.00284,0.00379,0.00012,0.00261,0.00469,10.49,20.99,LOSS,-10.49,615,0,13.0137,5.0955,-4.8991,48.4211,3.6364,28.7879,0.3186,20,13.9394,0.2,1
512,TACUSDT,LONG,2026-07-19 21:00:00 UTC,0.00343,0.00286,0.00379,0.00012,0.00261,0.00509,12.02,24.04,LOSS,-12.02,614,0,13.9535,10.2894,-1.4368,61.2903,3.4985,27.1137,0.3588,21,16.6181,0.5909,1
513,TACUSDT,LONG,2026-07-19 22:00:00 UTC,0.00343,0.00286,0.00379,0.00012,0.00261,0.00508,12.0,23.99,LOSS,-12.0,613,0,11.7264,10.6452,1.7804,61.2903,3.4985,27.1137,0.3653,22,16.6181,0.0,0
514,TACUSDT,LONG,2026-07-19 23:00:00 UTC,0.00338,0.00286,0.00379,0.00012,0.00261,0.0049,11.29,22.58,LOSS,-11.29,612,0,10.4575,3.0488,0.2967,55.914,3.5503,27.5148,0.3666,23,15.3846,0.5556,0
515,TACUSDT,LONG,2026-07-20 00:00:00 UTC,0.0034,0.00286,0.00379,0.00012,0.00262,0.00497,11.51,23.01,LOSS,-11.51,611,0,11.8421,6.5831,-3.1339,58.0645,3.5294,27.3529,0.3518,0,15.8824,0.2222,1
516,TACUSDT,LONG,2026-07-20 01:00:00 UTC,0.00335,0.00286,0.00379,0.00012,0.00262,0.00481,10.9,21.8,LOSS,-10.9,610,0,12.0401,2.7607,-3.7356,52.6882,3.5821,27.7612,0.3368,1,14.6269,0.3846,0
517,TACUSDT,LONG,2026-07-20 02:00:00 UTC,0.00336,0.00286,0.00379,0.00012,0.00262,0.00482,10.92,21.85,LOSS,-10.92,609,0,12.3746,4.3478,-5.618,53.7634,3.5714,27.6786,0.3318,2,14.881,0.125,1
518,TACUSDT,LONG,2026-07-20 03:00:00 UTC,0.00343,0.00286,0.00379,0.00012,0.00262,0.00505,11.77,23.54,LOSS,-11.77,606,0,16.2712,5.5385,-2.5568,61.2903,3.4985,27.1137,0.3224,3,16.6181,0.6364,1
519,TACUSDT,LONG,2026-07-20 04:00:00 UTC,0.0034,0.00286,0.00379,0.00011,0.00263,0.00493,11.31,22.63,LOSS,-11.31,605,0,16.8385,5.2632,-2.5788,58.0645,3.2353,27.3529,0.3173,4,15.8824,0.3333,0
520,TACUSDT,LONG,2026-07-20 05:00:00 UTC,0.00345,0.00286,0.00379,0.00012,0.00263,0.00509,11.9,23.8,LOSS,-11.9,604,0,18.5567,5.5046,0.5831,63.4409,3.4783,26.9565,0.302,5,17.1014,0.4167,1
521,TACUSDT,LONG,2026-07-20 06:00:00 UTC,0.00335,0.00288,0.00379,0.00012,0.00264,0.00477,10.59,21.17,LOSS,-10.59,591,0,10.5611,6.0127,-1.7595,51.6484,3.5821,27.1642,0.292,6,14.0299,0.6667,0
522,TACUSDT,LONG,2026-07-20 07:00:00 UTC,0.00342,0.00289,0.00379,0.00012,0.00266,0.00494,11.1,22.2,LOSS,-11.1,590,0,8.9172,8.5714,0.885,58.8889,3.5088,26.3158,0.2343,7,15.4971,0.7,1
523,TACUSDT,LONG,2026-07-20 08:00:00 UTC,0.00335,0.00289,0.00379,0.00012,0.00266,0.00473,10.33,20.66,LOSS,-10.33,589,0,10.9272,1.2085,-0.8876,51.1111,3.5821,26.8657,0.2287,8,13.7313,0.5385,0
524,TACUSDT,LONG,2026-07-20 09:00:00 UTC,0.00339,0.00289,0.00379,0.00012,0.00266,0.00487,10.88,21.77,LOSS,-10.88,588,0,16.0959,3.6697,0.0,55.5556,3.5398,26.5487,0.2397,9,14.7493,0.3077,1
525,TACUSDT,LONG,2026-07-20 10:00:00 UTC,0.00336,0.00289,0.00379,0.00011,0.00266,0.00477,10.43,20.87,LOSS,-10.43,587,0,13.0872,3.3742,0.0,52.2222,3.2738,26.7857,0.2312,10,13.9881,0.25,0
526,TACUSDT,LONG,2026-07-20 11:00:00 UTC,0.0033,0.00293,0.00379,0.00011,0.00271,0.00449,9.02,18.04,LOSS,-9.02,586,0,8.9109,-5.4441,-1.7857,43.0233,3.3333,26.0606,0.2322,11,11.2121,0.5455,0
527,TACUSDT,LONG,2026-07-20 12:00:00 UTC,0.00336,0.00293,0.00379,0.00011,0.00271,0.00465,9.61,19.22,LOSS,-9.61,585,0,12.7946,0.2994,0.6006,50.0,3.2738,25.5952,0.2336,12,12.7976,0.625,1
528,TACUSDT,LONG,2026-07-20 13:00:00 UTC,0.00324,0.00293,0.00379,0.00011,0.00271,0.0043,8.22,16.45,LOSS,-8.22,584,0,8.3612,-5.814,-4.7059,36.0465,3.3951,26.5432,0.2372,13,9.5679,0.8,0
529,TACUSDT,LONG,2026-07-20 14:00:00 UTC,0.00329,0.00297,0.00379,0.00011,0.00275,0.00438,8.25,16.49,LOSS,-8.25,578,0,7.8689,-3.8012,0.3049,39.0244,3.3435,24.924,0.2449,14,9.7264,0.5556,1
530,TACUSDT,LONG,2026-07-20 15:00:00 UTC,0.00331,0.00297,0.00379,0.00011,0.00276,0.00442,8.36,16.72,LOSS,-8.36,577,0,7.1197,-9.3151,0.303,41.4634,3.3233,24.7734,0.2406,15,10.2719,0.3333,1
531,TACUSDT,LONG,2026-07-20 16:00:00 UTC,0.00334,0.00297,0.00379,0.00011,0.00276,0.00451,8.75,17.51,LOSS,-8.75,576,0,11.3333,-7.7348,-2.6239,45.122,3.2934,24.5509,0.2493,16,11.0778,0.25,1
532,TACUSDT,LONG,2026-07-20 17:00:00 UTC,0.00342,0.00297,0.00379,0.00011,0.00275,0.00474,9.71,19.43,LOSS,-9.71,575,0,12.5,-4.4693,-0.2915,54.878,3.2164,23.9766,0.2592,17,13.1579,0.6154,1
533,TACUSDT,LONG,2026-07-20 18:00:00 UTC,0.00342,0.00303,0.00379,0.00011,0.00281,0.00465,8.94,17.89,LOSS,-8.94,574,0,9.6154,-3.9326,1.1834,51.3158,3.2164,22.2222,0.2629,18,11.4035,0.0,0
534,TACUSDT,LONG,2026-07-20 19:00:00 UTC,0.00339,0.00304,0.00379,0.00011,0.00283,0.00453,8.37,16.74,LOSS,-8.37,527,0,8.2803,-6.5934,0.0,46.6667,3.2448,22.1239,0.2487,19,10.3245,0.2857,0
535,TACUSDT,LONG,2026-07-20 20:00:00 UTC,0.0032,0.00307,0.00379,0.00012,0.00283,0.00394,5.79,11.58,LOSS,-5.79,526,0,-5.3254,-9.0909,-4.4776,18.0556,3.75,22.5,0.295,20,4.0625,0.6786,0
536,TACUSDT,LONG,2026-07-20 21:00:00 UTC,0.0032,0.00307,0.00379,0.00011,0.00284,0.00393,5.65,11.3,LOSS,-5.65,18,0,-8.8319,-7.781,-4.7619,18.0556,3.4375,22.5,0.3142,21,4.0625,0.0,0
537,TACUSDT,LONG,2026-07-20 22:00:00 UTC,0.00321,0.00307,0.00379,0.00011,0.00285,0.00395,5.74,11.48,LOSS,-5.74,17,0,-6.1224,-6.1224,-6.1224,19.4444,3.4268,22.4299,0.3424,22,4.3614,0.25,1
538,TACUSDT,LONG,2026-07-20 23:00:00 UTC,0.00318,0.00307,0.00379,0.00011,0.00286,0.00382,5.05,10.1,LOSS,-5.05,16,0,-7.5581,-9.1429,-6.4706,15.2778,3.4591,22.6415,0.3369,23,3.4591,0.6,0
539,TACUSDT,LONG,2026-07-21 00:00:00 UTC,0.00315,0.00307,0.00379,0.0001,0.00286,0.00372,4.56,9.12,LOSS,-4.56,15,0,-10.5114,-11.0169,-8.6957,11.1111,3.1746,22.8571,0.3443,0,2.5397,0.6,0
540,TACUSDT,LONG,2026-07-21 01:00:00 UTC,0.00313,0.00307,0.00379,0.0001,0.00287,0.00365,4.16,8.33,LOSS,-4.16,14,0,-12.8134,-9.2754,-6.5672,8.3333,3.1949,23.0032,0.3623,1,1.9169,0.25,0
541,TACUSDT,LONG,2026-07-21 02:00:00 UTC,0.00326,0.00307,0.00379,0.0001,0.00286,0.00405,6.1,12.2,LOSS,-6.1,13,0,-11.6531,-6.0519,-4.6784,26.3889,3.0675,22.0859,0.3587,2,5.8282,1.0,1
542,TACUSDT,LONG,2026-07-21 03:00:00 UTC,0.00317,0.00307,0.00379,0.00011,0.00286,0.0038,4.96,9.92,LOSS,-4.96,12,0,-13.388,-8.908,-5.3731,13.8889,3.47,22.7129,0.3589,3,3.1546,0.75,0
543,TACUSDT,LONG,2026-07-21 04:00:00 UTC,0.00319,0.00307,0.00379,0.0001,0.00287,0.00384,5.09,10.18,LOSS,-5.09,11,0,-13.7838,-5.3412,-5.8997,16.6667,3.1348,22.5705,0.3657,4,3.7618,0.5,1
544,TACUSDT,LONG,2026-07-21 05:00:00 UTC,0.00315,0.00307,0.00377,0.0001,0.00287,0.00372,4.46,8.92,LOSS,-4.46,10,0,-14.5946,-6.2315,-6.2315,11.4286,3.1746,22.2222,0.3929,5,2.5397,0.5,0
545,TACUSDT,LONG,2026-07-21 06:00:00 UTC,0.00319,0.00307,0.00374,0.0001,0.00288,0.00382,4.93,9.86,LOSS,-4.93,9,0,-10.3933,-9.1168,-3.3333,17.9104,3.1348,21.0031,0.3389,6,3.7618,0.4444,1
546,TACUSDT,LONG,2026-07-21 07:00:00 UTC,0.00316,0.00307,0.00372,9e-05,0.00288,0.00373,4.47,8.94,LOSS,-4.47,8,0,-5.3731,-8.908,-5.3731,13.8462,2.8481,20.5696,0.3134,7,2.8481,0.3333,0
547,TACUSDT,LONG,2026-07-21 08:00:00 UTC,0.00317,0.00307,0.00372,0.0001,0.00287,0.00377,4.72,9.45,LOSS,-4.72,7,0,-8.3815,-10.9551,-2.1605,15.3846,3.1546,20.5047,0.3987,8,3.1546,0.0714,1
548,TACUSDT,LONG,2026-07-21 09:00:00 UTC,0.003,0.00293,0.00372,0.00011,0.00271,0.00357,4.75,9.5,WIN,9.5,79,1,-15.0142,-14.7727,-8.8146,8.8608,3.6667,26.3333,0.5273,9,2.3333,0.7083,0
549,TACUSDT,LONG,2026-07-21 10:00:00 UTC,0.00299,0.00293,0.00372,0.00011,0.00272,0.00352,4.46,8.91,WIN,8.91,26,1,-16.7131,-14.3266,-9.6677,7.5949,3.6789,26.4214,0.5652,10,2.0067,0.1667,0
550,TACUSDT,LONG,2026-07-21 11:00:00 UTC,0.00299,0.00293,0.00372,0.0001,0.00273,0.00353,4.45,8.91,WIN,8.91,25,1,-18.306,-12.828,-10.479,7.5949,3.3445,26.4214,0.5789,11,2.0067,0.0,0
551,TACUSDT,LONG,2026-07-21 12:00:00 UTC,0.00298,0.00293,0.00371,0.0001,0.00273,0.00347,4.12,8.25,WIN,8.25,16,1,-14.121,-12.61,-12.8655,6.4103,3.3557,26.1745,0.6064,12,1.6779,0.1667,0
552,TACUSDT,LONG,2026-07-21 13:00:00 UTC,0.00291,0.0029,0.00371,0.0001,0.0027,0.00335,3.73,7.46,WIN,7.46,14,1,-17.3295,-14.1593,-14.9123,1.2346,3.4364,27.8351,0.7052,13,0.3436,0.7778,0
553,TACUSDT,LONG,2026-07-21 14:00:00 UTC,0.00295,0.00289,0.00371,0.0001,0.0027,0.00345,4.22,8.44,WIN,8.44,14,1,-12.7219,-12.7219,-13.2353,7.3171,3.3898,27.7966,0.731,14,2.0339,0.6667,1
554,TACUSDT,LONG,2026-07-21 15:00:00 UTC,0.0029,0.00284,0.00371,0.0001,0.00264,0.00341,4.39,8.77,WIN,8.77,13,1,-14.4543,-14.4543,-9.375,6.8966,3.4483,30.0,0.7756,15,2.069,0.4545,0
555,TACUSDT,LONG,2026-07-21 16:00:00 UTC,0.00296,0.00284,0.00371,0.0001,0.00264,0.00359,5.34,10.68,WIN,10.68,72,1,-15.1862,-12.1662,-7.5,13.7931,3.3784,29.3919,0.8076,16,4.0541,0.6,1
556,TACUSDT,LONG,2026-07-21 17:00:00 UTC,0.003,0.00284,0.00371,0.0001,0.00265,0.0037,5.87,11.75,WIN,11.75,82,1,-3.537,-10.7143,-6.8323,18.3908,3.3333,29.0,0.8557,17,5.3333,0.5,1
557,TACUSDT,LONG,2026-07-21 18:00:00 UTC,0.00307,0.00284,0.00371,0.0001,0.00265,0.00392,6.91,13.82,LOSS,-6.91,555,0,-4.0625,-7.8078,-3.4591,26.4368,3.2573,28.3388,0.8487,18,7.4919,0.7,1
558,TACUSDT,LONG,2026-07-21 19:00:00 UTC,0.00307,0.00284,0.00371,9e-05,0.00265,0.0039,6.77,13.54,LOSS,-6.77,554,0,-5.8282,-9.7059,-2.5397,26.4368,2.9316,28.3388,0.7253,19,7.4919,0.0,0
559,TACUSDT,LONG,2026-07-21 20:00:00 UTC,0.00314,0.00284,0.00371,0.0001,0.00264,0.00413,7.88,15.77,LOSS,-7.88,553,0,-1.5674,-4.2683,0.3195,34.4828,3.1847,27.707,0.7437,20,9.5541,0.4375,1
560,TACUSDT,LONG,2026-07-21 21:00:00 UTC,0.00323,0.00284,0.00371,0.0001,0.00264,0.00439,9.05,18.1,LOSS,-9.05,552,0,1.8927,-2.1212,-0.9202,44.8276,3.096,26.935,0.7827,21,12.0743,0.75,1
561,TACUSDT,LONG,2026-07-21 22:00:00 UTC,0.00323,0.00284,0.00371,0.0001,0.00265,0.00438,8.99,17.97,LOSS,-8.99,551,0,2.8662,-5.8309,1.8927,44.8276,3.096,26.935,0.784,22,12.0743,0.0,0
562,TACUSDT,LONG,2026-07-21 23:00:00 UTC,0.00326,0.00284,0.00371,0.0001,0.00264,0.0045,9.46,18.92,LOSS,-9.46,550,0,4.8232,-4.9563,2.1944,48.2759,3.0675,26.6871,0.7574,23,12.8834,0.2727,1
563,TACUSDT,LONG,2026-07-22 00:00:00 UTC,0.00324,0.00284,0.00371,0.0001,0.00264,0.00442,9.18,18.36,LOSS,-9.18,549,0,4.5161,-4.142,2.5316,45.977,3.0864,26.8519,0.804,0,12.3457,0.1667,0
564,TACUSDT,LONG,2026-07-22 01:00:00 UTC,0.0032,0.00284,0.00371,0.0001,0.00264,0.00431,8.67,17.33,LOSS,-8.67,548,0,-2.439,-5.8824,0.3135,41.3793,3.125,27.1875,0.7662,1,11.25,0.5,0
565,TACUSDT,LONG,2026-07-22 02:00:00 UTC,0.00325,0.00284,0.00371,0.0001,0.00265,0.00444,9.23,18.47,LOSS,-9.23,547,0,1.8809,-2.9851,2.5237,47.1264,3.0769,26.7692,0.7487,2,12.6154,0.625,1
566,TACUSDT,LONG,2026-07-22 03:00:00 UTC,0.00339,0.00284,0.00371,0.0001,0.00264,0.00488,11.05,22.1,LOSS,-11.05,546,0,3.9877,0.8929,6.9401,63.2184,2.9499,25.6637,0.8077,3,16.2242,0.875,1
567,TACUSDT,LONG,2026-07-22 04:00:00 UTC,0.0034,0.00284,0.00371,0.0001,0.00263,0.00493,11.25,22.51,LOSS,-11.25,557,0,5.5901,-0.8746,13.3333,64.3678,2.9412,25.5882,0.8978,4,16.4706,0.0769,1
568,TACUSDT,LONG,2026-07-22 05:00:00 UTC,0.00343,0.00284,0.00371,0.0001,0.00263,0.00501,11.58,23.17,LOSS,-11.58,556,0,5.5385,0.8824,14.7157,67.8161,2.9155,25.3644,0.9661,5,17.2012,0.25,1
569,TACUSDT,LONG,2026-07-22 06:00:00 UTC,0.00344,0.00284,0.00371,0.0001,0.00263,0.00505,11.74,23.48,LOSS,-11.74,555,0,6.5015,-0.2899,15.0502,68.9655,2.907,25.2907,0.9784,6,17.4419,0.0833,1
570,TACUSDT,LONG,2026-07-22 07:00:00 UTC,0.00338,0.00284,0.00371,0.00011,0.00263,0.00489,11.14,22.28,LOSS,-11.14,554,0,3.3639,0.8955,13.4228,62.069,3.2544,25.7396,0.9911,7,15.9763,0.5,0
571,TACUSDT,LONG,2026-07-22 08:00:00 UTC,0.00338,0.00284,0.00371,0.00011,0.00263,0.00488,11.11,22.21,LOSS,-11.11,553,0,6.962,-1.1696,16.1512,62.069,3.2544,25.7396,1.0224,8,15.9763,0.0,0
572,TACUSDT,LONG,2026-07-22 09:00:00 UTC,0.00333,0.00284,0.00371,0.0001,0.00263,0.00472,10.44,20.88,LOSS,-10.44,552,0,5.7143,-0.597,12.8814,56.3218,3.003,26.1261,1.0095,9,14.7147,0.625,0
573,TACUSDT,LONG,2026-07-22 10:00:00 UTC,0.00332,0.00284,0.00371,0.0001,0.00263,0.00469,10.33,20.67,LOSS,-10.33,551,0,0.3021,-2.0649,14.4828,55.1724,3.012,26.2048,1.0066,10,14.4578,0.125,0
574,TACUSDT,LONG,2026-07-22 11:00:00 UTC,0.00344,0.00284,0.00371,0.00011,0.00262,0.00508,11.9,23.81,LOSS,-11.9,552,0,5.1988,2.0772,16.2162,68.9655,3.1977,25.2907,1.1405,11,17.4419,0.6667,1
575,TACUSDT,LONG,2026-07-22 12:00:00 UTC,0.00337,0.00284,0.00371,0.00011,0.00261,0.0049,11.33,22.66,LOSS,-11.33,551,0,3.3742,2.1212,12.3333,60.9195,3.2641,25.816,1.2845,12,15.727,0.3684,0
576,TACUSDT,LONG,2026-07-22 13:00:00 UTC,0.00343,0.00284,0.00371,0.00012,0.00261,0.00507,11.99,23.98,LOSS,-11.99,551,0,-1.7192,2.3881,11.7264,67.8161,3.4985,25.3644,1.3241,13,17.2012,0.4,1
577,TACUSDT,LONG,2026-07-22 14:00:00 UTC,0.00343,0.00284,0.00371,0.00012,0.0026,0.00509,12.09,24.19,LOSS,-12.09,550,0,2.6946,5.8642,11.7264,67.8161,3.4985,25.3644,1.4128,14,17.2012,0.0,0
578,TACUSDT,LONG,2026-07-22 15:00:00 UTC,0.00348,0.00284,0.00371,0.00012,0.00261,0.00522,12.51,25.03,LOSS,-12.51,548,0,1.1628,5.7751,10.828,73.5632,3.4483,25.0,1.4543,15,18.3908,0.5556,1
579,TACUSDT,LONG,2026-07-22 16:00:00 UTC,0.00348,0.00284,0.00371,0.00012,0.00261,0.00521,12.49,24.98,LOSS,-12.49,547,0,1.7544,5.136,7.7399,73.5632,3.4483,25.0,1.5841,16,18.3908,0.0,0
580,TACUSDT,LONG,2026-07-22 17:00:00 UTC,0.0034,0.00284,0.00371,0.00012,0.0026,0.00501,11.83,23.66,LOSS,-11.83,547,0,-6.8493,1.7964,5.2632,64.3678,3.5294,25.5882,1.6757,17,16.4706,0.4211,0
581,TACUSDT,LONG,2026-07-22 18:00:00 UTC,0.00343,0.00284,0.00371,0.00012,0.0026,0.00509,12.09,24.17,LOSS,-12.09,546,0,-5.2486,0.2924,5.2147,67.8161,3.4985,25.3644,1.7428,18,17.2012,0.375,1
582,TACUSDT,LONG,2026-07-22 19:00:00 UTC,0.00342,0.00284,0.00371,0.00011,0.00261,0.00504,11.83,23.66,LOSS,-11.83,544,0,-4.4693,0.0,5.5556,66.6667,3.2164,25.4386,1.8281,19,16.9591,0.1429,0
583,TACUSDT,LONG,2026-07-22 20:00:00 UTC,0.00334,0.00284,0.00371,0.00012,0.00261,0.0048,10.98,21.95,LOSS,-10.98,544,0,-6.1798,-1.7647,4.375,57.4713,3.5928,26.0479,1.8794,20,14.9701,0.5333,0
584,TACUSDT,LONG,2026-07-22 21:00:00 UTC,0.00337,0.00284,0.00371,0.00011,0.00261,0.00488,11.24,22.48,LOSS,-11.24,542,0,-7.4176,5.3125,3.6923,60.9195,3.2641,25.816,1.7764,21,15.727,0.375,1
585,TACUSDT,LONG,2026-07-22 22:00:00 UTC,0.00336,0.00284,0.00371,0.00011,0.00262,0.00482,10.94,21.88,LOSS,-10.94,541,0,-4.5455,5.0,-0.885,59.7701,3.2738,25.8929,1.6327,22,15.4762,0.25,0
586,TACUSDT,LONG,2026-07-22 23:00:00 UTC,0.00337,0.00284,0.0036,0.0001,0.00263,0.00484,10.92,21.84,LOSS,-10.92,538,0,-2.8818,4.6584,-0.8824,69.7368,2.9674,22.5519,1.4948,23,15.727,0.25,1
587,TACUSDT,LONG,2026-07-23 00:00:00 UTC,0.00334,0.00284,0.0036,0.0001,0.00264,0.00475,10.51,21.01,LOSS,-10.51,525,0,-2.6239,5.0314,-2.6239,65.7895,2.994,22.7545,1.264,0,14.9701,0.75,0
588,TACUSDT,LONG,2026-07-23 01:00:00 UTC,0.00335,0.00284,0.0036,0.0001,0.00265,0.00475,10.47,20.95,LOSS,-10.47,524,0,-4.2857,6.3492,-2.6163,67.1053,2.9851,22.6866,1.1696,1,15.2239,0.2,1
589,TACUSDT,LONG,2026-07-23 02:00:00 UTC,0.00338,0.00284,0.0036,0.0001,0.00265,0.00485,10.83,21.66,LOSS,-10.83,523,0,-4.5198,7.9872,0.0,71.0526,2.9586,22.4852,0.9635,2,15.9763,0.3333,1
590,TACUSDT,LONG,2026-07-23 03:00:00 UTC,0.00336,0.00284,0.0036,9e-05,0.00265,0.00476,10.46,20.91,LOSS,-10.46,522,0,-2.6087,3.0675,-0.5917,68.4211,2.6786,22.619,0.7872,3,15.4762,0.3333,0
591,TACUSDT,LONG,2026-07-23 04:00:00 UTC,0.00332,0.00284,0.0036,9e-05,0.00266,0.00465,9.98,19.97,LOSS,-9.98,521,0,-4.3228,4.7319,-0.3003,63.1579,2.7108,22.8916,0.7506,4,14.4578,0.5,0
592,TACUSDT,LONG,2026-07-23 05:00:00 UTC,0.00335,0.00284,0.00359,9e-05,0.00266,0.00474,10.38,20.75,LOSS,-10.38,520,0,-3.7356,5.0157,0.9036,68.0,2.6866,22.3881,0.7315,5,15.2239,0.3,1
593,TACUSDT,LONG,2026-07-23 06:00:00 UTC,0.0034,0.00284,0.00359,9e-05,0.00266,0.00487,10.88,21.76,LOSS,-10.88,519,0,0.8902,7.5949,-1.1628,74.6667,2.6471,22.0588,0.6409,6,16.4706,0.625,1
594,TACUSDT,LONG,2026-07-23 07:00:00 UTC,0.00336,0.00284,0.00359,9e-05,0.00266,0.00477,10.44,20.88,LOSS,-10.44,518,0,-0.2967,5.3292,-0.2967,69.3333,2.6786,22.3214,0.5701,7,15.4762,0.6667,0
595,TACUSDT,LONG,2026-07-23 08:00:00 UTC,0.00333,0.00284,0.00359,9e-05,0.00266,0.00468,10.11,20.22,LOSS,-10.11,517,0,-5.1282,5.0473,-2.9155,65.3333,2.7027,22.5225,0.5755,8,14.7147,0.3333,0
596,TACUSDT,LONG,2026-07-23 09:00:00 UTC,0.0034,0.00284,0.00359,9e-05,0.00266,0.00488,10.87,21.74,LOSS,-10.87,516,0,-2.2989,7.2555,-0.8746,74.6667,2.6471,22.0588,0.5843,9,16.4706,0.875,1
597,TACUSDT,LONG,2026-07-23 10:00:00 UTC,0.0034,0.00284,0.00359,9e-05,0.00267,0.00487,10.8,21.6,LOSS,-10.8,515,0,-4.4944,13.3333,-2.2989,74.6667,2.6471,22.0588,0.5714,10,16.4706,0.0,0
598,TACUSDT,LONG,2026-07-23 11:00:00 UTC,0.00336,0.00284,0.00357,9e-05,0.00267,0.00476,10.35,20.71,LOSS,-10.35,514,0,-4.5455,12.3746,-3.4483,71.2329,2.6786,21.7262,0.5519,11,15.4762,0.4444,0
599,TACUSDT,LONG,2026-07-23 12:00:00 UTC,0.00338,0.00284,0.00357,9e-05,0.00267,0.00479,10.46,20.93,LOSS,-10.46,513,0,-3.1519,13.0435,-0.5882,73.9726,2.6627,21.5976,0.5375,12,15.9763,0.2857,1
600,TACUSDT,LONG,2026-07-23 13:00:00 UTC,0.00343,0.00284,0.00357,9e-05,0.00267,0.00496,11.13,22.25,LOSS,-11.13,512,0,0.0,15.1007,0.0,80.8219,2.6239,21.2828,0.5287,13,17.2012,0.625,1
601,TACUSDT,LONG,2026-07-23 14:00:00 UTC,0.00342,0.00284,0.00357,9e-05,0.00267,0.00492,10.99,21.98,LOSS,-10.99,511,0,0.2933,17.5258,0.0,79.4521,2.6316,21.345,0.545,14,16.9591,0.1111,0
602,TACUSDT,LONG,2026-07-23 15:00:00 UTC,0.00344,0.00284,0.00357,9e-05,0.00267,0.00499,11.25,22.5,LOSS,-11.25,510,0,1.4749,16.6102,2.994,82.1918,2.6163,21.2209,0.5172,15,17.4419,0.2222,1
603,TACUSDT,LONG,2026-07-23 16:00:00 UTC,0.00336,0.00284,0.00357,9e-05,0.00266,0.00477,10.48,20.95,LOSS,-10.48,509,0,-0.5917,15.8621,-0.2967,71.2329,2.6786,21.7262,0.5875,16,15.4762,0.4444,0
604,TACUSDT,LONG,2026-07-23 17:00:00 UTC,0.00328,0.00284,0.00357,9e-05,0.00265,0.00454,9.58,19.15,LOSS,-9.58,508,0,-3.2448,10.8108,-2.381,60.274,2.7439,22.2561,0.6505,17,13.4146,0.6154,0
605,TACUSDT,LONG,2026-07-23 18:00:00 UTC,0.00329,0.00284,0.00357,9e-05,0.00266,0.00456,9.63,19.26,LOSS,-9.63,507,0,-2.3739,9.6667,-2.3739,61.6438,2.7356,22.1884,0.6414,18,13.6778,0.1667,1
606,TACUSDT,LONG,2026-07-23 19:00:00 UTC,0.00333,0.00284,0.00357,9e-05,0.00266,0.00467,10.08,20.16,LOSS,-10.08,506,0,-0.8929,8.4691,-0.2994,67.1233,2.7027,21.9219,0.637,19,14.7147,0.5714,1
607,TACUSDT,LONG,2026-07-23 20:00:00 UTC,0.00331,0.00284,0.00357,9e-05,0.00266,0.00462,9.84,19.69,LOSS,-9.84,505,0,-0.6006,7.8176,-1.194,64.3836,2.719,22.0544,0.6354,20,14.1994,0.2857,0
608,TACUSDT,LONG,2026-07-23 21:00:00 UTC,0.00337,0.00284,0.00357,9e-05,0.00266,0.00479,10.55,21.1,LOSS,-10.55,504,0,-0.8824,7.3248,-0.2959,72.6027,2.6706,21.6617,0.6903,21,15.727,0.5,1
609,TACUSDT,LONG,2026-07-23 22:00:00 UTC,0.00335,0.00284,0.00357,9e-05,0.00266,0.00472,10.26,20.53,LOSS,-10.26,503,0,2.1341,3.7152,-0.2976,69.863,2.6866,21.791,0.6874,22,15.2239,0.2857,0
610,TACUSDT,LONG,2026-07-23 23:00:00 UTC,0.0034,0.00284,0.00357,9e-05,0.00266,0.00487,10.81,21.63,LOSS,-10.81,502,0,3.0303,5.2632,2.4096,76.7123,2.6471,21.4706,0.6926,23,16.4706,0.7143,1
611,TACUSDT,LONG,2026-07-24 00:00:00 UTC,0.0034,0.00284,0.00357,9e-05,0.00266,0.00486,10.77,21.55,LOSS,-10.77,501,0,-0.8746,4.2945,1.4925,76.7123,2.6471,21.4706,0.652,0,16.4706,0.0,0
612,TACUSDT,LONG,2026-07-24 01:00:00 UTC,0.00336,0.00284,0.00357,9e-05,0.00267,0.00476,10.38,20.75,LOSS,-10.38,500,0,-2.0408,3.7037,-1.1765,71.2329,2.6786,21.7262,0.6581,1,15.4762,0.5714,0
613,TACUSDT,LONG,2026-07-24 02:00:00 UTC,0.00338,0.00284,0.00357,9e-05,0.00267,0.00481,10.53,21.06,LOSS,-10.53,499,0,0.0,5.625,0.5952,73.9726,2.6627,21.5976,0.5634,2,15.9763,0.2857,1
614,TACUSDT,LONG,2026-07-24 03:00:00 UTC,0.00343,0.00284,0.00357,8e-05,0.00267,0.00495,11.07,22.13,LOSS,-11.07,498,0,0.8824,5.5385,3.003,80.8219,2.3324,21.2828,0.5085,3,17.2012,0.8333,1
615,TACUSDT,LONG,2026-07-24 04:00:00 UTC,0.00343,0.00284,0.00357,8e-05,0.00268,0.00495,11.03,22.06,LOSS,-11.03,497,0,2.3881,1.1799,0.8824,80.8219,2.3324,21.2828,0.5023,4,17.2012,0.0,0
616,TACUSDT,LONG,2026-07-24 05:00:00 UTC,0.00343,0.00284,0.00357,8e-05,0.00268,0.00492,10.9,21.8,LOSS,-10.9,496,0,2.0833,0.8824,0.8824,80.8219,2.3324,21.2828,0.4984,5,17.2012,0.0,0
617,TACUSDT,LONG,2026-07-24 06:00:00 UTC,0.00347,0.00284,0.00357,8e-05,0.00269,0.00503,11.28,22.56,LOSS,-11.28,495,0,1.1662,1.1662,3.2738,86.3014,2.3055,21.0375,0.498,6,18.1556,0.8,1
618,TACUSDT,LONG,2026-07-24 07:00:00 UTC,0.00339,0.00284,0.00357,8e-05,0.00268,0.0048,10.43,20.86,LOSS,-10.43,494,0,-0.5882,-1.7442,0.0,75.3425,2.3599,21.5339,0.4493,7,16.2242,0.75,0
619,TACUSDT,LONG,2026-07-24 08:00:00 UTC,0.00336,0.00284,0.00357,8e-05,0.00268,0.00472,10.09,20.19,LOSS,-10.09,493,0,-2.6087,-0.5917,-2.0408,71.2329,2.381,21.7262,0.4732,8,15.4762,0.4286,0
620,TACUSDT,LONG,2026-07-24 09:00:00 UTC,0.00344,0.00284,0.00357,8e-05,0.00268,0.00496,11.04,22.08,LOSS,-11.04,492,0,2.6866,1.7751,0.5848,82.1918,2.3256,21.2209,0.4833,9,17.4419,0.8889,1
621,TACUSDT,LONG,2026-07-24 10:00:00 UTC,0.00346,0.00284,0.00357,8e-05,0.00268,0.00501,11.24,22.48,LOSS,-11.24,491,0,1.1696,3.9039,0.5814,84.9315,2.3121,21.0983,0.5219,10,17.9191,0.2857,1
622,TACUSDT,LONG,2026-07-24 11:00:00 UTC,0.00349,0.00284,0.00357,8e-05,0.00267,0.00511,11.67,23.34,LOSS,-11.67,490,0,3.8806,4.8193,3.5714,89.0411,2.2923,20.9169,0.5735,11,18.6246,0.1538,1
623,TACUSDT,LONG,2026-07-24 12:00:00 UTC,0.00344,0.00284,0.00357,9e-05,0.00267,0.00499,11.24,22.47,LOSS,-11.24,489,0,1.7699,0.2907,5.1829,82.1918,2.6163,21.2209,0.6338,12,17.4419,0.4,0
624,TACUSDT,LONG,2026-07-24 13:00:00 UTC,0.00346,0.00284,0.00357,8e-05,0.00267,0.00504,11.43,22.85,LOSS,-11.43,488,0,2.6706,2.6706,5.1672,84.9315,2.3121,21.0983,0.6348,13,17.9191,0.25,1
625,TACUSDT,LONG,2026-07-24 14:00:00 UTC,0.00345,0.00284,0.00357,8e-05,0.00268,0.00499,11.2,22.39,LOSS,-11.2,487,0,4.5455,0.5831,3.6036,83.5616,2.3188,21.1594,0.6498,14,17.6812,0.2,0
626,TACUSDT,LONG,2026-07-24 15:00:00 UTC,0.0035,0.00284,0.00357,8e-05,0.00267,0.00515,11.78,23.56,LOSS,-11.78,486,0,4.4776,2.0408,5.7402,90.411,2.2857,20.8571,0.7271,15,18.8571,0.625,1
627,TACUSDT,LONG,2026-07-24 16:00:00 UTC,0.00357,0.00284,0.00364,9e-05,0.00266,0.00539,12.71,25.42,LOSS,-12.71,485,0,10.1852,2.5862,5.9347,91.25,2.521,22.409,0.8514,16,20.4482,0.4375,1
628,TACUSDT,LONG,2026-07-24 17:00:00 UTC,0.00354,0.00284,0.00364,9e-05,0.00266,0.00531,12.46,24.92,LOSS,-12.46,484,0,7.9027,2.0115,5.9701,87.5,2.5424,22.5989,0.9131,17,19.774,0.1667,0
629,TACUSDT,LONG,2026-07-24 18:00:00 UTC,0.00351,0.00284,0.00364,9e-05,0.00266,0.0052,12.06,24.11,LOSS,-12.06,483,0,6.0423,3.2353,3.2353,83.75,2.5641,22.792,0.9269,18,19.0883,0.4286,0
630,TACUSDT,LONG,2026-07-24 19:00:00 UTC,0.00357,0.00284,0.00364,9e-05,0.00266,0.0054,12.78,25.56,LOSS,-12.78,482,0,6.8862,4.0816,5.0,91.25,2.521,22.409,0.9466,19,20.4482,0.5455,1
631,TACUSDT,LONG,2026-07-24 20:00:00 UTC,0.00357,0.00284,0.00364,9e-05,0.00266,0.00538,12.67,25.35,LOSS,-12.67,481,0,4.386,4.386,6.25,91.25,2.521,22.409,0.9352,20,20.4482,0.0,0
632,TACUSDT,LONG,2026-07-24 21:00:00 UTC,0.00351,0.00284,0.00364,9e-05,0.00266,0.00519,12.01,24.01,LOSS,-12.01,480,0,2.6316,5.0898,3.8462,83.75,2.5641,22.792,0.8715,21,19.0883,0.6667,0
633,TACUSDT,LONG,2026-07-24 22:00:00 UTC,0.00349,0.00284,0.00364,9e-05,0.00267,0.00515,11.83,23.66,LOSS,-11.83,479,0,2.6471,3.5608,1.7493,81.25,2.5788,22.9226,0.8334,22,18.6246,0.3333,0
634,TACUSDT,LONG,2026-07-24 23:00:00 UTC,0.00352,0.00284,0.00364,9e-05,0.00266,0.00524,12.2,24.39,LOSS,-12.2,478,0,10.0,4.7619,2.6239,85.0,2.5568,22.7273,0.8456,23,19.3182,0.2727,1
635,TACUSDT,LONG,2026-07-25 00:00:00 UTC,0.00351,0.00284,0.00364,9e-05,0.00267,0.0052,12.01,24.03,LOSS,-12.01,477,0,9.6875,4.1543,2.3324,83.75,2.5641,22.792,0.8139,0,19.0883,0.2,0
636,TACUSDT,LONG,2026-07-25 01:00:00 UTC,0.00357,0.00284,0.00364,9e-05,0.00267,0.00537,12.6,25.19,LOSS,-12.6,476,0,10.8696,6.8862,2.8818,91.25,2.521,22.409,0.7428,1,20.4482,0.75,1
637,TACUSDT,LONG,2026-07-25 02:00:00 UTC,0.00367,0.00284,0.00368,9e-05,0.00267,0.00567,13.67,27.34,LOSS,-13.67,475,0,15.4088,9.5522,8.5799,98.8095,2.4523,22.8883,0.6431,2,22.6158,0.9091,1
638,TACUSDT,LONG,2026-07-25 03:00:00 UTC,0.00364,0.00284,0.00371,9e-05,0.00266,0.0056,13.44,26.87,LOSS,-13.44,474,0,15.5556,7.6923,8.3333,91.954,2.4725,23.9011,0.5994,3,21.978,0.2727,0
639,TACUSDT,LONG,2026-07-25 04:00:00 UTC,0.00365,0.00284,0.00371,9e-05,0.00267,0.00561,13.45,26.91,LOSS,-13.45,473,0,16.6134,8.631,6.1047,93.1034,2.4658,23.8356,0.5629,4,22.1918,0.2,1
640,TACUSDT,LONG,2026-07-25 05:00:00 UTC,0.0036,0.00284,0.00371,9e-05,0.00266,0.00546,12.95,25.9,LOSS,-12.95,472,0,10.4294,8.4337,4.0462,87.3563,2.5,24.1667,0.6004,5,21.1111,0.5,0
641,TACUSDT,LONG,2026-07-25 06:00:00 UTC,0.00359,0.00284,0.00371,9e-05,0.00267,0.00543,12.84,25.67,LOSS,-12.84,471,0,13.2492,7.1642,3.1609,86.2069,2.507,24.234,0.5856,6,20.8914,0.1429,0
642,TACUSDT,LONG,2026-07-25 07:00:00 UTC,0.00357,0.00284,0.00371,9e-05,0.00267,0.00536,12.59,25.17,LOSS,-12.59,470,0,11.9122,5.0,3.4783,83.908,2.521,24.3697,0.5944,7,20.4482,0.25,0
643,TACUSDT,LONG,2026-07-25 08:00:00 UTC,0.00357,0.00284,0.0038,0.0001,0.00265,0.00541,12.92,25.84,LOSS,-12.92,469,0,12.9747,6.25,3.1792,76.0417,2.8011,26.8908,0.9048,8,20.4482,0.0,0
644,TACUSDT,LONG,2026-07-25 09:00:00 UTC,0.00341,0.00284,0.0038,0.00011,0.00263,0.00497,11.48,22.96,LOSS,-11.48,480,0,6.8966,2.4024,-1.1594,59.375,3.2258,28.1525,1.0621,9,16.7155,0.6667,0
645,TACUSDT,LONG,2026-07-25 10:00:00 UTC,0.00344,0.00284,0.0038,0.00011,0.00262,0.00507,11.87,23.74,LOSS,-11.87,481,0,8.5174,1.1765,-1.7143,62.5,3.1977,27.907,1.1657,10,17.4419,0.2143,1
646,TACUSDT,LONG,2026-07-25 11:00:00 UTC,0.00333,0.00284,0.0038,0.00012,0.00261,0.00477,10.8,21.59,LOSS,-10.8,480,0,5.0473,-2.0588,-6.7227,51.0417,3.6036,28.8288,1.2509,11,14.7147,0.5238,0
647,TACUSDT,LONG,2026-07-25 12:00:00 UTC,0.00332,0.00284,0.0038,0.00011,0.00262,0.00472,10.56,21.12,LOSS,-10.56,479,0,10.6667,-1.1905,-6.4789,50.0,3.3133,28.9157,1.2557,12,14.4578,0.2,0
648,TACUSDT,LONG,2026-07-25 13:00:00 UTC,0.00341,0.00284,0.0038,0.00011,0.00262,0.005,11.63,23.26,LOSS,-11.63,478,0,14.0468,0.8876,-2.849,59.375,3.2258,28.1525,1.2642,13,16.7155,0.75,1
649,TACUSDT,LONG,2026-07-25 14:00:00 UTC,0.00344,0.00284,0.0038,0.00011,0.00262,0.00508,11.92,23.83,LOSS,-11.92,477,0,15.0502,0.2915,-3.6415,62.5,3.1977,27.907,1.2847,14,17.4419,0.3333,1
650,TACUSDT,LONG,2026-07-25 15:00:00 UTC,0.00344,0.00284,0.0038,0.00011,0.00263,0.00507,11.85,23.69,LOSS,-11.85,474,0,15.4362,0.5848,-3.6415,62.5,3.1977,27.907,1.2309,15,17.4419,0.0,0
651,TACUSDT,LONG,2026-07-25 16:00:00 UTC,0.0034,0.00284,0.0038,0.0001,0.00263,0.00494,11.32,22.65,LOSS,-11.32,473,0,16.8385,-1.1628,-3.1339,58.3333,2.9412,28.2353,1.23,16,16.4706,0.5,0
652,TACUSDT,LONG,2026-07-25 17:00:00 UTC,0.00347,0.00284,0.0038,0.0001,0.00263,0.00515,12.1,24.2,LOSS,-12.1,472,0,17.6271,3.2738,-0.5731,65.625,2.8818,27.6657,1.2727,17,18.1556,0.6364,1
653,TACUSDT,LONG,2026-07-25 18:00:00 UTC,0.00348,0.00284,0.0038,0.0001,0.00263,0.00517,12.13,24.26,LOSS,-12.13,471,0,20.0,6.0976,-1.1364,66.6667,2.8736,27.5862,0.925,18,18.3908,0.125,1
654,TACUSDT,LONG,2026-07-25 19:00:00 UTC,0.00348,0.00287,0.0038,0.0001,0.00267,0.0051,11.61,23.22,LOSS,-11.61,458,0,17.5676,5.7751,-0.8547,65.5914,2.8736,26.7241,0.746,19,17.5287,0.0,0
655,TACUSDT,LONG,2026-07-25 20:00:00 UTC,0.00353,0.00293,0.0038,0.0001,0.00273,0.00514,11.34,22.68,LOSS,-11.34,455,0,17.6667,6.006,-1.1204,68.9655,2.8329,24.6459,0.6481,20,16.9972,0.8333,1
656,TACUSDT,LONG,2026-07-25 21:00:00 UTC,0.00351,0.00298,0.0038,0.0001,0.00279,0.00496,10.28,20.56,LOSS,-10.28,451,0,14.3322,6.0423,-4.3597,64.6341,2.849,23.3618,0.5691,21,15.0997,0.25,0
657,TACUSDT,LONG,2026-07-25 22:00:00 UTC,0.00348,0.00301,0.0038,9e-05,0.00283,0.00479,9.4,18.8,LOSS,-9.4,404,0,13.355,3.2641,-4.3956,59.4937,2.5862,22.7011,0.5594,22,13.5057,0.5,0
658,TACUSDT,LONG,2026-07-25 23:00:00 UTC,0.0035,0.00304,0.0038,9e-05,0.00286,0.00479,9.21,18.41,LOSS,-9.21,403,0,11.465,4.4776,-4.1096,60.5263,2.5714,21.7143,0.5245,23,13.1429,0.2222,1
659,TACUSDT,LONG,2026-07-26 00:00:00 UTC,0.00345,0.00311,0.0038,9e-05,0.00293,0.00451,7.62,15.25,LOSS,-7.62,391,0,6.8111,1.4706,-4.1667,49.2754,2.6087,20.0,0.5099,0,9.8551,0.7143,0
660,TACUSDT,LONG,2026-07-26 01:00:00 UTC,0.00347,0.00316,0.0038,9e-05,0.00298,0.00443,6.98,13.95,LOSS,-6.98,75,0,7.4303,2.0588,-3.3426,48.4375,2.5937,18.4438,0.4838,1,8.9337,0.3333,1
661,TACUSDT,LONG,2026-07-26 02:00:00 UTC,0.00346,0.00316,0.0038,9e-05,0.00299,0.00442,6.88,13.76,LOSS,-6.88,74,0,6.135,2.9762,-3.0812,46.875,2.6012,18.4971,0.4693,2,8.6705,0.1667,0
662,TACUSDT,LONG,2026-07-26 03:00:00 UTC,0.00346,0.00316,0.0038,8e-05,0.003,0.00439,6.71,13.42,LOSS,-6.71,73,0,6.7901,2.3669,-3.0812,46.875,2.3121,18.4971,0.4157,3,8.6705,0.0,0
663,TACUSDT,LONG,2026-07-26 04:00:00 UTC,0.00341,0.00316,0.0038,8e-05,0.003,0.00422,5.99,11.97,LOSS,-5.99,72,0,6.25,-0.8746,-0.2933,39.0625,2.346,18.7683,0.4238,4,7.3314,0.8571,0
664,TACUSDT,LONG,2026-07-26 05:00:00 UTC,0.00338,0.00319,0.0038,8e-05,0.00303,0.00409,5.24,10.48,LOSS,-5.24,41,0,4.3077,-1.1662,-1.4535,31.1475,2.3669,18.0473,0.4117,5,5.6213,0.5,0
665,TACUSDT,LONG,2026-07-26 06:00:00 UTC,0.00332,0.00324,0.0038,8e-05,0.00308,0.0038,3.6,7.2,LOSS,-3.6,40,0,-2.0649,-3.207,-0.3003,14.2857,2.4096,16.8675,0.4321,6,2.4096,0.6,0
666,TACUSDT,LONG,2026-07-26 07:00:00 UTC,0.00329,0.00325,0.0038,8e-05,0.00309,0.00368,3.03,6.05,LOSS,-3.03,39,0,-3.2353,-5.1873,-0.9036,7.2727,2.4316,16.7173,0.4213,7,1.2158,0.5,0
667,TACUSDT,LONG,2026-07-26 08:00:00 UTC,0.0034,0.00325,0.0038,8e-05,0.00308,0.00404,4.72,9.45,LOSS,-4.72,38,0,-0.8746,0.5917,-0.2933,27.2727,2.3529,16.1765,0.4782,8,4.4118,0.8462,1
668,TACUSDT,LONG,2026-07-26 09:00:00 UTC,0.0034,0.00325,0.0038,8e-05,0.00308,0.00404,4.68,9.36,LOSS,-4.68,37,0,-1.1628,1.1905,-1.1628,27.2727,2.3529,16.1765,0.4864,9,4.4118,0.0,0
669,TACUSDT,LONG,2026-07-26 10:00:00 UTC,0.00345,0.00325,0.0038,8e-05,0.00308,0.00421,5.46,10.93,LOSS,-5.46,36,0,2.3669,0.5814,0.5814,36.3636,2.3188,15.942,0.5305,10,5.7971,0.5,1
670,TACUSDT,LONG,2026-07-26 11:00:00 UTC,0.00347,0.00325,0.0038,8e-05,0.00308,0.00425,5.6,11.2,LOSS,-5.6,35,0,2.6627,0.289,2.0588,40.0,2.3055,15.8501,0.5583,11,6.3401,0.3333,1
671,TACUSDT,LONG,2026-07-26 12:00:00 UTC,0.00344,0.00325,0.0038,8e-05,0.00308,0.00417,5.27,10.53,LOSS,-5.27,34,0,3.3033,-1.1494,-0.8646,34.5455,2.3256,15.9884,0.5827,12,5.5233,0.3333,0
672,TACUSDT,LONG,2026-07-26 13:00:00 UTC,0.00347,0.00325,0.0038,8e-05,0.00308,0.00423,5.54,11.08,LOSS,-5.54,33,0,4.5181,0.5797,-0.2874,40.0,2.3055,15.8501,0.606,13,6.3401,0.5,1
673,TACUSDT,LONG,2026-07-26 14:00:00 UTC,0.00347,0.00325,0.0038,8e-05,0.00309,0.00421,5.38,10.77,LOSS,-5.38,32,0,0.8721,0.289,-0.2874,40.0,2.3055,15.8501,0.6219,14,6.3401,0.0,0
674,TACUSDT,LONG,2026-07-26 15:00:00 UTC,0.00348,0.00325,0.0038,8e-05,0.0031,0.00426,5.56,11.11,LOSS,-5.56,31,0,3.5608,1.1594,-1.1331,41.8182,2.2989,15.8046,0.6508,15,6.6092,0.4,1
675,TACUSDT,LONG,2026-07-26 16:00:00 UTC,0.00341,0.00325,0.0038,8e-05,0.0031,0.00405,4.64,9.28,LOSS,-4.64,30,0,-0.5831,-2.5714,-2.849,29.0909,2.346,16.129,0.6612,16,4.6921,0.875,0
676,TACUSDT,LONG,2026-07-26 17:00:00 UTC,0.00345,0.00325,0.0038,8e-05,0.0031,0.00417,5.16,10.31,LOSS,-5.16,29,0,0.8746,-3.0812,-0.5747,36.3636,2.3188,15.942,0.6681,17,5.7971,0.7143,1
677,TACUSDT,LONG,2026-07-26 18:00:00 UTC,0.00344,0.00325,0.0038,7e-05,0.00311,0.00411,4.88,9.76,LOSS,-4.88,28,0,-1.1494,-3.0986,-1.7143,34.5455,2.0349,15.9884,0.5951,18,5.5233,0.3333,0
678,TACUSDT,LONG,2026-07-26 19:00:00 UTC,0.00343,0.00325,0.0038,7e-05,0.00311,0.00406,4.61,9.23,LOSS,-4.61,27,0,-1.4368,-2.2792,-0.5797,32.7273,2.0408,16.035,0.5846,19,5.2478,0.25,0
679,TACUSDT,LONG,2026-07-26 20:00:00 UTC,0.00342,0.00325,0.0038,7e-05,0.00312,0.00403,4.45,8.9,LOSS,-4.45,26,0,0.5882,-4.2017,-1.4409,30.9091,2.0468,16.0819,0.5366,20,4.9708,0.25,0
680,TACUSDT,LONG,2026-07-26 21:00:00 UTC,0.00342,0.00325,0.0038,7e-05,0.00312,0.004,4.3,8.6,LOSS,-4.3,25,0,-0.2915,-4.2017,-1.1561,30.9091,2.0468,16.0819,0.5119,21,4.9708,0.0,0
681,TACUSDT,LONG,2026-07-26 22:00:00 UTC,0.00343,0.00325,0.0038,7e-05,0.00312,0.00406,4.54,9.08,LOSS,-4.54,24,0,0.5848,-1.9943,-0.578,32.7273,2.0408,16.035,0.4907,22,5.2478,0.3333,1
682,TACUSDT,LONG,2026-07-26 23:00:00 UTC,0.00353,0.00325,0.0038,7e-05,0.00311,0.00437,5.93,11.87,LOSS,-5.93,23,0,5.6886,1.1461,3.8235,50.9091,1.983,15.5807,0.5134,23,7.932,0.7692,1
683,TACUSDT,LONG,2026-07-27 00:00:00 UTC,0.00358,0.00325,0.0038,7e-05,0.00311,0.00451,6.51,13.02,LOSS,-6.51,22,0,6.2315,1.7045,5.6047,60.0,1.9553,15.3631,0.5033,0,9.2179,0.625,1
684,TACUSDT,LONG,2026-07-27 01:00:00 UTC,0.00352,0.00325,0.0038,7e-05,0.00311,0.00433,5.76,11.51,LOSS,-5.76,21,0,4.7619,0.2849,6.0241,49.0909,1.9886,15.625,0.5446,1,7.6705,0.75,0
685,TACUSDT,LONG,2026-07-27 02:00:00 UTC,0.0035,0.00325,0.0038,7e-05,0.00311,0.00429,5.61,11.22,LOSS,-5.61,20,0,4.1543,-1.6807,6.6869,45.4545,2.0,15.7143,0.5249,2,7.1429,0.1429,0
686,TACUSDT,LONG,2026-07-27 03:00:00 UTC,0.00352,0.00325,0.0038,7e-05,0.00311,0.00434,5.78,11.57,LOSS,-5.78,19,0,5.3892,-4.0872,3.5294,49.0909,1.9886,15.625,0.5226,3,7.6705,0.3333,1
687,TACUSDT,LONG,2026-07-27 04:00:00 UTC,0.00347,0.00325,0.0038,7e-05,0.00311,0.00418,5.12,10.25,LOSS,-5.12,18,0,3.5821,-4.6703,2.0588,40.0,2.0173,15.8501,0.5648,4,6.3401,0.625,0
688,TACUSDT,LONG,2026-07-27 05:00:00 UTC,0.00343,0.00325,0.0038,7e-05,0.00311,0.00407,4.66,9.33,LOSS,-4.66,17,0,1.4793,-6.0274,-0.8671,32.7273,2.0408,16.035,0.599,5,5.2478,0.5714,0
689,TACUSDT,LONG,2026-07-27 06:00:00 UTC,0.0035,0.00325,0.0038,7e-05,0.00311,0.00429,5.64,11.29,LOSS,-5.64,16,0,4.1667,-2.7778,0.8646,45.4545,2.0,15.7143,0.6556,6,7.1429,0.6364,1
690,TACUSDT,LONG,2026-07-27 07:00:00 UTC,0.00321,0.00317,0.0038,9e-05,0.00298,0.00368,3.59,7.18,LOSS,-3.59,45,0,-3.3133,-10.585,-6.686,6.3492,2.8037,19.6262,1.052,7,1.2461,0.8788,0
691,TACUSDT,LONG,2026-07-27 08:00:00 UTC,0.0033,0.00317,0.0038,9e-05,0.00298,0.00395,4.88,9.76,LOSS,-4.88,45,0,-1.4925,-7.563,-4.8991,20.6349,2.7273,19.0909,1.142,8,3.9394,0.75,1
692,TACUSDT,LONG,2026-07-27 09:00:00 UTC,0.00333,0.00317,0.0038,9e-05,0.00298,0.00403,5.27,10.54,LOSS,-5.27,44,0,-2.0588,-6.7227,-4.0346,25.3968,2.7027,18.9189,1.1801,9,4.8048,0.375,1
693,TACUSDT,LONG,2026-07-27 10:00:00 UTC,0.0033,0.00317,0.0038,9e-05,0.00299,0.00394,4.78,9.55,LOSS,-4.78,42,0,-1.4881,-2.9326,-5.1576,20.6349,2.7273,19.0909,1.1837,10,3.9394,0.5,0
694,TACUSDT,LONG,2026-07-27 11:00:00 UTC,0.00337,0.00317,0.0038,9e-05,0.00299,0.00412,5.61,11.22,LOSS,-5.61,41,0,1.2012,-2.0349,-1.173,31.746,2.6706,18.6944,1.1558,11,5.9347,0.7778,1
695,TACUSDT,LONG,2026-07-27 12:00:00 UTC,0.00332,0.00317,0.0038,9e-05,0.00299,0.00396,4.86,9.72,LOSS,-4.86,40,0,-2.3529,-0.3003,-4.0462,23.8095,2.7108,18.9759,1.1571,12,4.5181,0.8333,0
696,TACUSDT,LONG,2026-07-27 13:00:00 UTC,0.00333,0.00317,0.0038,8e-05,0.003,0.004,4.99,9.98,LOSS,-4.99,39,0,-2.0588,0.3012,-3.1977,25.3968,2.4024,18.9189,1.1602,13,4.8048,0.25,1
697,TACUSDT,LONG,2026-07-27 14:00:00 UTC,0.00336,0.00317,0.0038,8e-05,0.003,0.00409,5.39,10.79,LOSS,-5.39,38,0,0.0,-1.4663,-2.0408,30.1587,2.381,18.75,1.1668,14,5.6548,0.3333,1
698,TACUSDT,LONG,2026-07-27 15:00:00 UTC,0.00326,0.00317,0.0038,9e-05,0.00299,0.00381,4.17,8.35,LOSS,-4.17,37,0,-3.5503,-5.2326,-4.6784,14.2857,2.7607,19.3252,1.2306,15,2.7607,0.7143,0
699,TACUSDT,LONG,2026-07-27 16:00:00 UTC,0.00323,0.00317,0.0038,9e-05,0.00299,0.00371,3.73,7.46,LOSS,-3.73,36,0,-5.8309,-6.1047,-5.5556,9.5238,2.7864,19.5046,1.2872,16,1.8576,0.2727,0
700,TACUSDT,LONG,2026-07-27 17:00:00 UTC,0.00325,0.00317,0.0038,9e-05,0.00299,0.00378,4.07,8.13,LOSS,-4.07,35,0,-4.9708,-4.4118,-5.5233,12.6984,2.7692,19.3846,0.9097,17,2.4615,0.25,1
701,TACUSDT,LONG,2026-07-27 18:00:00 UTC,0.00322,0.00317,0.0038,9e-05,0.00299,0.00367,3.52,7.05,LOSS,-3.52,34,0,-6.3953,-7.2046,-8.7819,7.9365,2.795,19.5652,0.8165,18,1.5528,0.4286,0
702,TACUSDT,LONG,2026-07-27 19:00:00 UTC,0.0032,0.00317,0.0038,9e-05,0.003,0.0036,3.17,6.33,LOSS,-3.17,33,0,-4.7619,-8.046,-10.6145,4.7619,2.8125,19.6875,0.7532,19,0.9375,0.4,0
703,TACUSDT,LONG,2026-07-27 20:00:00 UTC,0.00319,0.00316,0.0038,8e-05,0.003,0.00358,3.08,6.15,LOSS,-3.08,32,0,-2.7439,-8.3333,-9.375,4.6875,2.5078,20.0627,0.7572,20,0.9404,0.2,0
704,TACUSDT,LONG,2026-07-27 21:00:00 UTC,0.00317,0.00316,0.0038,8e-05,0.003,0.00351,2.65,5.3,LOSS,-2.65,1,0,-3.6474,-10.1983,-9.6866,1.5625,2.5237,20.1893,0.715,21,0.3155,0.6667,0
705,TACUSDT,LONG,2026-07-27 22:00:00 UTC,0.00316,0.003,0.0038,9e-05,0.00282,0.00383,5.3,10.6,LOSS,-5.3,356,0,-5.1051,-9.9715,-10.2273,20.0,2.8481,25.3165,0.9205,22,5.0633,0.0476,0
706,TACUSDT,LONG,2026-07-27 23:00:00 UTC,0.00312,0.003,0.0038,9e-05,0.00282,0.00371,4.75,9.49,LOSS,-4.75,355,0,-5.7402,-10.3448,-10.0865,15.0,2.8846,25.641,0.9958,23,3.8462,0.5,0
707,TACUSDT,LONG,2026-07-28 00:00:00 UTC,0.00314,0.003,0.0038,9e-05,0.00283,0.00376,4.97,9.93,LOSS,-4.97,354,0,-6.8249,-10.2857,-8.4548,17.5,2.8662,25.4777,1.0138,0,4.4586,0.25,1
708,TACUSDT,LONG,2026-07-28 01:00:00 UTC,0.00315,0.003,0.0038,9e-05,0.00283,0.0038,5.15,10.31,LOSS,-5.15,353,0,-5.9701,-8.6957,-10.0,18.75,2.8571,25.3968,0.9796,1,4.7619,0.1429,1
709,TACUSDT,LONG,2026-07-28 02:00:00 UTC,0.00312,0.003,0.0038,8e-05,0.00283,0.00369,4.6,9.2,LOSS,-4.6,352,0,-8.2353,-10.0865,-2.8037,15.0,2.5641,25.641,0.8792,2,3.8462,0.5,0
710,TACUSDT,LONG,2026-07-28 03:00:00 UTC,0.00316,0.003,0.0038,9e-05,0.00283,0.00383,5.32,10.63,LOSS,-5.32,351,0,-7.0588,-8.6705,-4.2424,20.0,2.8481,25.3165,0.9026,3,5.0633,0.3077,1
711,TACUSDT,LONG,2026-07-28 04:00:00 UTC,0.00313,0.003,0.0038,8e-05,0.00283,0.00373,4.77,9.55,LOSS,-4.77,350,0,-6.8452,-9.5376,-6.006,16.25,2.5559,25.5591,0.9001,4,4.1534,0.75,0
712,TACUSDT,LONG,2026-07-28 05:00:00 UTC,0.00315,0.003,0.0038,8e-05,0.00283,0.00379,5.07,10.15,LOSS,-5.07,349,0,-6.8047,-7.3529,-4.8338,18.75,2.5397,25.3968,0.9573,5,4.7619,0.2222,1
713,TACUSDT,LONG,2026-07-28 06:00:00 UTC,0.00313,0.003,0.0038,8e-05,0.00283,0.00374,4.8,9.61,LOSS,-4.8,348,0,-8.4548,-7.3746,-6.8249,16.25,2.5559,25.5591,0.9633,6,4.1534,0.1429,0
714,TACUSDT,LONG,2026-07-28 07:00:00 UTC,0.00308,0.003,0.0038,8e-05,0.00283,0.00359,4.07,8.13,LOSS,-4.07,347,0,-10.2041,-7.2289,-7.2289,10.0,2.5974,25.974,1.038,7,2.5974,0.625,0
715,TACUSDT,LONG,2026-07-28 08:00:00 UTC,0.0031,0.003,0.0038,8e-05,0.00284,0.00363,4.27,8.54,LOSS,-4.27,346,0,-9.621,-5.7751,-6.9069,12.5,2.5806,25.8065,0.8398,8,3.2258,0.5,1
716,TACUSDT,LONG,2026-07-28 09:00:00 UTC,0.00308,0.003,0.0038,8e-05,0.00284,0.00355,3.83,7.66,WIN,7.66,198,1,-11.2392,-9.4118,-8.3333,10.0,2.5974,25.974,0.763,9,2.5974,0.3333,0
717,TACUSDT,LONG,2026-07-28 10:00:00 UTC,0.00306,0.003,0.0038,8e-05,0.00285,0.00349,3.5,6.99,WIN,6.99,185,1,-9.4675,-10.0,-6.135,7.5,2.6144,26.1438,0.7113,10,1.9608,0.6667,0
718,TACUSDT,LONG,2026-07-28 11:00:00 UTC,0.00307,0.003,0.0038,7e-05,0.00285,0.0035,3.51,7.02,WIN,7.02,184,1,-8.631,-11.2717,-4.9536,8.75,2.2801,26.0586,0.6739,11,2.2801,0.25,1
719,TACUSDT,LONG,2026-07-28 12:00:00 UTC,0.00307,0.003,0.0038,7e-05,0.00286,0.0035,3.5,7.0,WIN,7.0,183,1,-10.7558,-11.5274,-5.5385,8.75,2.2801,26.0586,0.6731,12,2.2801,0.0,0
720,TACUSDT,LONG,2026-07-28 13:00:00 UTC,0.00304,0.003,0.0038,7e-05,0.00286,0.00341,3.04,6.09,WIN,6.09,179,1,-12.1387,-11.6279,-5.5901,5.0,2.3026,26.3158,0.6487,13,1.3158,0.4286,0
721,TACUSDT,LONG,2026-07-28 14:00:00 UTC,0.00304,0.003,0.0038,7e-05,0.00286,0.0034,2.94,5.89,WIN,5.89,178,1,-12.6437,-12.3919,-5.0,5.0,2.3026,26.3158,0.7175,14,1.3158,0.0,0
722,TACUSDT,LONG,2026-07-28 15:00:00 UTC,0.00305,0.003,0.0038,7e-05,0.00286,0.00344,3.18,6.36,WIN,6.36,177,1,-11.5942,-12.1037,-4.3887,6.25,2.2951,26.2295,0.7211,15,1.6393,0.1429,1
723,TACUSDT,LONG,2026-07-28 16:00:00 UTC,0.00317,0.003,0.0038,7e-05,0.00285,0.0038,4.96,9.92,LOSS,-4.96,338,0,-8.3815,-9.1691,0.0,21.25,2.2082,25.2366,0.8267,16,5.3628,1.0,1
724,TACUSDT,LONG,2026-07-28 17:00:00 UTC,0.00315,0.003,0.0038,8e-05,0.00285,0.00375,4.76,9.52,LOSS,-4.76,337,0,-8.6957,-7.6246,-0.3165,18.75,2.5397,25.3968,0.8509,17,4.7619,0.2,0
725,TACUSDT,LONG,2026-07-28 18:00:00 UTC,0.00314,0.003,0.0038,7e-05,0.00285,0.00371,4.53,9.06,LOSS,-4.53,336,0,-10.2857,-9.2486,0.641,17.5,2.2293,25.4777,0.8371,18,4.4586,0.25,0
726,TACUSDT,LONG,2026-07-28 19:00:00 UTC,0.00312,0.003,0.0038,7e-05,0.00286,0.00363,4.15,8.3,LOSS,-4.15,335,0,-12.605,-9.3023,-0.6369,15.0,2.2436,25.641,0.8283,19,3.8462,0.4,0
727,TACUSDT,LONG,2026-07-28 20:00:00 UTC,0.00312,0.003,0.0038,7e-05,0.00286,0.00363,4.09,8.17,LOSS,-4.09,334,0,-12.1127,-9.0379,-0.9524,15.0,2.2436,25.641,0.8429,20,3.8462,0.0,0
728,TACUSDT,LONG,2026-07-28 21:00:00 UTC,0.00313,0.003,0.0038,7e-05,0.00287,0.00365,4.19,8.38,LOSS,-4.19,325,0,-10.8262,-8.4795,0.3205,16.25,2.2364,25.5591,0.8772,21,4.1534,0.2,1
729,TACUSDT,LONG,2026-07-28 22:00:00 UTC,0.00311,0.003,0.0038,7e-05,0.00287,0.00359,3.87,7.74,LOSS,-3.87,323,0,-12.8852,-9.0643,-1.5823,13.75,2.2508,25.7235,0.855,22,3.537,0.5,0
730,TACUSDT,LONG,2026-07-28 23:00:00 UTC,0.0031,0.003,0.0038,7e-05,0.00286,0.00358,3.85,7.71,LOSS,-3.85,331,0,-13.1653,-9.8837,-0.9585,12.5,2.2581,25.8065,0.9821,23,3.2258,0.1,0
731,TACUSDT,LONG,2026-07-29 00:00:00 UTC,0.00311,0.003,0.0038,6e-05,0.00287,0.00358,3.82,7.64,LOSS,-3.82,321,0,-11.396,-11.898,-1.2698,13.75,1.9293,25.7235,0.9205,0,3.537,0.5,1
732,TACUSDT,LONG,2026-07-29 01:00:00 UTC,0.0031,0.003,0.0038,6e-05,0.00287,0.00355,3.67,7.35,WIN,7.35,182,1,-11.1748,-13.4078,-1.2739,12.5,1.9355,25.8065,0.8658,1,3.2258,0.2,0
733,TACUSDT,LONG,2026-07-29 02:00:00 UTC,0.00304,0.003,0.0038,6e-05,0.00287,0.00339,2.85,5.71,WIN,5.71,166,1,-13.6364,-13.6364,-1.2987,5.0,1.9737,26.3158,0.7437,2,1.3158,0.75,0
734,TACUSDT,LONG,2026-07-29 03:00:00 UTC,0.00304,0.003,0.0038,6e-05,0.00287,0.00338,2.78,5.55,WIN,5.55,58,1,-13.3903,-13.3903,-1.9355,5.0,1.9737,26.3158,0.6574,3,1.3158,0.0,0
735,TACUSDT,LONG,2026-07-29 04:00:00 UTC,0.00299,0.00298,0.0038,6e-05,0.00285,0.00326,2.28,4.55,WIN,4.55,34,1,-16.2465,-15.0568,-2.9221,1.2195,2.0067,27.4247,0.6953,4,0.3344,0.8333,0
736,TACUSDT,LONG,2026-07-29 05:00:00 UTC,0.00302,0.00293,0.0038,6e-05,0.00281,0.00344,3.49,6.99,WIN,6.99,163,1,-17.9837,-13.2565,-1.634,10.3448,1.9868,28.8079,0.7626,5,2.9801,0.25,1
737,TACUSDT,LONG,2026-07-29 06:00:00 UTC,0.00307,0.00293,0.0038,6e-05,0.00281,0.0036,4.3,8.6,LOSS,-4.3,370,0,-15.6593,-10.4956,0.0,16.092,1.9544,28.3388,0.8091,6,4.5603,0.7143,1
738,TACUSDT,LONG,2026-07-29 07:00:00 UTC,0.00303,0.00293,0.0038,6e-05,0.00281,0.00348,3.66,7.33,WIN,7.33,164,1,-16.9863,-13.4286,-1.3029,11.4943,1.9802,28.7129,0.7866,7,3.3003,1.0,0
739,TACUSDT,LONG,2026-07-29 08:00:00 UTC,0.00304,0.00293,0.0038,6e-05,0.00281,0.00349,3.7,7.4,WIN,7.4,163,1,-15.5556,-5.296,0.0,12.6437,1.9737,28.6184,0.7977,8,3.6184,0.3333,1
740,TACUSDT,LONG,2026-07-29 09:00:00 UTC,0.00302,0.00293,0.0038,6e-05,0.00282,0.00344,3.43,6.86,WIN,6.86,159,1,-15.8774,-8.4848,-0.6579,10.3448,1.9868,28.8079,0.6338,9,2.9801,0.6667,0
741,TACUSDT,LONG,2026-07-29 10:00:00 UTC,0.00302,0.00293,0.0038,6e-05,0.00282,0.0034,3.21,6.43,WIN,6.43,158,1,-15.4062,-9.3093,-0.9836,10.3448,1.9868,28.8079,0.6296,10,2.9801,0.0,0
742,TACUSDT,LONG,2026-07-29 11:00:00 UTC,0.00301,0.00293,0.0038,5e-05,0.00282,0.00339,3.14,6.29,WIN,6.29,157,1,-15.4062,-8.7613,-4.7319,9.1954,1.6611,28.9037,0.6078,11,2.6578,0.0,0
743,TACUSDT,LONG,2026-07-29 12:00:00 UTC,0.00302,0.00293,0.00362,5e-05,0.00283,0.00342,3.25,6.5,WIN,6.5,156,1,-11.437,-10.3858,-4.127,13.0435,1.6556,22.8477,0.6261,12,2.9801,0.25,1
744,TACUSDT,LONG,2026-07-29 13:00:00 UTC,0.00305,0.00293,0.00359,5e-05,0.00283,0.00349,3.59,7.17,WIN,7.17,158,1,-11.3372,-8.1325,-2.8662,18.1818,1.6393,21.6393,0.6756,13,3.9344,0.75,1
745,TACUSDT,LONG,2026-07-29 14:00:00 UTC,0.00306,0.00293,0.00359,5e-05,0.00283,0.00351,3.72,7.43,WIN,7.43,157,1,-8.1081,-8.1081,-1.9231,19.697,1.634,21.5686,0.6661,14,4.2484,0.25,1
746,TACUSDT,LONG,2026-07-29 15:00:00 UTC,0.00308,0.00293,0.00359,5e-05,0.00283,0.00358,4.04,8.08,LOSS,-4.04,315,0,-7.2289,-8.3333,-1.2821,22.7273,1.6234,21.4286,0.6375,15,4.8701,0.5,1
747,TACUSDT,LONG,2026-07-29 16:00:00 UTC,0.00314,0.00293,0.00359,5e-05,0.00283,0.00377,4.98,9.96,LOSS,-4.98,314,0,-7.9179,-3.681,0.3195,31.8182,1.5924,21.0191,0.6677,16,6.6879,0.8571,1
748,TACUSDT,LONG,2026-07-29 17:00:00 UTC,0.00317,0.00293,0.00359,6e-05,0.00282,0.00386,5.46,10.92,LOSS,-5.46,358,0,-7.8488,-1.8576,1.9293,36.3636,1.8927,20.8202,0.7357,17,7.571,0.3333,1
749,TACUSDT,LONG,2026-07-29 18:00:00 UTC,0.00318,0.00293,0.00359,6e-05,0.00282,0.00389,5.58,11.16,LOSS,-5.58,357,0,-7.8488,-2.4615,2.2581,37.8788,1.8868,20.7547,0.799,18,7.8616,0.0,0
750,TACUSDT,LONG,2026-07-29 19:00:00 UTC,0.00318,0.00293,0.00359,6e-05,0.00282,0.00391,5.69,11.39,LOSS,-5.69,356,0,-6.1765,-0.9317,2.5723,37.8788,1.8868,20.7547,0.8339,19,7.8616,0.2,1
751,TACUSDT,LONG,2026-07-29 20:00:00 UTC,0.00316,0.00293,0.00359,6e-05,0.00282,0.00385,5.44,10.88,LOSS,-5.44,355,0,-8.9337,-1.25,1.9355,34.8485,1.8987,20.8861,0.8646,20,7.2785,0.25,0
752,TACUSDT,LONG,2026-07-29 21:00:00 UTC,0.00311,0.00293,0.00359,6e-05,0.00281,0.00369,4.71,9.41,LOSS,-4.71,355,0,-10.6322,-2.5078,2.3026,27.2727,1.9293,21.2219,0.8812,21,5.7878,0.625,0
753,TACUSDT,LONG,2026-07-29 22:00:00 UTC,0.00314,0.00293,0.00359,6e-05,0.00282,0.00379,5.19,10.37,LOSS,-5.19,354,0,-9.7701,-0.9464,3.2895,31.8182,1.9108,21.0191,0.8864,22,6.6879,0.6,1
754,TACUSDT,LONG,2026-07-29 23:00:00 UTC,0.00311,0.00293,0.00359,6e-05,0.00282,0.00371,4.77,9.54,LOSS,-4.77,353,0,-11.898,-1.5823,4.0134,27.2727,1.9293,21.2219,0.8553,23,5.7878,0.6,0
755,TACUSDT,LONG,2026-07-30 00:00:00 UTC,0.0031,0.00293,0.00359,6e-05,0.00282,0.00366,4.51,9.01,LOSS,-4.51,351,0,-11.6809,-0.641,2.99,25.7576,1.9355,21.2903,0.8207,0,5.4839,0.3333,0
756,TACUSDT,LONG,2026-07-30 01:00:00 UTC,0.00307,0.00293,0.00359,6e-05,0.00282,0.00357,4.04,8.09,LOSS,-4.04,350,0,-11.7816,-2.2293,0.0,21.2121,1.9544,21.4984,0.8367,1,4.5603,0.5,0
757,TACUSDT,LONG,2026-07-30 02:00:00 UTC,0.0031,0.00293,0.00359,6e-05,0.00282,0.00367,4.57,9.15,LOSS,-4.57,349,0,-11.1429,-1.2698,2.6403,25.7576,1.9355,21.2903,0.7789,2,5.4839,0.5714,1
758,TACUSDT,LONG,2026-07-30 03:00:00 UTC,0.00307,0.00293,0.00359,6e-05,0.00282,0.00356,4.01,8.03,WIN,8.03,156,1,-11.0145,-1.6026,0.9868,21.2121,1.9544,21.4984,0.7005,3,4.5603,0.6,0
759,TACUSDT,LONG,2026-07-30 04:00:00 UTC,0.0031,0.00293,0.00359,6e-05,0.00282,0.00365,4.45,8.9,LOSS,-4.45,347,0,-10.6628,-1.8987,2.649,25.7576,1.9355,21.2903,0.6562,4,5.4839,0.5,1
760,TACUSDT,LONG,2026-07-30 05:00:00 UTC,0.00309,0.00293,0.00359,6e-05,0.00282,0.00361,4.26,8.51,LOSS,-4.26,301,0,-10.6936,-1.278,2.3179,24.2424,1.9417,21.3592,0.6104,5,5.178,0.25,0
761,TACUSDT,LONG,2026-07-30 06:00:00 UTC,0.00309,0.00293,0.00359,5e-05,0.00282,0.00363,4.35,8.7,LOSS,-4.35,300,0,-10.4046,-1.5873,2.649,24.2424,1.6181,21.3592,0.5967,6,5.178,0.2,1
762,TACUSDT,LONG,2026-07-30 07:00:00 UTC,0.00308,0.00293,0.00359,5e-05,0.00283,0.00359,4.12,8.25,LOSS,-4.12,299,0,-9.4118,-1.9108,1.9868,22.7273,1.6234,21.4286,0.564,7,4.8701,0.3333,0
763,TACUSDT,LONG,2026-07-30 08:00:00 UTC,0.00309,0.00293,0.00359,5e-05,0.00283,0.00361,4.21,8.41,LOSS,-4.21,298,0,-8.8496,0.3247,1.3115,24.2424,1.6181,21.3592,0.5917,8,5.178,0.2,1
764,TACUSDT,LONG,2026-07-30 09:00:00 UTC,0.00311,0.00293,0.00359,5e-05,0.00283,0.00369,4.62,9.24,LOSS,-4.62,297,0,-6.3253,0.3226,1.634,27.2727,1.6077,21.2219,0.5917,9,5.7878,0.2857,1
765,TACUSDT,LONG,2026-07-30 10:00:00 UTC,0.00316,0.00293,0.00359,5e-05,0.00283,0.00382,5.25,10.49,LOSS,-5.25,296,0,-3.9514,2.5974,2.5974,34.8485,1.5823,20.8861,0.5975,10,7.2785,0.8333,1
766,TACUSDT,LONG,2026-07-30 11:00:00 UTC,0.0032,0.00293,0.00359,6e-05,0.00282,0.00395,5.88,11.76,LOSS,-5.88,340,0,-5.8824,4.5752,1.9108,40.9091,1.875,20.625,0.6752,11,8.4375,0.5,1
767,TACUSDT,LONG,2026-07-30 12:00:00 UTC,0.00323,0.00293,0.00359,6e-05,0.00282,0.00403,6.26,12.52,LOSS,-6.26,339,0,-5.0,5.2117,1.8927,45.4545,1.8576,20.4334,0.7224,12,9.2879,0.6,1
768,TACUSDT,LONG,2026-07-30 13:00:00 UTC,0.00322,0.00293,0.00359,6e-05,0.00282,0.00402,6.21,12.43,LOSS,-6.21,338,0,-6.9364,4.886,1.5773,43.9394,1.8634,20.4969,0.7944,13,9.0062,0.125,0
769,TACUSDT,LONG,2026-07-30 14:00:00 UTC,0.0033,0.00293,0.00359,6e-05,0.00281,0.00428,7.39,14.78,LOSS,-7.39,338,0,-4.8991,8.5526,3.4483,56.0606,1.8182,20.0,0.9767,14,11.2121,0.7273,1
770,TACUSDT,LONG,2026-07-30 15:00:00 UTC,0.00325,0.00293,0.00359,6e-05,0.00281,0.00413,6.76,13.52,LOSS,-6.76,337,0,-5.5233,6.9079,2.8481,48.4848,1.8462,20.3077,1.0548,15,9.8462,0.5556,0
771,TACUSDT,LONG,2026-07-30 16:00:00 UTC,0.00328,0.00293,0.00359,7e-05,0.0028,0.00422,7.24,14.48,LOSS,-7.24,336,0,-5.4755,7.541,5.4662,53.0303,2.1341,20.122,1.1572,16,10.6707,0.25,1
772,TACUSDT,LONG,2026-07-30 17:00:00 UTC,0.00323,0.00293,0.00359,7e-05,0.0028,0.0041,6.7,13.41,LOSS,-6.7,335,0,-6.6282,2.2082,3.1847,45.4545,2.1672,20.4334,1.2124,17,9.2879,0.5,0
773,TACUSDT,LONG,2026-07-30 18:00:00 UTC,0.00325,0.00293,0.00359,6e-05,0.0028,0.00414,6.85,13.69,LOSS,-6.85,334,0,-6.8768,3.1746,4.5016,48.4848,1.8462,20.3077,1.1927,18,9.8462,0.5,1
774,TACUSDT,LONG,2026-07-30 19:00:00 UTC,0.00326,0.00293,0.00359,6e-05,0.00281,0.00417,6.98,13.97,LOSS,-6.98,333,0,-4.3988,3.8217,5.1613,50.0,1.8405,20.2454,1.2212,19,10.1227,0.1667,1
775,TACUSDT,LONG,2026-07-30 20:00:00 UTC,0.00323,0.00293,0.00359,6e-05,0.00281,0.00408,6.57,13.13,LOSS,-6.57,332,0,-6.6474,3.5256,5.2117,45.4545,1.8576,20.4334,1.2244,20,9.2879,0.5,0
776,TACUSDT,LONG,2026-07-30 21:00:00 UTC,0.00322,0.00293,0.00359,6e-05,0.00281,0.00403,6.34,12.67,LOSS,-6.34,331,0,-6.3953,3.2051,3.537,43.9394,1.8634,20.4969,1.0805,21,9.0062,0.2,0
777,TACUSDT,LONG,2026-07-30 22:00:00 UTC,0.00325,0.00293,0.00359,6e-05,0.00281,0.00411,6.67,13.34,LOSS,-6.67,330,0,-5.2478,3.8339,5.8632,48.4848,1.8462,20.3077,1.0112,22,9.8462,0.6,1
778,TACUSDT,LONG,2026-07-30 23:00:00 UTC,0.00314,0.00293,0.00359,7e-05,0.0028,0.0038,5.3,10.59,LOSS,-5.3,329,0,-8.1871,0.9646,1.2903,31.8182,2.2293,21.0191,1.0198,23,6.6879,0.9167,0
779,TACUSDT,LONG,2026-07-31 00:00:00 UTC,0.00317,0.00293,0.00359,7e-05,0.0028,0.0039,5.81,11.62,LOSS,-5.81,328,0,-7.3099,2.2581,2.589,36.3636,2.2082,20.8202,0.8717,0,7.571,0.3,1
780,TACUSDT,LONG,2026-07-31 01:00:00 UTC,0.00324,0.00293,0.00359,8e-05,0.00278,0.00416,7.1,14.19,LOSS,-7.1,327,0,-5.814,4.1801,4.5161,46.9697,2.4691,20.3704,0.9446,1,9.5679,0.3684,1
781,TACUSDT,LONG,2026-07-31 02:00:00 UTC,0.00325,0.00293,0.00359,7e-05,0.00279,0.00417,7.12,14.25,LOSS,-7.12,326,0,-7.932,4.8387,5.5195,48.4848,2.1538,20.3077,0.8421,2,9.8462,0.25,1
782,TACUSDT,LONG,2026-07-31 03:00:00 UTC,0.00327,0.00293,0.00359,7e-05,0.00279,0.00424,7.38,14.75,LOSS,-7.38,325,0,-8.6592,7.5658,5.8252,51.5152,2.1407,20.1835,0.8107,3,10.3976,0.5,1
783,TACUSDT,LONG,2026-07-31 04:00:00 UTC,0.00329,0.00293,0.00359,7e-05,0.00279,0.00429,7.59,15.17,LOSS,-7.59,324,0,-6.5341,8.2237,5.7878,54.5455,2.1277,20.0608,0.8202,4,10.9422,0.2857,1
784,TACUSDT,LONG,2026-07-31 05:00:00 UTC,0.00328,0.00293,0.00356,7e-05,0.00279,0.00425,7.39,14.78,LOSS,-7.39,323,0,-6.5527,9.699,3.7975,55.5556,2.1341,19.2073,0.7804,5,10.6707,0.25,0
785,TACUSDT,LONG,2026-07-31 06:00:00 UTC,0.00332,0.00293,0.00353,7e-05,0.00279,0.00438,8.02,16.04,LOSS,-8.02,322,0,-5.6818,10.299,3.75,65.0,2.1084,18.0723,0.839,6,11.747,0.3333,1
786,TACUSDT,LONG,2026-07-31 07:00:00 UTC,0.00333,0.00293,0.00353,7e-05,0.00279,0.00441,8.11,16.21,LOSS,-8.11,321,0,-4.0346,8.4691,3.096,66.6667,2.1021,18.018,0.9142,7,12.012,0.1667,1
787,TACUSDT,LONG,2026-07-31 08:00:00 UTC,0.00334,0.00293,0.00352,7e-05,0.00279,0.00443,8.19,16.38,LOSS,-8.19,320,0,-2.6239,10.231,3.7267,69.4915,2.0958,17.6647,0.9577,8,12.2754,0.2,1
788,TACUSDT,LONG,2026-07-31 09:00:00 UTC,0.00333,0.00293,0.00352,7e-05,0.00279,0.00441,8.07,16.13,LOSS,-8.07,319,0,-4.8571,9.5395,0.9091,67.7966,2.1021,17.7177,0.9005,9,12.012,0.1667,0
789,TACUSDT,LONG,2026-07-31 10:00:00 UTC,0.00332,0.00293,0.0035,7e-05,0.0028,0.00437,7.89,15.78,LOSS,-7.89,318,0,3.7383,10.2649,2.4615,68.4211,2.1084,17.1687,0.8419,10,11.747,0.0,0
790,TACUSDT,LONG,2026-07-31 11:00:00 UTC,0.0033,0.00293,0.00339,7e-05,0.0028,0.0043,7.59,15.17,LOSS,-7.59,317,0,0.0,9.2715,0.6098,80.4348,2.1212,13.9394,0.7808,11,11.2121,0.25,0
791,TACUSDT,LONG,2026-07-31 12:00:00 UTC,0.00335,0.00293,0.00339,7e-05,0.0028,0.00446,8.26,16.52,LOSS,-8.26,316,0,0.6006,10.9272,3.3951,91.3043,2.0896,13.7313,0.8249,12,12.5373,0.8333,1
792,TACUSDT,LONG,2026-07-31 13:00:00 UTC,0.0033,0.00293,0.00339,7e-05,0.00279,0.00434,7.82,15.64,LOSS,-7.82,315,0,-0.3021,9.2715,1.5385,80.4348,2.1212,13.9394,0.9625,13,11.2121,0.3333,0
793,TACUSDT,LONG,2026-07-31 14:00:00 UTC,0.00325,0.00293,0.00339,7e-05,0.00278,0.00417,7.11,14.23,LOSS,-7.11,314,0,-3.5608,6.5574,-0.3067,69.5652,2.1538,14.1538,1.0141,14,9.8462,0.5556,0
794,TACUSDT,LONG,2026-07-31 15:00:00 UTC,0.00323,0.00293,0.00339,7e-05,0.00279,0.00412,6.84,13.68,LOSS,-6.84,313,0,-2.7108,5.5556,0.0,65.2174,2.1672,14.2415,1.0432,15,9.2879,0.4,0
795,TACUSDT,LONG,2026-07-31 16:00:00 UTC,0.00323,0.00293,0.00339,7e-05,0.00279,0.0041,6.74,13.48,LOSS,-6.74,312,0,-3.003,4.8701,0.3106,65.2174,2.1672,14.2415,0.9842,16,9.2879,0.0,0
796,TACUSDT,LONG,2026-07-31 17:00:00 UTC,0.00322,0.00293,0.00339,7e-05,0.00279,0.00407,6.61,13.23,LOSS,-6.61,311,0,-4.1667,2.5478,-0.9231,63.0435,2.1739,14.2857,0.9875,17,9.0062,0.1429,0
797,TACUSDT,LONG,2026-07-31 18:00:00 UTC,0.00324,0.00293,0.00339,7e-05,0.0028,0.00413,6.84,13.68,LOSS,-6.84,310,0,-0.6135,2.2082,3.1847,67.3913,2.1605,14.1975,0.9556,18,9.5679,0.5,1
798,TACUSDT,LONG,2026-07-31 19:00:00 UTC,0.00322,0.00293,0.00339,7e-05,0.0028,0.00405,6.48,12.96,LOSS,-6.48,309,0,-0.3096,1.5773,1.5773,63.0435,2.1739,14.2857,0.9344,19,9.0062,0.6667,0
799,TACUSDT,LONG,2026-07-31 20:00:00 UTC,0.00325,0.00293,0.00339,7e-05,0.0028,0.00415,6.89,13.78,LOSS,-6.89,308,0,0.0,1.8809,0.3086,69.5652,2.1538,14.1538,0.979,20,9.8462,0.5,1
800,TACUSDT,LONG,2026-07-31 21:00:00 UTC,0.00322,0.00293,0.00339,6e-05,0.00281,0.00405,6.43,12.87,LOSS,-6.43,307,0,0.0,1.8987,-0.9231,63.0435,1.8634,14.2857,0.9015,21,9.0062,0.75,0
801,TACUSDT,LONG,2026-07-31 22:00:00 UTC,0.00321,0.00293,0.00339,7e-05,0.0028,0.00403,6.38,12.77,LOSS,-6.38,306,0,0.3125,3.2154,-1.8349,60.8696,2.1807,14.3302,0.9076,22,8.7227,0.1111,0
802,TACUSDT,LONG,2026-07-31 23:00:00 UTC,0.00318,0.00293,0.00339,6e-05,0.00281,0.00394,5.94,11.89,LOSS,-5.94,305,0,-0.3135,1.2739,-3.3435,54.3478,1.8868,14.4654,0.7601,23,7.8616,0.6,0
803,TACUSDT,LONG,2026-08-01 00:00:00 UTC,0.00319,0.00293,0.00339,6e-05,0.00281,0.00393,5.87,11.74,LOSS,-5.87,304,0,0.6309,2.5723,-2.7439,56.5217,1.8809,14.4201,0.6813,0,8.1505,0.3333,1
804,TACUSDT,LONG,2026-08-01 01:00:00 UTC,0.00327,0.00293,0.00339,6e-05,0.00281,0.00418,7.02,14.03,LOSS,-7.02,303,0,3.481,5.4839,-1.506,73.913,1.8349,14.0673,0.6917,1,10.3976,0.8,1
805,TACUSDT,LONG,2026-08-01 02:00:00 UTC,0.00327,0.00293,0.00339,6e-05,0.00281,0.00419,7.04,14.07,LOSS,-7.04,302,0,4.8077,6.5147,-1.8018,73.913,1.8349,14.0673,0.7565,2,10.3976,0.0,0
806,TACUSDT,LONG,2026-08-01 03:00:00 UTC,0.00325,0.00293,0.00339,6e-05,0.00281,0.00412,6.69,13.37,LOSS,-6.69,301,0,3.5032,4.5016,-2.6946,69.5652,1.8462,14.1538,0.6754,3,9.8462,0.5,0
807,TACUSDT,LONG,2026-08-01 04:00:00 UTC,0.00327,0.00293,0.00339,6e-05,0.00282,0.00418,6.96,13.93,LOSS,-6.96,300,0,3.8095,6.5147,-1.8018,73.913,1.8349,14.0673,0.6912,4,10.3976,0.5,1
808,TACUSDT,LONG,2026-08-01 05:00:00 UTC,0.00324,0.00293,0.00339,6e-05,0.00282,0.0041,6.57,13.14,LOSS,-6.57,298,0,3.8462,4.5161,-2.7027,67.3913,1.8519,14.1975,0.7386,5,9.5679,0.6,0
809,TACUSDT,LONG,2026-08-01 06:00:00 UTC,0.00328,0.00293,0.00339,6e-05,0.00282,0.00419,6.96,13.92,LOSS,-6.96,297,0,3.7975,6.1489,-0.6061,76.087,1.8293,14.0244,0.7193,6,10.6707,1.0,1
810,TACUSDT,LONG,2026-08-01 07:00:00 UTC,0.00328,0.00293,0.00339,6e-05,0.00282,0.00421,7.03,14.07,LOSS,-7.03,296,0,4.7923,5.8065,-2.0896,76.087,1.8293,14.0244,0.7436,7,10.6707,0.0,0
811,TACUSDT,LONG,2026-08-01 08:00:00 UTC,0.00331,0.00293,0.00339,6e-05,0.00282,0.0043,7.43,14.86,LOSS,-7.43,295,0,5.0794,7.4675,0.303,82.6087,1.8127,13.8973,0.6964,8,11.4804,0.75,1
812,TACUSDT,LONG,2026-08-01 09:00:00 UTC,0.00332,0.00293,0.00339,6e-05,0.00282,0.00431,7.47,14.94,LOSS,-7.47,249,0,5.7325,7.4434,2.1538,84.7826,1.8072,13.8554,0.7352,9,11.747,0.25,1
813,TACUSDT,LONG,2026-08-01 10:00:00 UTC,0.00329,0.00293,0.00339,5e-05,0.00282,0.00421,7.05,14.09,LOSS,-7.05,248,0,6.8182,5.7878,1.8576,78.2609,1.5198,13.9818,0.7859,10,10.9422,0.6,0
814,TACUSDT,LONG,2026-08-01 11:00:00 UTC,0.00327,0.00293,0.00339,5e-05,0.00283,0.00416,6.81,13.62,LOSS,-6.81,247,0,5.4839,3.481,1.2384,73.913,1.5291,14.0673,0.7388,11,10.3976,0.5,0
815,TACUSDT,LONG,2026-08-01 12:00:00 UTC,0.00326,0.00293,0.00339,5e-05,0.00283,0.00413,6.68,13.36,LOSS,-6.68,246,0,5.8442,1.875,1.2422,71.7391,1.5337,14.1104,0.6882,12,10.1227,0.1667,0
816,TACUSDT,LONG,2026-08-01 13:00:00 UTC,0.00327,0.00293,0.00339,5e-05,0.00283,0.00414,6.66,13.32,LOSS,-6.66,245,0,6.8627,1.2384,0.9259,73.913,1.5291,14.0673,0.6737,13,10.3976,0.5,1
817,TACUSDT,LONG,2026-08-01 14:00:00 UTC,0.00326,0.00293,0.00339,5e-05,0.00283,0.00411,6.52,13.04,LOSS,-6.52,244,0,6.1889,1.2422,1.2422,71.7391,1.5337,14.1104,0.6504,14,10.1227,0.3333,0
818,TACUSDT,LONG,2026-08-01 15:00:00 UTC,0.00329,0.00293,0.00339,5e-05,0.00283,0.0042,6.93,13.85,LOSS,-6.93,243,0,7.1661,-0.303,1.2308,78.2609,1.5198,13.9818,0.6264,15,10.9422,0.6,1
819,TACUSDT,LONG,2026-08-01 16:00:00 UTC,0.00324,0.00293,0.00339,5e-05,0.00283,0.00407,6.38,12.76,LOSS,-6.38,242,0,6.5789,-0.3077,0.6211,67.3913,1.5432,14.1975,0.6385,16,9.5679,0.5556,0
820,TACUSDT,LONG,2026-08-01 17:00:00 UTC,0.00324,0.00293,0.00339,5e-05,0.00283,0.00405,6.24,12.49,LOSS,-6.24,241,0,6.5789,-1.2195,0.9346,67.3913,1.5432,14.1975,0.6086,17,9.5679,0.0,0
821,TACUSDT,LONG,2026-08-01 18:00:00 UTC,0.00323,0.00293,0.00339,5e-05,0.00284,0.00401,6.06,12.12,LOSS,-6.06,240,0,5.9016,-0.3086,1.5723,65.2174,1.548,14.2415,0.5852,18,9.2879,0.3333,0
822,TACUSDT,LONG,2026-08-01 19:00:00 UTC,0.00319,0.00293,0.00339,5e-05,0.00283,0.0039,5.58,11.17,LOSS,-5.58,239,0,0.6309,-1.8462,0.0,56.5217,1.5674,14.4201,0.6008,19,8.1505,0.5714,0
823,TACUSDT,LONG,2026-08-01 20:00:00 UTC,0.00317,0.00293,0.00339,5e-05,0.00284,0.00385,5.3,10.59,LOSS,-5.3,238,0,0.6349,-2.7607,-3.0581,52.1739,1.5773,14.511,0.5561,20,7.571,0.6667,0
824,TACUSDT,LONG,2026-08-01 21:00:00 UTC,0.00319,0.00293,0.00339,5e-05,0.00284,0.00388,5.44,10.87,LOSS,-5.44,237,0,1.5924,-1.2384,-2.4465,56.5217,1.5674,14.4201,0.549,21,8.1505,0.6667,1
825,TACUSDT,LONG,2026-08-01 22:00:00 UTC,0.00321,0.00293,0.00339,5e-05,0.00284,0.00395,5.74,11.49,LOSS,-5.74,236,0,2.8846,-0.3106,-1.2308,60.8696,1.5576,14.3302,0.536,22,8.7227,0.5,1
826,TACUSDT,LONG,2026-08-01 23:00:00 UTC,0.00317,0.00293,0.00339,5e-05,0.00284,0.00383,5.2,10.41,LOSS,-5.2,235,0,1.6026,-2.4615,-3.0581,52.1739,1.5773,14.511,0.5401,23,7.571,0.8,0
827,TACUSDT,LONG,2026-08-02 00:00:00 UTC,0.00318,0.00293,0.00339,5e-05,0.00284,0.00387,5.4,10.8,LOSS,-5.4,234,0,1.5974,1.2739,-1.8519,54.3478,1.5723,14.4654,0.5753,0,7.8616,0.1667,1
828,TACUSDT,LONG,2026-08-02 01:00:00 UTC,0.00321,0.00293,0.00339,5e-05,0.00284,0.00396,5.8,11.59,LOSS,-5.8,233,0,3.2154,1.2618,-2.1341,60.8696,1.5576,14.3302,0.5937,1,8.7227,0.6,1
829,TACUSDT,LONG,2026-08-02 02:00:00 UTC,0.00319,0.00293,0.00339,5e-05,0.00284,0.0039,5.56,11.12,LOSS,-5.56,232,0,2.9032,-1.5432,-2.7439,56.5217,1.5674,14.4201,0.6104,2,8.1505,0.3333,0
830,TACUSDT,LONG,2026-08-02 03:00:00 UTC,0.00326,0.00293,0.00339,5e-05,0.00283,0.0041,6.5,13.01,LOSS,-6.5,231,0,4.8232,0.3077,-1.5106,71.7391,1.5337,14.1104,0.6792,3,10.1227,0.875,1
831,TACUSDT,LONG,2026-08-02 04:00:00 UTC,0.0033,0.00293,0.00339,5e-05,0.00283,0.00423,7.08,14.17,LOSS,-7.08,230,0,6.4516,0.9174,-0.6024,80.4348,1.5152,13.9394,0.7314,4,11.2121,0.5714,1
832,TACUSDT,LONG,2026-08-02 05:00:00 UTC,0.0033,0.00293,0.00339,5e-05,0.00283,0.00424,7.09,14.17,LOSS,-7.09,229,0,8.5526,0.304,0.304,80.4348,1.5152,13.9394,0.6845,5,11.2121,0.0,0
833,TACUSDT,LONG,2026-08-02 06:00:00 UTC,0.00328,0.00293,0.00339,5e-05,0.00283,0.00418,6.81,13.63,LOSS,-6.81,228,0,7.8947,0.0,0.3058,76.087,1.5244,14.0244,0.688,6,10.6707,0.6667,0
834,TACUSDT,LONG,2026-08-02 07:00:00 UTC,0.00327,0.00293,0.00339,5e-05,0.00284,0.00414,6.66,13.31,LOSS,-6.66,227,0,9.3645,-1.506,0.3067,73.913,1.5291,14.0673,0.7204,7,10.3976,0.25,0
835,TACUSDT,LONG,2026-08-02 08:00:00 UTC,0.0033,0.00293,0.00339,5e-05,0.00283,0.00424,7.09,14.17,LOSS,-7.09,226,0,9.6346,-0.9009,0.9174,80.4348,1.5152,13.9394,0.7301,8,11.2121,0.5,1
836,TACUSDT,LONG,2026-08-02 09:00:00 UTC,0.00326,0.003,0.00339,5e-05,0.0029,0.00399,5.54,11.08,LOSS,-5.54,215,0,6.1889,-2.3952,0.0,66.6667,1.5337,11.9632,0.781,9,7.9755,0.5,0
837,TACUSDT,LONG,2026-08-02 10:00:00 UTC,0.00326,0.003,0.00339,5e-05,0.0029,0.00398,5.49,10.99,LOSS,-5.49,214,0,7.5908,-2.1021,-0.9119,66.6667,1.5337,11.9632,0.7623,10,7.9755,0.0,0
838,TACUSDT,LONG,2026-08-02 11:00:00 UTC,0.00327,0.003,0.00339,5e-05,0.00291,0.004,5.56,11.12,LOSS,-5.56,213,0,7.5658,-1.8018,0.9259,69.2308,1.5291,11.9266,0.7243,11,8.2569,0.3333,1
839,TACUSDT,LONG,2026-08-02 12:00:00 UTC,0.00325,0.003,0.00339,5e-05,0.00291,0.00393,5.23,10.45,LOSS,-5.23,212,0,7.6159,-1.5152,0.3086,64.1026,1.5385,12.0,0.6542,12,7.6923,0.5,0
840,TACUSDT,LONG,2026-08-02 13:00:00 UTC,0.00323,0.003,0.00339,5e-05,0.00291,0.00388,4.98,9.96,LOSS,-4.98,211,0,7.2848,-3.2836,0.3096,58.9744,1.548,12.0743,0.606,13,7.1207,0.3333,0
841,TACUSDT,LONG,2026-08-02 14:00:00 UTC,0.00323,0.003,0.00339,5e-05,0.00291,0.00385,4.85,9.7,LOSS,-4.85,210,0,6.9536,-2.1212,1.2539,58.9744,1.548,12.0743,0.5633,14,7.1207,0.0,0
842,TACUSDT,LONG,2026-08-02 15:00:00 UTC,0.00321,0.003,0.00339,5e-05,0.00291,0.00381,4.65,9.31,LOSS,-4.65,209,0,6.2914,-1.2308,1.2618,53.8462,1.5576,12.1495,0.5701,15,6.5421,0.5,0
843,TACUSDT,LONG,2026-08-02 16:00:00 UTC,0.00322,0.00301,0.00339,5e-05,0.00292,0.00382,4.64,9.28,LOSS,-4.64,208,0,5.5738,-0.3096,0.9404,55.2632,1.5528,11.8012,0.5906,16,6.5217,0.3333,1
844,TACUSDT,LONG,2026-08-02 17:00:00 UTC,0.00325,0.00303,0.00339,5e-05,0.00294,0.00387,4.76,9.51,LOSS,-4.76,206,0,6.2092,0.6192,1.2461,61.1111,1.5385,11.0769,0.6187,17,6.7692,0.6,1
845,TACUSDT,LONG,2026-08-02 18:00:00 UTC,0.00324,0.00305,0.00339,4e-05,0.00296,0.0038,4.32,8.65,LOSS,-4.32,204,0,5.1948,0.6211,2.2082,55.8824,1.2346,10.4938,0.6019,18,5.8642,0.5,0
846,TACUSDT,LONG,2026-08-02 19:00:00 UTC,0.00327,0.00306,0.00339,5e-05,0.00297,0.00389,4.7,9.39,LOSS,-4.7,189,0,4.1401,0.9259,2.8302,63.6364,1.5291,10.0917,0.5778,19,6.422,0.4286,1
847,TACUSDT,LONG,2026-08-02 20:00:00 UTC,0.00327,0.00306,0.00339,4e-05,0.00297,0.00388,4.64,9.29,LOSS,-4.64,188,0,3.1546,1.5528,1.8692,63.6364,1.2232,10.0917,0.5575,20,6.422,0.0,0
848,TACUSDT,LONG,2026-08-02 21:00:00 UTC,0.00326,0.00306,0.00339,4e-05,0.00297,0.00382,4.34,8.69,LOSS,-4.34,187,0,2.5237,0.0,1.8809,60.6061,1.227,10.1227,0.5447,21,6.135,0.6667,0
849,TACUSDT,LONG,2026-08-02 22:00:00 UTC,0.00329,0.00306,0.00339,4e-05,0.00297,0.00391,4.77,9.54,LOSS,-4.77,186,0,3.1348,2.1739,0.9202,69.697,1.2158,10.0304,0.554,22,6.9909,0.75,1
850,TACUSDT,LONG,2026-08-02 23:00:00 UTC,0.00324,0.00306,0.00339,4e-05,0.00297,0.00379,4.19,8.39,LOSS,-4.19,185,0,2.5316,0.9346,-1.8182,54.5455,1.2346,10.1852,0.5521,23,5.5556,1.0,0
851,TACUSDT,LONG,2026-08-03 00:00:00 UTC,0.00324,0.00306,0.00339,4e-05,0.00297,0.00379,4.17,8.34,LOSS,-4.17,184,0,4.1801,1.8868,-1.8182,54.5455,1.2346,10.1852,0.5445,0,5.5556,0.0,0
852,TACUSDT,LONG,2026-08-03 01:00:00 UTC,0.00324,0.00306,0.00339,4e-05,0.00297,0.00378,4.13,8.26,LOSS,-4.13,183,0,3.1847,1.5674,-1.2195,54.5455,1.2346,10.1852,0.56,1,5.5556,0.0,0
853,TACUSDT,LONG,2026-08-03 02:00:00 UTC,0.00327,0.00306,0.00339,4e-05,0.00297,0.00386,4.52,9.03,LOSS,-4.52,182,0,5.1447,0.0,0.0,63.6364,1.2232,10.0917,0.5938,2,6.422,0.75,1
854,TACUSDT,LONG,2026-08-03 03:00:00 UTC,0.00326,0.00306,0.00339,4e-05,0.00297,0.00383,4.38,8.76,LOSS,-4.38,181,0,5.1613,-0.3058,-1.2121,60.6061,1.227,10.1227,0.5624,3,6.135,0.2,0
855,TACUSDT,LONG,2026-08-03 04:00:00 UTC,0.00322,0.00306,0.00339,4e-05,0.00297,0.00372,3.87,7.74,LOSS,-3.87,180,0,4.886,-0.9231,-1.227,48.4848,1.2422,10.2484,0.5695,4,4.9689,0.8,0
856,TACUSDT,LONG,2026-08-03 05:00:00 UTC,0.00322,0.00306,0.00339,4e-05,0.00297,0.00371,3.81,7.61,LOSS,-3.81,179,0,3.537,-1.5291,-1.227,48.4848,1.2422,10.2484,0.5597,5,4.9689,0.0,0
857,TACUSDT,LONG,2026-08-03 06:00:00 UTC,0.0032,0.00306,0.00339,4e-05,0.00298,0.00364,3.48,6.97,LOSS,-3.48,178,0,4.2345,-1.2346,-2.1407,42.4242,1.25,10.3125,0.5765,6,4.375,1.0,0
858,TACUSDT,LONG,2026-08-03 07:00:00 UTC,0.00319,0.00306,0.00339,4e-05,0.00297,0.00362,3.35,6.71,LOSS,-3.35,177,0,2.9032,-2.7439,-1.8462,39.3939,1.2539,10.3448,0.65,7,4.0752,0.2,0
859,TACUSDT,LONG,2026-08-03 08:00:00 UTC,0.00318,0.00306,0.00339,4e-05,0.00298,0.00357,3.09,6.19,LOSS,-3.09,176,0,2.9126,-3.0488,-1.8519,36.3636,1.2579,10.3774,0.6416,8,3.7736,0.5,0
860,TACUSDT,LONG,2026-08-03 09:00:00 UTC,0.0032,0.00306,0.00339,4e-05,0.00298,0.00364,3.47,6.93,LOSS,-3.47,175,0,3.2258,-3.3233,-0.9288,42.4242,1.25,10.3125,0.683,9,4.375,0.2857,1
861,TACUSDT,LONG,2026-08-03 10:00:00 UTC,0.00327,0.00307,0.00339,5e-05,0.00298,0.00385,4.45,8.89,LOSS,-4.45,174,0,6.1688,-1.506,1.8692,62.5,1.5291,9.7859,0.7657,10,6.1162,0.875,1
862,TACUSDT,LONG,2026-08-03 11:00:00 UTC,0.00327,0.00308,0.00339,5e-05,0.00298,0.00384,4.35,8.71,LOSS,-4.35,173,0,5.8252,-0.6079,1.5528,61.2903,1.5291,9.4801,0.8072,11,5.8104,0.0,0
863,TACUSDT,LONG,2026-08-03 12:00:00 UTC,0.00326,0.00308,0.00339,4e-05,0.00299,0.00379,4.05,8.1,LOSS,-4.05,172,0,4.8232,-0.3058,0.3077,58.0645,1.227,9.5092,0.7655,12,5.5215,0.5,0
864,TACUSDT,LONG,2026-08-03 13:00:00 UTC,0.00329,0.0031,0.00339,5e-05,0.00301,0.00385,4.25,8.51,LOSS,-4.25,171,0,4.1139,0.9202,1.5432,65.5172,1.5198,8.8146,0.8307,13,5.7751,0.4286,1
865,TACUSDT,LONG,2026-08-03 14:00:00 UTC,0.00326,0.00311,0.00339,5e-05,0.00302,0.00376,3.79,7.58,LOSS,-3.79,170,0,1.875,-0.3058,-0.3058,53.5714,1.5337,8.589,0.846,14,4.6012,0.75,0
866,TACUSDT,LONG,2026-08-03 15:00:00 UTC,0.0033,0.00311,0.00339,5e-05,0.00302,0.00387,4.29,8.59,LOSS,-4.29,169,0,2.1672,1.227,0.9174,67.8571,1.5152,8.4848,0.956,15,5.7576,0.8,1
867,TACUSDT,LONG,2026-08-03 16:00:00 UTC,0.00327,0.00311,0.00339,5e-05,0.00302,0.00378,3.88,7.76,LOSS,-3.88,168,0,1.5528,-0.6079,0.6154,57.1429,1.5291,8.5627,1.0128,16,4.893,0.75,0
868,TACUSDT,LONG,2026-08-03 17:00:00 UTC,0.00326,0.00311,0.00339,4e-05,0.00302,0.00375,3.73,7.45,LOSS,-3.73,167,0,-1.2121,0.6173,-0.9119,53.5714,1.227,8.589,0.965,17,4.6012,0.5,0
869,TACUSDT,LONG,2026-08-03 18:00:00 UTC,0.00328,0.00311,0.00339,4e-05,0.00302,0.0038,3.97,7.94,LOSS,-3.97,134,0,0.9231,1.2346,1.2346,60.7143,1.2195,8.5366,1.0044,18,5.1829,0.5,1
870,TACUSDT,LONG,2026-08-03 19:00:00 UTC,0.00329,0.00311,0.00339,4e-05,0.00303,0.00381,3.97,7.94,LOSS,-3.97,133,0,0.3049,1.8576,1.5432,64.2857,1.2158,8.5106,0.9711,19,5.4711,0.5,1
871,TACUSDT,LONG,2026-08-03 20:00:00 UTC,0.00327,0.00311,0.00339,4e-05,0.00303,0.00374,3.64,7.28,LOSS,-3.64,132,0,0.9259,2.5078,0.9259,57.1429,1.2232,8.5627,0.8728,20,4.893,0.6667,0
872,TACUSDT,LONG,2026-08-03 21:00:00 UTC,0.00327,0.00311,0.00339,4e-05,0.00303,0.00375,3.67,7.34,LOSS,-3.67,131,0,0.6154,3.1546,0.0,57.1429,1.2232,8.5627,0.7866,21,4.893,0.0,0
873,TACUSDT,LONG,2026-08-03 22:00:00 UTC,0.00326,0.00311,0.00339,4e-05,0.00303,0.00371,3.47,6.93,LOSS,-3.47,130,0,0.0,2.1944,0.0,53.5714,1.227,8.589,0.8079,22,4.6012,0.25,0
874,TACUSDT,LONG,2026-08-03 23:00:00 UTC,0.00326,0.00311,0.00339,4e-05,0.00303,0.0037,3.42,6.84,LOSS,-3.42,129,0,0.9288,1.5576,1.2422,53.5714,1.227,8.589,0.6986,23,4.6012,0.0,0
875,TACUSDT,LONG,2026-08-04 00:00:00 UTC,0.00324,0.00311,0.00339,4e-05,0.00303,0.00365,3.18,6.35,LOSS,-3.18,128,0,0.6211,2.2082,0.6211,46.4286,1.2346,8.642,0.7163,0,4.0123,0.3333,0
876,TACUSDT,LONG,2026-08-04 01:00:00 UTC,0.00323,0.00311,0.00339,4e-05,0.00303,0.00363,3.08,6.16,LOSS,-3.08,127,0,-0.6154,1.5723,0.9375,42.8571,1.2384,8.6687,0.6334,1,3.7152,0.3333,0
877,TACUSDT,LONG,2026-08-04 02:00:00 UTC,0.00323,0.00311,0.00339,4e-05,0.00303,0.00362,3.04,6.07,LOSS,-3.04,126,0,2.8662,0.6231,1.2539,42.8571,1.2384,8.6687,0.584,2,3.7152,0.0,0
878,TACUSDT,LONG,2026-08-04 03:00:00 UTC,0.00325,0.00311,0.00339,4e-05,0.00303,0.00368,3.31,6.62,LOSS,-3.31,125,0,2.5237,1.8809,2.2013,50.0,1.2308,8.6154,0.6014,3,4.3077,0.5,1
879,TACUSDT,LONG,2026-08-04 04:00:00 UTC,0.00325,0.00315,0.00339,4e-05,0.00307,0.0036,2.69,5.39,LOSS,-2.69,124,0,0.3086,-0.3067,1.5625,41.6667,1.2308,7.3846,0.6552,4,3.0769,0.0,0
880,TACUSDT,LONG,2026-08-04 05:00:00 UTC,0.00323,0.00315,0.00339,4e-05,0.00307,0.00355,2.47,4.95,WIN,4.95,34,1,-0.3077,-1.8182,-0.9174,33.3333,1.2384,7.4303,0.6958,5,2.4768,0.3333,0
881,TACUSDT,LONG,2026-08-04 06:00:00 UTC,0.00321,0.00315,0.00339,4e-05,0.00307,0.00349,2.16,4.33,WIN,4.33,21,1,-1.8349,-2.7273,-1.8349,25.0,1.2461,7.4766,0.7304,6,1.8692,0.6667,0
882,TACUSDT,LONG,2026-08-04 07:00:00 UTC,0.00321,0.00315,0.00339,4e-05,0.00307,0.00348,2.11,4.23,WIN,4.23,20,1,-2.4316,-2.1341,-1.5337,25.0,1.2461,7.4766,0.7555,7,1.8692,0.0,0
883,TACUSDT,LONG,2026-08-04 08:00:00 UTC,0.0032,0.00315,0.00339,4e-05,0.00308,0.00345,1.96,3.93,WIN,3.93,16,1,-2.439,-2.1407,-2.7356,20.8333,1.25,7.5,0.7406,8,1.5625,0.3333,0
884,TACUSDT,LONG,2026-08-04 09:00:00 UTC,0.00319,0.00315,0.00339,4e-05,0.00308,0.00343,1.82,3.63,WIN,3.63,15,1,-3.9157,-3.3333,-2.1472,16.6667,1.2539,7.5235,0.7502,9,1.2539,0.5,0
885,TACUSDT,LONG,2026-08-04 10:00:00 UTC,0.00323,0.00315,0.00339,4e-05,0.00308,0.00354,2.38,4.76,WIN,4.76,26,1,-3.003,-0.9202,-2.1212,33.3333,1.2384,7.4303,0.7608,10,2.4768,0.8,1
886,TACUSDT,LONG,2026-08-04 11:00:00 UTC,0.00322,0.00315,0.00339,4e-05,0.00308,0.00351,2.24,4.47,WIN,4.47,16,1,-3.5928,-1.227,-1.5291,29.1667,1.2422,7.4534,0.7391,11,2.1739,0.2,0
887,TACUSDT,LONG,2026-08-04 12:00:00 UTC,0.00322,0.00315,0.00339,4e-05,0.00308,0.00351,2.23,4.47,WIN,4.47,15,1,-3.3033,-1.5291,-1.227,29.1667,1.2422,7.4534,0.7397,12,2.1739,0.0,0
888,TACUSDT,LONG,2026-08-04 13:00:00 UTC,0.00318,0.00315,0.00339,4e-05,0.00307,0.0034,1.73,3.45,WIN,3.45,11,1,-4.5045,-2.1538,-3.0488,12.5,1.2579,7.5472,0.8284,13,0.9434,0.6667,0
889,TACUSDT,LONG,2026-08-04 14:00:00 UTC,0.00319,0.00315,0.00339,4e-05,0.00307,0.00341,1.77,3.55,WIN,3.55,10,1,-3.3333,-1.5432,-3.0395,16.6667,1.2539,7.5235,0.8606,14,1.2539,0.25,1
890,TACUSDT,LONG,2026-08-04 15:00:00 UTC,0.00319,0.00315,0.00339,4e-05,0.00308,0.00341,1.74,3.47,WIN,3.47,9,1,-4.7761,-1.2384,-2.4465,16.6667,1.2539,7.5235,0.9041,15,1.2539,0.0,0
891,TACUSDT,LONG,2026-08-04 16:00:00 UTC,0.00319,0.00313,0.00339,4e-05,0.00305,0.00346,2.14,4.28,WIN,4.28,8,1,-3.3333,-0.6231,-2.4465,23.0769,1.2539,8.1505,1.0567,16,1.8809,0.0,0
892,TACUSDT,LONG,2026-08-04 17:00:00 UTC,0.00317,0.00313,0.00334,4e-05,0.00305,0.0034,1.87,3.73,WIN,3.73,7,1,-2.4615,-1.5528,-2.7607,19.0476,1.2618,6.6246,1.1875,17,1.2618,0.4,0
893,TACUSDT,LONG,2026-08-04 18:00:00 UTC,0.0032,0.00313,0.00334,4e-05,0.00305,0.00351,2.41,4.83,WIN,4.83,9,1,-0.9288,-1.5385,-1.8405,33.3333,1.25,6.5625,1.2283,18,2.1875,0.6,1
894,TACUSDT,LONG,2026-08-04 19:00:00 UTC,0.00321,0.00313,0.00334,4e-05,0.00305,0.00355,2.59,5.17,WIN,5.17,20,1,-0.3096,-0.6173,-0.6173,38.0952,1.2461,6.5421,1.2818,19,2.4922,0.5,1
895,TACUSDT,LONG,2026-08-04 20:00:00 UTC,0.00322,0.00313,0.00334,4e-05,0.00305,0.00355,2.6,5.19,WIN,5.19,19,1,0.0,-1.5291,-0.3096,42.8571,1.2422,6.5217,1.2154,20,2.795,1.0,1
896,TACUSDT,LONG,2026-08-04 21:00:00 UTC,0.00324,0.00313,0.00334,4e-05,0.00305,0.0036,2.8,5.6,LOSS,-2.8,107,0,0.0,-0.9174,0.3096,52.381,1.2346,6.4815,1.2191,21,3.3951,0.6667,1
897,TACUSDT,LONG,2026-08-04 22:00:00 UTC,0.00322,0.00313,0.00334,4e-05,0.00305,0.00356,2.59,5.19,WIN,5.19,17,1,0.0,-0.9231,-0.9231,42.8571,1.2422,6.5217,1.2796,22,2.795,0.5,0
898,TACUSDT,LONG,2026-08-04 23:00:00 UTC,0.00336,0.00313,0.00336,5e-05,0.00304,0.00399,4.74,9.49,LOSS,-4.74,105,0,3.3846,2.1277,3.3846,100.0,1.4881,6.8452,1.3127,23,6.8452,1.0,1
899,TACUSDT,LONG,2026-08-05 00:00:00 UTC,0.00338,0.00313,0.00347,5e-05,0.00303,0.0041,5.29,10.57,LOSS,-5.29,104,0,4.9689,4.321,4.321,73.5294,1.4793,10.0592,1.7,0,7.3964,0.1538,1
900,TACUSDT,LONG,2026-08-05 01:00:00 UTC,0.00333,0.00313,0.00347,6e-05,0.00302,0.00397,4.77,9.54,LOSS,-4.77,135,0,3.7383,2.7778,3.7383,58.8235,1.8018,10.2102,1.9411,1,6.006,0.3846,0
901,TACUSDT,LONG,2026-08-05 02:00:00 UTC,0.00337,0.00313,0.00347,6e-05,0.00301,0.0041,5.37,10.74,LOSS,-5.37,134,0,6.2893,4.321,5.296,70.5882,1.7804,10.089,1.8978,2,7.1217,0.625,1
902,TACUSDT,LONG,2026-08-05 03:00:00 UTC,0.00345,0.00313,0.00352,7e-05,0.003,0.00436,6.56,13.12,LOSS,-6.56,133,0,8.1505,5.5046,7.8125,82.0513,2.029,11.3043,2.0022,3,9.2754,0.5333,1
903,TACUSDT,LONG,2026-08-05 04:00:00 UTC,0.00337,0.00313,0.00352,7e-05,0.00299,0.00413,5.62,11.24,LOSS,-5.62,132,0,3.0581,3.3742,5.6426,61.5385,2.0772,11.5727,2.1617,4,7.1217,0.8,0
904,TACUSDT,LONG,2026-08-05 05:00:00 UTC,0.00341,0.00313,0.00352,7e-05,0.00299,0.00425,6.16,12.31,LOSS,-6.16,131,0,4.2813,5.9006,5.5728,71.7949,2.0528,11.437,2.2476,5,8.2111,0.5,1
905,TACUSDT,LONG,2026-08-05 06:00:00 UTC,0.00343,0.00313,0.00352,7e-05,0.003,0.00431,6.35,12.7,LOSS,-6.35,130,0,5.5385,6.5217,6.5217,76.9231,2.0408,11.3703,2.3491,6,8.7464,0.5,1
906,TACUSDT,LONG,2026-08-05 07:00:00 UTC,0.00341,0.00313,0.00352,7e-05,0.003,0.00424,6.05,12.1,LOSS,-6.05,129,0,4.2813,6.5625,5.9006,71.7949,2.0528,11.437,2.4261,7,8.2111,0.3333,0
907,TACUSDT,LONG,2026-08-05 08:00:00 UTC,0.00341,0.00313,0.00352,7e-05,0.003,0.00423,6.0,12.01,LOSS,-6.0,128,0,5.2469,6.8966,7.2327,71.7949,2.0528,11.437,2.4068,8,8.2111,0.0,0
908,TACUSDT,LONG,2026-08-05 09:00:00 UTC,0.00335,0.00313,0.00352,7e-05,0.003,0.00406,5.28,10.56,LOSS,-5.28,127,0,2.1341,5.3459,5.0157,56.4103,2.0896,11.6418,2.3312,9,6.5672,0.6,0
909,TACUSDT,LONG,2026-08-05 10:00:00 UTC,0.00333,0.00313,0.00352,7e-05,0.003,0.00398,4.94,9.87,LOSS,-4.94,126,0,1.5244,4.0625,4.3887,51.2821,2.1021,11.7117,1.8827,10,6.006,0.4,0
910,TACUSDT,LONG,2026-08-05 11:00:00 UTC,0.00328,0.00313,0.00352,7e-05,0.003,0.00384,4.3,8.61,LOSS,-4.3,125,0,-0.9063,0.3058,2.8213,38.4615,2.1341,11.8902,1.6687,11,4.5732,0.625,0
911,TACUSDT,LONG,2026-08-05 12:00:00 UTC,0.0032,0.00313,0.00354,9e-05,0.00295,0.00371,3.95,7.89,LOSS,-3.95,138,0,-3.3133,-1.8349,1.2618,17.0732,2.8125,12.8125,2.6038,12,2.1875,0.1795,0
912,TACUSDT,LONG,2026-08-05 13:00:00 UTC,0.00326,0.00313,0.00354,9e-05,0.00295,0.00388,4.73,9.46,LOSS,-4.73,137,0,-0.9119,0.0,1.875,31.7073,2.7607,12.5767,2.5144,13,3.9877,0.6667,1
913,TACUSDT,LONG,2026-08-05 14:00:00 UTC,0.00325,0.00313,0.00354,9e-05,0.00296,0.00384,4.5,9.01,LOSS,-4.5,122,0,-0.6116,-1.2158,0.9317,29.2683,2.7692,12.6154,2.3721,14,3.6923,0.25,0
914,TACUSDT,LONG,2026-08-05 15:00:00 UTC,0.00345,0.00313,0.00356,0.0001,0.00292,0.0045,7.63,15.25,LOSS,-7.63,137,0,5.8282,5.8282,7.1429,74.4186,2.8986,12.4638,2.8238,15,9.2754,0.6061,1
915,TACUSDT,LONG,2026-08-05 16:00:00 UTC,0.0034,0.00313,0.00356,0.0001,0.00293,0.00433,6.86,13.71,LOSS,-6.86,135,0,3.9755,3.0303,4.9383,62.7907,2.9412,12.6471,2.9125,16,7.9412,0.7143,0
916,TACUSDT,LONG,2026-08-05 17:00:00 UTC,0.00339,0.00313,0.00356,0.00011,0.00291,0.00435,7.05,14.1,LOSS,-7.05,135,0,3.9877,3.6697,5.2795,60.4651,3.2448,12.6844,3.0631,17,7.6696,0.0476,0
917,TACUSDT,LONG,2026-08-05 18:00:00 UTC,0.00339,0.00313,0.00356,0.0001,0.00292,0.00432,6.87,13.75,LOSS,-6.87,134,0,3.0395,3.9877,0.8929,60.4651,2.9499,12.6844,3.0636,18,7.6696,0.0,0
918,TACUSDT,LONG,2026-08-05 19:00:00 UTC,0.00339,0.00313,0.00356,0.0001,0.00293,0.00431,6.77,13.55,LOSS,-6.77,132,0,4.6296,3.3537,0.2959,60.4651,2.9499,12.6844,3.0285,19,7.6696,0.0,0
919,TACUSDT,LONG,2026-08-05 20:00:00 UTC,0.00336,0.00313,0.00356,9e-05,0.00294,0.00419,6.2,12.4,LOSS,-6.2,131,0,3.7037,2.1277,0.9009,53.4884,2.6786,12.7976,3.0137,20,6.8452,0.75,0
920,TACUSDT,LONG,2026-08-05 21:00:00 UTC,0.00336,0.00313,0.00356,9e-05,0.00295,0.00417,6.03,12.07,LOSS,-6.03,129,0,4.0248,2.7523,-0.5917,53.4884,2.6786,12.7976,2.9238,21,6.8452,0.0,0
921,TACUSDT,LONG,2026-08-05 22:00:00 UTC,0.00331,0.00313,0.00356,9e-05,0.00296,0.00401,5.3,10.59,LOSS,-5.3,128,0,3.7618,1.2232,-4.058,41.8605,2.719,12.9909,1.8665,22,5.4381,0.8333,0
922,TACUSDT,LONG,2026-08-05 23:00:00 UTC,0.00333,0.00313,0.00356,8e-05,0.00296,0.00407,5.53,11.06,LOSS,-5.53,113,0,5.0473,2.1472,-1.1869,46.5116,2.4024,12.9129,1.7326,23,6.006,0.6667,1
923,TACUSDT,LONG,2026-08-06 00:00:00 UTC,0.00331,0.00313,0.00356,8e-05,0.00297,0.00398,5.1,10.21,LOSS,-5.1,112,0,3.7618,1.5337,-2.9326,41.8605,2.4169,12.9909,1.6838,0,5.4381,0.6667,0
924,TACUSDT,LONG,2026-08-06 01:00:00 UTC,0.00332,0.00313,0.00356,8e-05,0.00298,0.00402,5.23,10.46,LOSS,-5.23,111,0,3.7383,2.7778,-2.9155,44.186,2.4096,12.9518,1.0078,1,5.7229,0.5,1
925,TACUSDT,LONG,2026-08-06 02:00:00 UTC,0.00329,0.00313,0.00356,8e-05,0.00298,0.00391,4.71,9.41,LOSS,-4.71,110,0,3.7855,1.8576,-3.5191,37.2093,2.4316,13.0699,0.8402,2,4.8632,0.5,0
926,TACUSDT,LONG,2026-08-06 03:00:00 UTC,0.00331,0.00313,0.00356,7e-05,0.00299,0.00396,4.89,9.78,LOSS,-4.89,109,0,4.0881,2.4768,-2.9326,41.8605,2.1148,12.9909,0.5239,3,5.4381,1.0,1
927,TACUSDT,LONG,2026-08-06 04:00:00 UTC,0.00333,0.00313,0.00356,7e-05,0.00299,0.00402,5.17,10.33,LOSS,-5.17,108,0,4.0498,2.7692,-0.2985,46.5116,2.1021,12.9129,0.4916,4,6.006,0.75,1
928,TACUSDT,LONG,2026-08-06 05:00:00 UTC,0.00332,0.00313,0.00356,7e-05,0.00299,0.00397,4.92,9.84,LOSS,-4.92,107,0,4.0752,2.1538,-0.3003,44.186,2.1084,12.9518,0.5112,5,5.7229,0.1667,0
929,TACUSDT,LONG,2026-08-06 06:00:00 UTC,0.00326,0.00313,0.00356,7e-05,0.00299,0.00379,4.09,8.17,LOSS,-4.09,106,0,0.0,0.6173,-0.6098,30.2326,2.1472,13.1902,0.6108,6,3.9877,0.75,0
930,TACUSDT,LONG,2026-08-06 07:00:00 UTC,0.00326,0.00313,0.00356,7e-05,0.00299,0.00378,4.03,8.06,LOSS,-4.03,105,0,-1.2121,1.5576,1.5576,30.2326,2.1472,13.1902,0.6316,7,3.9877,0.0,0
931,TACUSDT,LONG,2026-08-06 08:00:00 UTC,0.00324,0.00313,0.00356,7e-05,0.00299,0.00373,3.79,7.57,LOSS,-3.79,104,0,-1.8182,0.9346,-0.6135,25.5814,2.1605,13.2716,0.6708,8,3.3951,0.2857,0
932,TACUSDT,LONG,2026-08-06 09:00:00 UTC,0.00324,0.00313,0.00356,7e-05,0.003,0.00374,3.82,7.64,LOSS,-3.82,103,0,-0.9146,1.5625,0.0,25.5814,2.1605,13.2716,0.7044,9,3.3951,0.2,1
933,TACUSDT,LONG,2026-08-06 10:00:00 UTC,0.00322,0.00313,0.00356,7e-05,0.003,0.00365,3.38,6.76,LOSS,-3.38,102,0,-1.5291,0.9404,-6.6667,20.9302,2.1739,13.354,0.6895,10,2.795,0.5,0
934,TACUSDT,LONG,2026-08-06 11:00:00 UTC,0.00323,0.00313,0.00356,6e-05,0.003,0.00368,3.53,7.05,LOSS,-3.53,101,0,-2.1212,0.0,-5.0,23.2558,1.8576,13.3127,0.6925,11,3.096,0.2,1
935,TACUSDT,LONG,2026-08-06 12:00:00 UTC,0.00322,0.00313,0.00356,6e-05,0.00301,0.00365,3.33,6.67,LOSS,-3.33,100,0,-1.227,0.0,-5.0147,20.9302,1.8634,13.354,0.6906,12,2.795,0.5,0
936,TACUSDT,LONG,2026-08-06 13:00:00 UTC,0.00321,0.00313,0.00356,6e-05,0.00301,0.00362,3.15,6.3,LOSS,-3.15,99,0,-1.5337,-0.3106,-5.3097,18.6047,1.8692,13.3956,0.7303,13,2.4922,0.3333,0
937,TACUSDT,LONG,2026-08-06 14:00:00 UTC,0.00322,0.00313,0.00356,6e-05,0.00301,0.00363,3.21,6.42,LOSS,-3.21,98,0,-1.5291,1.2579,-5.0147,20.9302,1.8634,13.354,0.7597,14,2.795,0.3333,1
938,TACUSDT,LONG,2026-08-06 15:00:00 UTC,0.00325,0.00313,0.00356,6e-05,0.00302,0.00371,3.56,7.13,LOSS,-3.56,97,0,0.0,1.8809,-3.2738,27.907,1.8462,13.2308,0.8025,15,3.6923,0.75,1
939,TACUSDT,LONG,2026-08-06 16:00:00 UTC,0.00322,0.00313,0.00356,6e-05,0.00302,0.00362,3.1,6.19,LOSS,-3.1,96,0,-0.6173,0.9404,-4.1667,20.9302,1.8634,13.354,0.7481,16,2.795,1.0,0
940,TACUSDT,LONG,2026-08-06 17:00:00 UTC,0.00323,0.00313,0.00356,5e-05,0.00303,0.00365,3.2,6.4,LOSS,-3.2,63,0,0.0,1.2539,-2.4169,23.2558,1.548,13.3127,0.7764,17,3.096,0.3333,1
941,TACUSDT,LONG,2026-08-06 18:00:00 UTC,0.00322,0.00313,0.00356,5e-05,0.00303,0.00362,3.04,6.09,LOSS,-3.04,62,0,0.3115,1.5773,-3.3033,20.9302,1.5528,13.354,0.7263,18,2.795,0.3333,0
942,TACUSDT,LONG,2026-08-06 19:00:00 UTC,0.00323,0.00313,0.00356,5e-05,0.00303,0.00362,3.05,6.09,LOSS,-3.05,61,0,0.3106,0.9375,-2.4169,23.2558,1.548,13.3127,0.7185,19,3.096,0.3333,1
943,TACUSDT,LONG,2026-08-06 20:00:00 UTC,0.00323,0.00313,0.00356,5e-05,0.00304,0.00363,3.06,6.13,LOSS,-3.06,60,0,-0.6154,0.3106,-3.003,23.2558,1.548,13.3127,0.7335,20,3.096,0.0,0
944,TACUSDT,LONG,2026-08-06 21:00:00 UTC,0.00322,0.00313,0.00356,5e-05,0.00304,0.00359,2.86,5.73,LOSS,-2.86,59,0,-0.6173,0.0,-2.1277,20.9302,1.5528,13.354,0.7637,21,2.795,0.25,0
945,TACUSDT,LONG,2026-08-06 22:00:00 UTC,0.00321,0.00313,0.00356,5e-05,0.00304,0.00354,2.59,5.18,LOSS,-2.59,58,0,-1.8349,-0.9259,-3.0211,18.6047,1.5576,13.3956,0.7922,22,2.4922,0.3333,0
946,TACUSDT,LONG,2026-08-06 23:00:00 UTC,0.0032,0.00313,0.00356,4e-05,0.00304,0.00352,2.46,4.93,LOSS,-2.46,57,0,-2.1407,-0.6211,-4.1916,16.2791,1.25,13.4375,0.8174,23,2.1875,0.5,0
947,TACUSDT,LONG,2026-08-07 00:00:00 UTC,0.0032,0.00313,0.00356,4e-05,0.00305,0.00352,2.46,4.91,LOSS,-2.46,56,0,-1.5385,-4.7619,-3.6145,16.2791,1.25,13.4375,0.8312,0,2.1875,0.0,0
948,TACUSDT,LONG,2026-08-07 01:00:00 UTC,0.00327,0.00313,0.00356,4e-05,0.00304,0.00371,3.43,6.87,LOSS,-3.43,55,0,-0.6079,-3.2544,0.3067,32.5581,1.2232,13.1498,0.824,1,4.2813,1.0,1
949,TACUSDT,LONG,2026-08-07 02:00:00 UTC,0.00325,0.00313,0.00356,5e-05,0.00304,0.00368,3.27,6.55,LOSS,-3.27,54,0,0.3086,-2.4024,-0.3067,27.907,1.5385,13.2308,0.8722,2,3.6923,0.3333,0
950,TACUSDT,LONG,2026-08-07 03:00:00 UTC,0.00325,0.00313,0.00356,4e-05,0.00304,0.00366,3.16,6.32,LOSS,-3.16,53,0,0.3086,-3.8462,0.3086,27.907,1.2308,13.2308,0.8612,3,3.6923,0.0,0
951,TACUSDT,LONG,2026-08-07 04:00:00 UTC,0.00324,0.00313,0.00356,5e-05,0.00304,0.00363,3.06,6.12,LOSS,-3.06,52,0,0.0,-6.087,-0.3077,25.5814,1.5432,13.2716,0.8818,4,3.3951,0.1429,0
952,TACUSDT,LONG,2026-08-07 05:00:00 UTC,0.00322,0.00313,0.00356,5e-05,0.00304,0.00357,2.75,5.49,LOSS,-2.75,51,0,-1.8349,-4.7478,-0.3106,20.9302,1.5528,13.354,0.8666,5,2.795,0.75,0
953,TACUSDT,LONG,2026-08-07 06:00:00 UTC,0.00321,0.00313,0.00356,4e-05,0.00304,0.00354,2.59,5.19,LOSS,-2.59,50,0,-1.5337,-5.8651,-0.6192,18.6047,1.2461,13.3956,0.867,6,2.4922,0.3333,0
954,TACUSDT,LONG,2026-08-07 07:00:00 UTC,0.00322,0.00313,0.00356,4e-05,0.00304,0.00356,2.68,5.36,LOSS,-2.68,49,0,0.0,-6.1224,0.0,20.9302,1.2422,13.354,0.8247,7,2.795,0.5,1
955,TACUSDT,LONG,2026-08-07 08:00:00 UTC,0.00327,0.00313,0.00356,4e-05,0.00304,0.00373,3.5,7.0,LOSS,-3.5,48,0,1.5528,-4.1056,1.8692,32.5581,1.2232,13.1498,0.9207,8,4.2813,0.7143,1
956,TACUSDT,LONG,2026-08-07 09:00:00 UTC,0.00325,0.00313,0.00356,5e-05,0.00304,0.00367,3.23,6.46,LOSS,-3.23,47,0,1.5625,-4.6921,0.9317,27.907,1.5385,13.2308,0.9232,9,3.6923,0.2857,0
957,TACUSDT,LONG,2026-08-07 10:00:00 UTC,0.00322,0.00313,0.00356,5e-05,0.00304,0.00359,2.85,5.7,LOSS,-2.85,46,0,0.9404,-3.8806,-0.9231,20.9302,1.5528,13.354,0.8908,10,2.795,0.75,0
958,TACUSDT,LONG,2026-08-07 11:00:00 UTC,0.00323,0.00313,0.00356,5e-05,0.00304,0.0036,2.91,5.82,LOSS,-2.91,45,0,1.5723,-3.003,0.3106,23.2558,1.548,13.3127,0.8571,11,3.096,0.25,1
959,TACUSDT,LONG,2026-08-07 12:00:00 UTC,0.00324,0.00313,0.00356,5e-05,0.00304,0.00363,3.03,6.06,LOSS,-3.03,44,0,1.25,-1.2195,0.3096,25.5814,1.5432,13.2716,0.7998,12,3.3951,0.25,1
960,TACUSDT,LONG,2026-08-07 13:00:00 UTC,0.00323,0.00313,0.00356,4e-05,0.00304,0.0036,2.87,5.73,LOSS,-2.87,43,0,-1.2232,0.6231,0.3106,23.2558,1.2384,13.3127,0.7734,13,3.096,0.5,0
961,TACUSDT,LONG,2026-08-07 14:00:00 UTC,0.00324,0.00313,0.00356,4e-05,0.00304,0.00364,3.06,6.13,LOSS,-3.06,42,0,-0.6116,-0.3067,0.6192,25.5814,1.2346,13.2716,0.7298,14,3.3951,0.5,1
962,TACUSDT,LONG,2026-08-07 15:00:00 UTC,0.00318,0.00313,0.00356,5e-05,0.00304,0.00347,2.27,4.54,LOSS,-2.27,41,0,-2.454,-2.1538,-1.548,11.6279,1.5723,13.522,0.8225,15,1.5723,0.75,0
963,TACUSDT,LONG,2026-08-07 16:00:00 UTC,0.00319,0.00313,0.00356,5e-05,0.00304,0.00349,2.36,4.72,LOSS,-2.36,40,0,-3.0395,-7.5362,-0.9317,13.9535,1.5674,13.4796,0.8584,16,1.8809,0.2,1
964,TACUSDT,LONG,2026-08-07 17:00:00 UTC,0.0031,0.00309,0.00356,5e-05,0.00299,0.00333,1.81,3.61,LOSS,-1.81,71,0,-4.908,-8.8235,-3.4268,2.1277,1.6129,15.1613,0.9992,17,0.3226,0.9,0
965,TACUSDT,LONG,2026-08-07 18:00:00 UTC,0.0031,0.00308,0.00356,5e-05,0.00298,0.00333,1.89,3.78,LOSS,-1.89,70,0,-6.0606,-8.5546,-3.125,4.1667,1.6129,15.4839,0.9051,18,0.6452,0.0,0
966,TACUSDT,LONG,2026-08-07 19:00:00 UTC,0.00313,0.00308,0.00356,5e-05,0.00298,0.00342,2.35,4.71,LOSS,-2.35,69,0,-4.2813,-7.6696,-2.1875,10.4167,1.5974,15.3355,0.9147,19,1.5974,0.6,1
967,TACUSDT,LONG,2026-08-07 20:00:00 UTC,0.00314,0.00308,0.00356,5e-05,0.00298,0.00345,2.47,4.94,LOSS,-2.47,68,0,-3.681,-7.3746,-3.9755,12.5,1.5924,15.2866,0.8936,20,1.9108,0.3333,1
968,TACUSDT,LONG,2026-08-07 21:00:00 UTC,0.00314,0.00308,0.00356,5e-05,0.00299,0.00343,2.37,4.74,LOSS,-2.37,67,0,-4.2683,-6.5476,-3.3846,12.5,1.5924,15.2866,0.8341,21,1.9108,0.0,0
969,TACUSDT,LONG,2026-08-07 22:00:00 UTC,0.00314,0.00308,0.00356,4e-05,0.00299,0.00345,2.43,4.85,LOSS,-2.43,66,0,-4.5593,-6.5476,-3.3846,12.5,1.2739,15.2866,0.7893,22,1.9108,0.0,0
970,TACUSDT,LONG,2026-08-07 23:00:00 UTC,0.00315,0.00308,0.00356,5e-05,0.00299,0.00346,2.5,5.0,LOSS,-2.5,65,0,-3.6697,-4.8338,-2.7778,14.5833,1.5873,15.2381,0.8035,23,2.2222,0.2,1
971,TACUSDT,LONG,2026-08-08 00:00:00 UTC,0.00316,0.00308,0.00356,4e-05,0.00299,0.0035,2.66,5.32,LOSS,-2.66,64,0,-3.3639,-5.1051,-1.5576,16.6667,1.2658,15.1899,0.7763,0,2.5316,0.5,1
972,TACUSDT,LONG,2026-08-08 01:00:00 UTC,0.00312,0.00308,0.00356,4e-05,0.00299,0.00336,1.98,3.96,LOSS,-1.98,63,0,-4.6012,-6.0423,-3.1153,8.3333,1.2821,15.3846,0.6928,1,1.2821,1.0,0
973,TACUSDT,LONG,2026-08-08 02:00:00 UTC,0.00317,0.00308,0.00356,5e-05,0.00299,0.00352,2.82,5.65,LOSS,-2.82,62,0,-3.0675,-5.1051,-1.8634,18.75,1.5773,15.142,0.6808,2,2.8391,0.5714,1
974,TACUSDT,LONG,2026-08-08 03:00:00 UTC,0.00318,0.00308,0.00356,5e-05,0.00299,0.00357,3.03,6.07,LOSS,-3.03,61,0,-1.8519,-3.3435,-2.7523,20.8333,1.5723,15.0943,0.5455,3,3.1447,0.3333,1
975,TACUSDT,LONG,2026-08-08 04:00:00 UTC,0.00317,0.00308,0.00356,5e-05,0.00299,0.00353,2.82,5.64,LOSS,-2.82,60,0,-2.1672,-4.5317,-2.7692,18.75,1.5773,15.142,0.5288,4,2.8391,0.5,0
976,TACUSDT,LONG,2026-08-08 05:00:00 UTC,0.00317,0.00308,0.00356,4e-05,0.00299,0.00353,2.82,5.64,LOSS,-2.82,59,0,-1.8576,-5.0898,-1.5528,18.75,1.2618,15.142,0.4684,5,2.8391,0.0,0
977,TACUSDT,LONG,2026-08-08 06:00:00 UTC,0.00317,0.00308,0.00356,4e-05,0.00299,0.00351,2.71,5.42,LOSS,-2.71,58,0,-2.4615,-4.5181,-1.8576,18.75,1.2618,15.142,0.4609,6,2.8391,0.0,0
978,TACUSDT,LONG,2026-08-08 07:00:00 UTC,0.0032,0.00308,0.00356,4e-05,0.00299,0.00361,3.23,6.47,LOSS,-3.23,57,0,-1.5385,-1.8405,-1.2346,25.0,1.25,15.0,0.4931,7,3.75,0.6,1
979,TACUSDT,LONG,2026-08-08 08:00:00 UTC,0.00318,0.00308,0.00356,4e-05,0.00299,0.00356,2.97,5.93,LOSS,-2.97,56,0,-1.8519,-2.454,-1.548,20.8333,1.2579,15.0943,0.5287,8,3.1447,0.5,0
980,TACUSDT,LONG,2026-08-08 09:00:00 UTC,0.00318,0.00308,0.00356,4e-05,0.003,0.00356,2.96,5.91,LOSS,-2.96,55,0,-0.9346,-1.8519,-2.1538,20.8333,1.2579,15.0943,0.5067,9,3.1447,0.0,0
981,TACUSDT,LONG,2026-08-08 10:00:00 UTC,0.00318,0.00308,0.00356,4e-05,0.003,0.00355,2.88,5.75,LOSS,-2.88,54,0,-0.9346,-2.1538,0.0,20.8333,1.2579,15.0943,0.5175,10,3.1447,0.0,0
982,TACUSDT,LONG,2026-08-08 11:00:00 UTC,0.00319,0.00308,0.00356,4e-05,0.003,0.00359,3.07,6.13,LOSS,-3.07,53,0,-0.3125,-0.9317,0.0,22.9167,1.2539,15.047,0.4894,11,3.4483,0.3333,1
983,TACUSDT,LONG,2026-08-08 12:00:00 UTC,0.00318,0.00308,0.00356,4e-05,0.003,0.00353,2.81,5.61,LOSS,-2.81,52,0,-0.3135,-1.548,2.5806,20.8333,1.2579,15.0943,0.4571,12,3.1447,0.2,0
984,TACUSDT,LONG,2026-08-08 13:00:00 UTC,0.00315,0.00308,0.00356,4e-05,0.003,0.00346,2.43,4.85,LOSS,-2.43,51,0,-2.4768,-2.1739,1.6129,14.5833,1.2698,15.2381,0.4531,13,2.2222,0.75,0
985,TACUSDT,LONG,2026-08-08 14:00:00 UTC,0.00317,0.00308,0.00356,4e-05,0.003,0.00351,2.68,5.37,LOSS,-2.68,50,0,-1.5528,-1.2461,1.278,18.75,1.2618,15.142,0.42,14,2.8391,0.6667,1
986,TACUSDT,LONG,2026-08-08 15:00:00 UTC,0.00316,0.00308,0.00356,4e-05,0.003,0.00349,2.55,5.1,LOSS,-2.55,49,0,-1.8634,-1.8634,0.6369,16.6667,1.2658,15.1899,0.4062,15,2.5316,0.5,0
987,TACUSDT,LONG,2026-08-08 16:00:00 UTC,0.00317,0.00308,0.00356,4e-05,0.003,0.00351,2.68,5.37,LOSS,-2.68,48,0,-0.3145,-2.4615,0.9554,18.75,1.2618,15.142,0.4052,16,2.8391,0.3333,1
988,TACUSDT,LONG,2026-08-08 17:00:00 UTC,0.00319,0.00308,0.00356,4e-05,0.003,0.00356,2.88,5.76,LOSS,-2.88,47,0,0.0,-0.9317,1.5924,22.9167,1.2539,15.047,0.4224,17,3.4483,0.6667,1
989,TACUSDT,LONG,2026-08-08 18:00:00 UTC,0.00319,0.00308,0.00356,4e-05,0.00301,0.00356,2.89,5.78,LOSS,-2.89,46,0,0.0,-1.2384,1.2698,22.9167,1.2539,15.047,0.3981,18,3.4483,0.0,0
990,TACUSDT,LONG,2026-08-08 19:00:00 UTC,0.00318,0.00308,0.00356,4e-05,0.00301,0.00353,2.7,5.41,LOSS,-2.7,45,0,-0.3135,-1.2422,0.6329,20.8333,1.2579,15.0943,0.3885,19,3.1447,0.5,0
991,TACUSDT,LONG,2026-08-08 20:00:00 UTC,0.00318,0.00308,0.00356,3e-05,0.00301,0.00352,2.67,5.35,LOSS,-2.67,44,0,0.3155,-1.548,2.2508,20.8333,0.9434,15.0943,0.3882,20,3.1447,0.0,0
992,TACUSDT,LONG,2026-08-08 21:00:00 UTC,0.00317,0.00308,0.00356,3e-05,0.00301,0.00348,2.43,4.87,LOSS,-2.43,43,0,-0.9375,-1.8576,0.3165,18.75,0.9464,15.142,0.3726,21,2.8391,0.5,0
993,TACUSDT,LONG,2026-08-08 22:00:00 UTC,0.00315,0.00308,0.00356,3e-05,0.00301,0.00342,2.14,4.29,LOSS,-2.14,42,0,-2.1739,-2.1739,-0.9434,14.5833,0.9524,15.2381,0.3589,22,2.2222,0.6667,0
994,TACUSDT,LONG,2026-08-08 23:00:00 UTC,0.00317,0.00308,0.00356,3e-05,0.00301,0.00347,2.42,4.84,LOSS,-2.42,41,0,-1.8634,-1.5576,0.0,18.75,0.9464,15.142,0.6652,23,2.8391,0.25,1
995,TACUSDT,LONG,2026-08-09 00:00:00 UTC,0.00313,0.00308,0.00356,3e-05,0.00301,0.00337,1.89,3.78,LOSS,-1.89,40,0,-3.3951,-2.1875,-1.2618,10.4167,0.9585,15.3355,0.6889,0,1.5974,1.0,0
996,TACUSDT,LONG,2026-08-09 01:00:00 UTC,0.00323,0.00308,0.00356,4e-05,0.003,0.00368,3.52,7.05,LOSS,-3.52,39,0,0.3106,0.9375,1.8927,31.25,1.2384,14.8607,0.7902,1,4.644,0.8333,1
997,TACUSDT,LONG,2026-08-09 02:00:00 UTC,0.00319,0.00308,0.00356,4e-05,0.00299,0.00358,3.07,6.15,LOSS,-3.07,38,0,-5.0595,-2.4465,-0.3125,22.9167,1.2539,15.047,0.8815,2,3.4483,0.4,0
998,TACUSDT,LONG,2026-08-09 03:00:00 UTC,0.00317,0.00308,0.00356,4e-05,0.00299,0.00351,2.74,5.47,LOSS,-2.74,37,0,-6.213,-2.4615,-0.3145,18.75,1.2618,15.142,0.8559,3,2.8391,0.5,0
999,TACUSDT,LONG,2026-08-09 04:00:00 UTC,0.00316,0.00308,0.00356,4e-05,0.003,0.00348,2.55,5.09,LOSS,-2.55,36,0,-5.4054,-3.0769,-0.9434,16.6667,1.2658,15.1899,0.8673,4,2.5316,0.6667,0
1000,TACUSDT,LONG,2026-08-09 05:00:00 UTC,0.00315,0.00308,0.00356,4e-05,0.003,0.00347,2.5,5.0,LOSS,-2.5,35,0,-6.8047,-2.7778,-0.9434,14.5833,1.2698,15.2381,0.9275,5,2.2222,0.25,0
1001,TACUSDT,LONG,2026-08-09 06:00:00 UTC,0.00316,0.00308,0.00356,4e-05,0.003,0.00349,2.59,5.19,LOSS,-2.59,34,0,-8.4058,-1.5576,-0.9404,16.6667,1.2658,15.1899,0.9439,6,2.5316,0.5,1
1002,TACUSDT,LONG,2026-08-09 07:00:00 UTC,0.00315,0.00308,0.00356,4e-05,0.003,0.00345,2.41,4.82,LOSS,-2.41,33,0,-6.5282,-1.8692,-0.9434,14.5833,1.2698,15.2381,0.9703,7,2.2222,0.25,0
1003,TACUSDT,LONG,2026-08-09 08:00:00 UTC,0.00305,0.00302,0.00356,5e-05,0.00293,0.00329,1.98,3.96,LOSS,-1.98,48,0,-10.5572,-5.2795,-3.1746,5.5556,1.6393,17.7049,1.4594,8,0.9836,0.7143,0
1004,TACUSDT,LONG,2026-08-09 09:00:00 UTC,0.0031,0.00302,0.00356,5e-05,0.00292,0.00344,2.81,5.62,LOSS,-2.81,47,0,-9.621,-5.1988,-2.2082,14.8148,1.6129,17.4194,1.2315,9,2.5806,0.625,1
1005,TACUSDT,LONG,2026-08-09 10:00:00 UTC,0.00311,0.00302,0.00356,5e-05,0.00292,0.00347,2.94,5.89,LOSS,-2.94,46,0,-8.7977,-4.3077,-1.5823,16.6667,1.6077,17.3633,1.2326,10,2.8939,0.3333,1
1006,TACUSDT,LONG,2026-08-09 11:00:00 UTC,0.00309,0.00302,0.00356,5e-05,0.00293,0.00342,2.64,5.28,LOSS,-2.64,44,0,-9.3842,-4.0373,-2.5237,12.963,1.6181,17.4757,1.1299,11,2.2654,0.6667,0
1007,TACUSDT,LONG,2026-08-09 12:00:00 UTC,0.00308,0.00302,0.00356,5e-05,0.00293,0.00337,2.4,4.79,LOSS,-2.4,43,0,-8.0597,-4.644,-3.4483,11.1111,1.6234,17.5325,1.0296,12,1.9481,0.3333,0
1008,TACUSDT,LONG,2026-08-09 13:00:00 UTC,0.00307,0.00302,0.00356,4e-05,0.00293,0.00333,2.18,4.37,LOSS,-2.18,42,0,-7.8078,-5.2469,-3.7618,9.2593,1.3029,17.5896,1.0411,13,1.6287,0.3333,0
1009,TACUSDT,LONG,2026-08-09 14:00:00 UTC,0.00309,0.00302,0.00356,4e-05,0.00293,0.00339,2.5,5.0,LOSS,-2.5,41,0,-5.7927,-4.3344,-2.8302,12.963,1.2945,17.4757,1.0569,14,2.2654,0.5,1
1010,TACUSDT,LONG,2026-08-09 15:00:00 UTC,0.00307,0.00302,0.00356,4e-05,0.00293,0.00335,2.28,4.56,LOSS,-2.28,40,0,-4.3614,-5.5385,-3.4591,9.2593,1.3029,17.5896,1.0316,15,1.6287,0.6667,0
1011,TACUSDT,LONG,2026-08-09 16:00:00 UTC,0.00306,0.00302,0.00356,4e-05,0.00293,0.00332,2.12,4.24,LOSS,-2.12,39,0,-6.135,-3.7736,-3.47,7.4074,1.3072,17.6471,1.1734,16,1.3072,0.25,0
1012,TACUSDT,LONG,2026-08-09 17:00:00 UTC,0.00306,0.00302,0.00356,4e-05,0.00293,0.0033,2.02,4.05,LOSS,-2.02,38,0,-5.8462,-4.0752,-2.8571,7.4074,1.3072,17.6471,1.2232,17,1.3072,0.0,0
1013,TACUSDT,LONG,2026-08-09 18:00:00 UTC,0.00306,0.00302,0.00356,4e-05,0.00294,0.0033,2.0,3.99,LOSS,-2.0,37,0,-11.3043,-1.2903,-3.1646,7.4074,1.3072,17.6471,0.5967,18,1.3072,0.0,0
1014,TACUSDT,LONG,2026-08-09 19:00:00 UTC,0.00307,0.00302,0.00348,4e-05,0.00294,0.00332,2.08,4.16,LOSS,-2.08,36,0,-10.0,-1.2903,-2.2364,10.8696,1.3029,14.9837,0.4918,19,1.6287,0.0,0
1015,TACUSDT,LONG,2026-08-09 20:00:00 UTC,0.00306,0.00302,0.00348,4e-05,0.00294,0.0033,1.97,3.94,LOSS,-1.97,35,0,-9.7345,-2.2364,-5.2632,8.6957,1.3072,15.0327,0.4604,20,1.3072,0.5,0
1016,TACUSDT,LONG,2026-08-09 21:00:00 UTC,0.00305,0.00302,0.00343,4e-05,0.00294,0.00326,1.73,3.46,LOSS,-1.73,34,0,-10.0295,-2.8662,-4.3887,7.3171,1.3115,13.4426,0.5014,21,0.9836,0.3333,0
1017,TACUSDT,LONG,2026-08-09 22:00:00 UTC,0.00306,0.00302,0.0034,4e-05,0.00294,0.00329,1.89,3.78,LOSS,-1.89,33,0,-9.7345,-2.5478,-3.47,10.5263,1.3072,12.4183,0.5439,22,1.3072,0.25,1
1018,TACUSDT,LONG,2026-08-09 23:00:00 UTC,0.00307,0.00302,0.00339,4e-05,0.00295,0.00332,2.03,4.07,LOSS,-2.03,32,0,-8.631,-2.2293,-2.5397,13.5135,1.3029,12.0521,0.5464,23,1.6287,0.3333,1
1019,TACUSDT,LONG,2026-08-10 00:00:00 UTC,0.00306,0.00302,0.00337,4e-05,0.00294,0.00329,1.87,3.75,LOSS,-1.87,31,0,-9.2262,-3.1746,-3.1746,11.4286,1.3072,11.4379,0.6349,0,1.3072,0.3333,0
1020,TACUSDT,LONG,2026-08-10 01:00:00 UTC,0.00307,0.00302,0.00337,4e-05,0.00294,0.00332,2.04,4.07,LOSS,-2.04,30,0,-7.2508,-2.8481,-2.8481,14.2857,1.3029,11.4007,0.6581,1,1.6287,0.25,1
1021,TACUSDT,LONG,2026-08-10 02:00:00 UTC,0.00307,0.00302,0.00336,4e-05,0.00294,0.00332,2.02,4.04,LOSS,-2.02,29,0,-7.8078,-1.2862,-2.5397,14.7059,1.3029,11.0749,0.6665,2,1.6287,0.0,0
1022,TACUSDT,LONG,2026-08-10 03:00:00 UTC,0.00305,0.00302,0.00336,4e-05,0.00294,0.00326,1.73,3.47,LOSS,-1.73,28,0,-7.855,-3.481,0.0,8.8235,1.3115,11.1475,0.6523,3,0.9836,0.5,0
1023,TACUSDT,LONG,2026-08-10 04:00:00 UTC,0.00306,0.00302,0.00336,4e-05,0.00295,0.00329,1.87,3.74,LOSS,-1.87,27,0,-8.1081,-3.7736,-1.2903,11.7647,1.3072,11.1111,0.6767,4,1.3072,0.5,1
1024,TACUSDT,LONG,2026-08-10 05:00:00 UTC,0.00306,0.00302,0.00336,4e-05,0.00295,0.00328,1.79,3.57,LOSS,-1.79,26,0,-6.9909,-3.1646,-1.6077,11.7647,1.3072,11.1111,0.6792,5,1.3072,0.0,0
1025,TACUSDT,LONG,2026-08-10 06:00:00 UTC,0.00305,0.00302,0.00336,4e-05,0.00295,0.00326,1.71,3.42,LOSS,-1.71,24,0,-7.855,-3.7855,-1.2945,8.8235,1.3115,11.1475,0.6899,6,0.9836,0.5,0
1026,TACUSDT,LONG,2026-08-10 07:00:00 UTC,0.00307,0.00302,0.00336,3e-05,0.00295,0.0033,1.89,3.77,LOSS,-1.89,23,0,-8.0838,-3.1546,-0.3247,14.7059,0.9772,11.0749,0.6723,7,1.6287,0.6667,1
1027,TACUSDT,LONG,2026-08-10 08:00:00 UTC,0.00306,0.00302,0.00336,4e-05,0.00295,0.00328,1.82,3.63,LOSS,-1.82,22,0,-7.8313,-4.375,-0.3257,11.7647,1.3072,11.1111,0.6522,8,1.3072,0.25,0
1028,TACUSDT,LONG,2026-08-10 09:00:00 UTC,0.0031,0.00302,0.00333,4e-05,0.00295,0.0034,2.41,4.83,LOSS,-2.41,22,0,-4.908,-2.5157,0.3236,25.8065,1.2903,10.0,0.6919,9,2.5806,1.0,1
1029,TACUSDT,LONG,2026-08-10 10:00:00 UTC,0.00309,0.00302,0.00329,4e-05,0.00295,0.00337,2.26,4.52,LOSS,-2.26,21,0,-5.2147,-2.8302,0.6515,25.9259,1.2945,8.7379,0.6588,10,2.2654,0.1667,0
1030,TACUSDT,LONG,2026-08-10 11:00:00 UTC,0.00313,0.00302,0.00329,4e-05,0.00294,0.00349,2.91,5.82,LOSS,-2.91,20,0,-3.3951,-1.5723,2.2876,40.7407,1.278,8.6262,0.6948,11,3.5144,0.6667,1
1031,TACUSDT,LONG,2026-08-10 12:00:00 UTC,0.00314,0.00302,0.00329,4e-05,0.00294,0.00353,3.1,6.19,LOSS,-3.1,19,0,-3.3846,-1.5674,2.6144,44.4444,1.2739,8.5987,0.7412,12,3.8217,0.25,1
1032,TACUSDT,LONG,2026-08-10 13:00:00 UTC,0.00313,0.00302,0.00329,4e-05,0.00294,0.00351,3.01,6.02,LOSS,-3.01,18,0,-2.795,-1.5723,2.2876,40.7407,1.278,8.6262,0.84,13,3.5144,0.1667,0
1033,TACUSDT,LONG,2026-08-10 14:00:00 UTC,0.0031,0.00302,0.00329,4e-05,0.00294,0.00341,2.54,5.09,LOSS,-2.54,17,0,-4.0248,-1.5873,1.3072,29.6296,1.2903,8.7097,0.8413,14,2.5806,0.6,0
1034,TACUSDT,LONG,2026-08-10 15:00:00 UTC,0.00305,0.00302,0.00329,4e-05,0.00294,0.00329,1.92,3.85,LOSS,-1.92,16,0,-5.2795,-3.7855,-0.3268,11.1111,1.3115,8.8525,0.9269,15,0.9836,0.8333,0
1035,TACUSDT,LONG,2026-08-10 16:00:00 UTC,0.00305,0.00296,0.00329,5e-05,0.00286,0.00341,2.99,5.99,LOSS,-2.99,18,0,-4.9844,-3.481,0.0,27.2727,1.6393,10.8197,1.3763,16,2.9508,0.0,0
1036,TACUSDT,LONG,2026-08-10 17:00:00 UTC,0.00299,0.00296,0.00329,5e-05,0.00286,0.00325,2.18,4.36,LOSS,-2.18,25,0,-7.1429,-5.6782,-2.2876,9.0909,1.6722,11.0368,1.4719,17,1.0033,0.75,0
1037,TACUSDT,LONG,2026-08-10 18:00:00 UTC,0.003,0.00296,0.00329,5e-05,0.00286,0.00329,2.36,4.72,LOSS,-2.36,24,0,-7.3846,-5.6426,-1.9544,12.1212,1.6667,11.0,1.5245,18,1.3333,0.5,1
1038,TACUSDT,LONG,2026-08-10 19:00:00 UTC,0.00299,0.00296,0.00329,5e-05,0.00286,0.00325,2.19,4.39,LOSS,-2.19,23,0,-7.1429,-6.2696,-1.9672,9.0909,1.6722,11.0368,1.6165,19,1.0033,0.1429,0
1039,TACUSDT,LONG,2026-08-10 20:00:00 UTC,0.00301,0.00296,0.00329,5e-05,0.00286,0.00332,2.6,5.19,LOSS,-2.6,22,0,-6.8111,-5.3459,-1.9544,15.1515,1.6611,10.9635,1.6549,20,1.6611,0.2857,1
1040,TACUSDT,LONG,2026-08-10 21:00:00 UTC,0.00302,0.00296,0.00329,5e-05,0.00286,0.00335,2.72,5.43,LOSS,-2.72,21,0,-6.2112,-5.0314,-1.6287,18.1818,1.6556,10.9272,1.6307,21,1.9868,0.5,1
1041,TACUSDT,LONG,2026-08-10 22:00:00 UTC,0.00302,0.00296,0.00329,5e-05,0.00286,0.00334,2.64,5.28,LOSS,-2.64,20,0,-6.5015,-4.7319,-0.9836,18.1818,1.6556,10.9272,1.5897,22,1.9868,0.0,0
1042,TACUSDT,LONG,2026-08-10 23:00:00 UTC,0.00303,0.00296,0.00329,5e-05,0.00286,0.00337,2.82,5.63,LOSS,-2.82,19,0,-6.192,-3.8095,-0.9804,21.2121,1.6502,10.8911,1.5121,23,2.3102,0.2,1
1043,TACUSDT,LONG,2026-08-11 00:00:00 UTC,0.00299,0.00296,0.00329,5e-05,0.00286,0.00326,2.24,4.49,LOSS,-2.24,18,0,-7.1429,-5.3797,-2.2876,9.0909,1.6722,11.0368,1.6339,0,1.0033,0.6667,0
1044,TACUSDT,LONG,2026-08-11 01:00:00 UTC,0.003,0.00296,0.00329,5e-05,0.00286,0.00326,2.21,4.41,LOSS,-2.21,9,0,-6.5421,-4.1534,-1.6393,12.1212,1.6667,11.0,1.5701,1,1.3333,0.5,1
1045,TACUSDT,LONG,2026-08-11 02:00:00 UTC,0.00299,0.00296,0.00329,5e-05,0.00287,0.00325,2.13,4.27,LOSS,-2.13,8,0,-6.5625,-7.4303,-2.6059,9.0909,1.6722,11.0368,1.1058,2,1.0033,0.3333,0
1046,TACUSDT,LONG,2026-08-11 03:00:00 UTC,0.00298,0.00296,0.00329,4e-05,0.00287,0.00319,1.77,3.55,LOSS,-1.77,6,0,-6.875,-6.5831,-2.6144,6.0606,1.3423,11.0738,1.0008,3,0.6711,0.3333,0
1047,TACUSDT,LONG,2026-08-11 04:00:00 UTC,0.00298,0.00296,0.00329,4e-05,0.00287,0.0032,1.82,3.64,LOSS,-1.82,5,0,-8.8685,-5.9937,-3.871,6.0606,1.3423,11.0738,0.9199,4,0.6711,0.0,0
1048,TACUSDT,LONG,2026-08-11 05:00:00 UTC,0.00298,0.00296,0.00329,4e-05,0.00288,0.00318,1.71,3.42,LOSS,-1.71,4,0,-8.3077,-5.3968,-3.5599,6.0606,1.3423,11.0738,0.7825,5,0.6711,0.0,0
1049,TACUSDT,LONG,2026-08-11 06:00:00 UTC,0.00295,0.00295,0.00327,4e-05,0.00287,0.00313,1.47,2.94,LOSS,-1.47,4,0,-9.2308,-6.3492,-5.7508,0.0,1.3559,10.8475,0.7267,6,0.0,0.6,0
1050,TACUSDT,LONG,2026-08-11 07:00:00 UTC,0.00294,0.00293,0.00327,4e-05,0.00284,0.00313,1.65,3.3,LOSS,-1.65,11,0,-9.2593,-6.962,-6.3694,2.9412,1.3605,11.5646,0.7396,7,0.3401,0.3333,0
1051,TACUSDT,LONG,2026-08-11 08:00:00 UTC,0.00291,0.00289,0.00327,4e-05,0.0028,0.00312,1.8,3.61,LOSS,-1.8,56,0,-9.3458,-7.619,-7.0288,5.2632,1.3746,13.0584,0.9192,8,0.6873,0.6,0
1052,TACUSDT,LONG,2026-08-11 09:00:00 UTC,0.00287,0.00287,0.00327,4e-05,0.00278,0.00307,1.66,3.32,LOSS,-1.66,55,0,-10.5919,-5.9016,-7.4194,0.0,1.3937,13.9373,1.0033,9,0.0,0.6667,0
1053,TACUSDT,LONG,2026-08-11 10:00:00 UTC,0.00291,0.00286,0.00327,4e-05,0.00278,0.00318,2.31,4.62,LOSS,-2.31,54,0,-9.6273,-6.129,-4.5902,12.1951,1.3746,14.0893,0.9067,10,1.7182,0.6667,1
1054,TACUSDT,LONG,2026-08-11 11:00:00 UTC,0.00294,0.00286,0.00327,5e-05,0.00277,0.00328,2.88,5.76,LOSS,-2.88,53,0,-10.0917,-5.4662,-3.6066,19.5122,1.7007,13.9456,1.0211,11,2.7211,0.4286,1
1055,TACUSDT,LONG,2026-08-11 12:00:00 UTC,0.00297,0.00286,0.00327,5e-05,0.00277,0.00338,3.4,6.8,LOSS,-3.4,52,0,-8.6154,-3.8835,-0.6689,26.8293,1.6835,13.8047,1.1283,12,3.7037,0.6,1
1056,TACUSDT,LONG,2026-08-11 13:00:00 UTC,0.00297,0.00286,0.00326,5e-05,0.00277,0.00335,3.25,6.51,LOSS,-3.25,51,0,-7.764,-3.5714,-1.3289,27.5,1.6835,13.468,1.2431,13,3.7037,0.0,0
1057,TACUSDT,LONG,2026-08-11 14:00:00 UTC,0.00294,0.00286,0.00325,5e-05,0.00277,0.00328,2.88,5.76,LOSS,-2.88,50,0,-8.9783,-4.2345,-1.6722,20.5128,1.7007,13.2653,1.2886,14,2.7211,0.75,0
1058,TACUSDT,LONG,2026-08-11 15:00:00 UTC,0.00289,0.00286,0.00325,5e-05,0.00277,0.00314,2.12,4.24,LOSS,-2.12,49,0,-10.8025,-6.4725,-3.9867,7.6923,1.7301,13.4948,1.3968,15,1.0381,0.7143,0
1059,TACUSDT,LONG,2026-08-11 16:00:00 UTC,0.00287,0.00286,0.00325,5e-05,0.00277,0.00309,1.84,3.67,LOSS,-1.84,48,0,-11.1455,-6.5147,-4.9669,2.5641,1.7422,13.5889,1.4288,16,0.3484,0.4,0
1060,TACUSDT,LONG,2026-08-11 17:00:00 UTC,0.00287,0.00286,0.00325,5e-05,0.00277,0.00307,1.75,3.5,LOSS,-1.75,47,0,-12.0,-6.5359,-5.298,2.5641,1.7422,13.5889,1.572,17,0.3484,0.125,0
1061,TACUSDT,LONG,2026-08-11 18:00:00 UTC,0.00286,0.00282,0.00325,5e-05,0.00272,0.00312,2.33,4.67,LOSS,-2.33,49,0,-10.0629,-6.5359,-5.6106,9.3023,1.7483,15.035,1.4708,18,1.3986,0.1667,0
1062,TACUSDT,LONG,2026-08-11 19:00:00 UTC,0.00285,0.00282,0.00325,5e-05,0.00273,0.0031,2.16,4.32,LOSS,-2.16,48,0,-10.6583,-6.8627,-4.6823,6.9767,1.7544,15.0877,1.3737,19,1.0526,0.3333,0
1063,TACUSDT,LONG,2026-08-11 20:00:00 UTC,0.00287,0.00282,0.00325,5e-05,0.00273,0.00314,2.38,4.77,LOSS,-2.38,47,0,-7.7419,-6.5359,-4.6667,11.6279,1.7422,14.9826,1.3353,20,1.7422,0.5,1
1064,TACUSDT,LONG,2026-08-11 21:00:00 UTC,0.00287,0.00282,0.00325,4e-05,0.00273,0.00314,2.37,4.74,LOSS,-2.37,44,0,-7.4194,-6.2092,-4.0134,11.6279,1.3937,14.9826,1.2408,21,1.7422,0.0,0
1065,TACUSDT,LONG,2026-08-11 22:00:00 UTC,0.00287,0.00282,0.00325,4e-05,0.00274,0.00314,2.33,4.66,LOSS,-2.33,42,0,-8.3067,-5.9016,-3.6913,11.6279,1.3937,14.9826,1.1723,22,1.7422,0.0,0
1066,TACUSDT,LONG,2026-08-11 23:00:00 UTC,0.00288,0.00282,0.00325,4e-05,0.00274,0.00317,2.49,4.99,LOSS,-2.49,41,0,-8.2803,-5.8824,-3.3557,13.9535,1.3889,14.9306,1.1099,23,2.0833,0.3333,1
1067,TACUSDT,LONG,2026-08-12 00:00:00 UTC,0.00291,0.00282,0.00325,4e-05,0.00274,0.00324,2.85,5.7,LOSS,-2.85,40,0,-7.3248,-5.2117,-2.349,20.9302,1.3746,14.7766,1.1237,0,3.0928,0.75,1
1068,TACUSDT,LONG,2026-08-12 01:00:00 UTC,0.00294,0.00282,0.00325,4e-05,0.00274,0.00334,3.43,6.85,LOSS,-3.43,39,0,-6.3694,-3.6066,-0.339,27.907,1.3605,14.6259,1.0786,1,4.0816,0.5,1
1069,TACUSDT,LONG,2026-08-12 02:00:00 UTC,0.00295,0.00282,0.00325,4e-05,0.00274,0.00336,3.53,7.06,LOSS,-3.53,38,0,-6.6667,-4.2345,0.0,30.2326,1.3559,14.5763,1.0261,2,4.4068,0.0,0
1070,TACUSDT,LONG,2026-08-12 03:00:00 UTC,0.00294,0.00282,0.00325,4e-05,0.00274,0.00335,3.46,6.92,LOSS,-3.46,37,0,-6.6456,-3.9088,1.3746,27.907,1.3605,14.6259,0.8339,3,4.0816,0.0,0
1071,TACUSDT,LONG,2026-08-12 04:00:00 UTC,0.00293,0.00282,0.00325,4e-05,0.00274,0.00332,3.29,6.58,LOSS,-3.29,36,0,-5.7878,-3.9344,2.0906,25.5814,1.3652,14.6758,0.7431,4,3.7543,0.3333,0
1072,TACUSDT,LONG,2026-08-12 05:00:00 UTC,0.00293,0.00282,0.00325,4e-05,0.00274,0.0033,3.17,6.34,LOSS,-3.17,35,0,-7.2785,-4.2484,0.6873,25.5814,1.3652,14.6758,0.7515,5,3.7543,0.0,0
1073,TACUSDT,LONG,2026-08-12 06:00:00 UTC,0.00294,0.00282,0.00325,4e-05,0.00274,0.00332,3.27,6.54,LOSS,-3.27,34,0,-7.8616,-4.2484,-0.3401,27.907,1.3605,14.6259,0.7537,6,4.0816,0.0,0
1074,TACUSDT,LONG,2026-08-12 07:00:00 UTC,0.00291,0.00282,0.00325,4e-05,0.00274,0.00325,2.89,5.78,LOSS,-2.89,33,0,-7.9114,-4.5902,-2.0202,20.9302,1.3746,14.7766,0.7998,7,3.0928,0.75,0
1075,TACUSDT,LONG,2026-08-12 08:00:00 UTC,0.00293,0.00282,0.00325,4e-05,0.00275,0.00329,3.1,6.2,LOSS,-3.1,32,0,-7.571,-4.5603,-1.3468,25.5814,1.3652,14.6758,0.7905,8,3.7543,0.6667,1
1076,TACUSDT,LONG,2026-08-12 09:00:00 UTC,0.00293,0.00282,0.00325,4e-05,0.00275,0.00328,3.03,6.07,LOSS,-3.03,31,0,-7.571,-4.2484,-0.3401,25.5814,1.3652,14.6758,0.7524,9,3.7543,0.0,0
1077,TACUSDT,LONG,2026-08-12 10:00:00 UTC,0.00295,0.00282,0.00325,4e-05,0.00275,0.00334,3.38,6.76,LOSS,-3.38,30,0,-7.8125,-4.8387,2.0761,30.2326,1.3559,14.5763,0.7193,10,4.4068,0.4,1
1078,TACUSDT,LONG,2026-08-12 11:00:00 UTC,0.00296,0.00282,0.00325,4e-05,0.00275,0.0034,3.66,7.32,LOSS,-3.66,29,0,-6.9182,-4.2071,3.1359,32.5581,1.3514,14.527,0.656,11,4.7297,0.25,1
1079,TACUSDT,LONG,2026-08-12 12:00:00 UTC,0.00296,0.00282,0.00325,4e-05,0.00275,0.00339,3.61,7.22,LOSS,-3.61,28,0,-6.6038,-5.1118,3.8462,32.5581,1.3514,14.527,0.6246,12,4.7297,0.5,1
1080,TACUSDT,LONG,2026-08-12 13:00:00 UTC,0.00294,0.00282,0.00325,4e-05,0.00275,0.00333,3.28,6.57,LOSS,-3.28,27,0,-7.5472,-6.3694,2.7972,27.907,1.3605,14.6259,0.622,13,4.0816,0.6667,0
1081,TACUSDT,LONG,2026-08-12 14:00:00 UTC,0.00294,0.00282,0.00325,4e-05,0.00275,0.00333,3.26,6.51,LOSS,-3.26,26,0,-7.837,-6.0703,3.1579,27.907,1.3605,14.6259,0.6393,14,4.0816,0.0,0
1082,TACUSDT,LONG,2026-08-12 15:00:00 UTC,0.00293,0.00282,0.00325,4e-05,0.00275,0.00328,3.01,6.02,LOSS,-3.01,25,0,-7.8616,-5.4839,2.4476,25.5814,1.3652,14.6758,0.6769,15,3.7543,0.25,0
1083,TACUSDT,LONG,2026-08-12 16:00:00 UTC,0.00284,0.00282,0.00325,4e-05,0.00274,0.00305,1.79,3.58,LOSS,-1.79,24,0,-9.8413,-6.8852,-1.0453,4.6512,1.4085,15.1408,0.9279,16,0.7042,0.9,0
1084,TACUSDT,LONG,2026-08-12 17:00:00 UTC,0.00285,0.00282,0.00325,4e-05,0.00274,0.00307,1.89,3.78,LOSS,-1.89,23,0,-10.0946,-6.5574,-0.6969,6.9767,1.4035,15.0877,0.9148,17,1.0526,0.3333,1
1085,TACUSDT,LONG,2026-08-12 18:00:00 UTC,0.00287,0.00282,0.00325,4e-05,0.00274,0.00312,2.19,4.38,LOSS,-2.19,22,0,-9.1772,-4.0134,-0.3472,11.6279,1.3937,14.9826,0.9059,18,1.7422,1.0,1
1086,TACUSDT,LONG,2026-08-12 19:00:00 UTC,0.00286,0.00282,0.00325,4e-05,0.00275,0.0031,2.08,4.16,LOSS,-2.08,21,0,-9.7792,-4.9834,-1.7182,9.3023,1.3986,15.035,0.9482,19,1.3986,0.3333,0
1087,TACUSDT,LONG,2026-08-12 20:00:00 UTC,0.00286,0.00282,0.00325,4e-05,0.00275,0.00309,1.99,3.97,LOSS,-1.99,20,0,-10.3448,-4.3478,-2.7211,9.3023,1.3986,15.035,0.9222,20,1.3986,0.0,0
1088,TACUSDT,LONG,2026-08-12 21:00:00 UTC,0.00285,0.00282,0.00325,4e-05,0.00275,0.00306,1.8,3.61,LOSS,-1.8,19,0,-10.6583,-5.3156,-3.0612,6.9767,1.4035,15.0877,0.9144,21,1.0526,0.5,0
1089,TACUSDT,LONG,2026-08-12 22:00:00 UTC,0.00283,0.00282,0.00325,4e-05,0.00275,0.00299,1.38,2.76,LOSS,-1.38,18,0,-11.0063,-6.2914,-4.0678,2.3256,1.4134,15.1943,0.9274,22,0.3534,0.6667,0
1090,TACUSDT,LONG,2026-08-12 23:00:00 UTC,0.00284,0.00282,0.00325,3e-05,0.00275,0.00302,1.54,3.08,LOSS,-1.54,17,0,-10.6918,-5.9603,-3.0717,4.6512,1.0563,15.1408,0.9003,23,0.7042,0.5,1
1091,TACUSDT,LONG,2026-08-13 00:00:00 UTC,0.00287,0.00282,0.00325,3e-05,0.00275,0.00311,2.1,4.19,LOSS,-2.1,16,0,-9.4637,-5.2805,-2.0478,11.6279,1.0453,14.9826,0.8661,0,1.7422,1.0,1
1092,TACUSDT,LONG,2026-08-13 01:00:00 UTC,0.00288,0.00282,0.00325,4e-05,0.00275,0.00313,2.21,4.41,LOSS,-2.21,15,0,-8.5714,-3.6789,-1.7065,13.9535,1.3889,14.9306,0.8642,1,2.0833,0.25,1
1093,TACUSDT,LONG,2026-08-13 02:00:00 UTC,0.00285,0.00282,0.00325,4e-05,0.00275,0.00305,1.74,3.47,LOSS,-1.74,14,0,-9.8101,-5.0,-2.0619,6.9767,1.4035,15.0877,0.5921,2,1.0526,0.75,0
1094,TACUSDT,LONG,2026-08-13 03:00:00 UTC,0.00286,0.00282,0.00325,3e-05,0.00275,0.00306,1.78,3.57,LOSS,-1.78,13,0,-8.6262,-4.3478,-2.3891,9.3023,1.049,15.035,0.5573,3,1.3986,0.5,1
1095,TACUSDT,LONG,2026-08-13 04:00:00 UTC,0.00289,0.00282,0.00325,3e-05,0.00275,0.00315,2.3,4.6,LOSS,-2.3,12,0,-10.5263,-3.0201,-1.3652,16.2791,1.0381,14.8789,0.5776,4,2.4221,0.75,1
1096,TACUSDT,LONG,2026-08-13 05:00:00 UTC,0.00289,0.00282,0.00325,4e-05,0.00275,0.00318,2.5,5.0,LOSS,-2.5,11,0,-9.4044,-3.0201,-2.0339,16.2791,1.3841,14.8789,0.6089,5,2.4221,0.0,0
1097,TACUSDT,LONG,2026-08-13 06:00:00 UTC,0.00291,0.00282,0.0032,4e-05,0.00275,0.00322,2.7,5.39,LOSS,-2.7,10,0,-8.2019,-2.349,-1.6892,23.6842,1.3746,13.0584,0.6289,6,3.0928,0.5,1
1098,TACUSDT,LONG,2026-08-13 07:00:00 UTC,0.00289,0.00282,0.00319,4e-05,0.00275,0.00317,2.44,4.88,LOSS,-2.44,9,0,-8.254,-2.0339,-2.6936,18.9189,1.3841,12.8028,0.6145,7,2.4221,1.0,0
1099,TACUSDT,LONG,2026-08-13 08:00:00 UTC,0.00288,0.00282,0.00319,4e-05,0.00275,0.00315,2.3,4.6,LOSS,-2.3,8,0,-8.254,-1.7007,-1.7007,16.2162,1.3889,12.8472,0.6155,8,2.0833,0.0,0
1100,TACUSDT,LONG,2026-08-13 09:00:00 UTC,0.00288,0.00282,0.00319,3e-05,0.00275,0.00315,2.28,4.57,LOSS,-2.28,7,0,-8.8608,-1.0309,-2.0408,16.2162,1.0417,12.8472,0.652,9,2.0833,0.0,0
1101,TACUSDT,LONG,2026-08-13 10:00:00 UTC,0.00288,0.00282,0.00319,3e-05,0.00275,0.00314,2.21,4.43,LOSS,-2.21,6,0,-8.5714,0.3484,-1.7065,16.2162,1.0417,12.8472,0.6632,10,2.0833,0.0,0
1102,TACUSDT,LONG,2026-08-13 11:00:00 UTC,0.00288,0.00282,0.00316,4e-05,0.00275,0.00313,2.19,4.38,LOSS,-2.19,5,0,-5.5738,-1.0309,1.4085,17.6471,1.3889,11.8056,0.6491,11,2.0833,0.0,0
1103,TACUSDT,LONG,2026-08-13 12:00:00 UTC,0.00285,0.00282,0.00316,4e-05,0.00275,0.00304,1.72,3.45,LOSS,-1.72,4,0,-8.3871,-3.4014,-0.3509,8.8235,1.4035,11.9298,0.7444,12,1.0526,0.8,0
1104,TACUSDT,LONG,2026-08-13 13:00:00 UTC,0.00285,0.00282,0.00316,4e-05,0.00275,0.00306,1.81,3.62,LOSS,-1.81,3,0,-8.3601,-4.0404,-0.6969,8.8235,1.4035,11.9298,0.7827,13,1.0526,0.0,0
1105,TACUSDT,LONG,2026-08-13 14:00:00 UTC,0.00284,0.00282,0.00316,4e-05,0.00275,0.00301,1.54,3.08,LOSS,-1.54,2,0,-8.0906,-4.3771,-0.6993,5.8824,1.4085,11.9718,0.7956,14,0.7042,0.25,0
1106,TACUSDT,LONG,2026-08-13 15:00:00 UTC,0.00283,0.00282,0.00316,4e-05,0.00275,0.00301,1.55,3.09,LOSS,-1.55,1,0,-8.1169,-3.7415,-1.049,2.9412,1.4134,12.0141,0.7472,15,0.3534,0.3333,0
1107,TACUSDT,LONG,2026-08-13 16:00:00 UTC,0.00278,0.00274,0.00316,4e-05,0.00265,0.00302,2.18,4.35,LOSS,-2.18,5,0,-9.772,-4.1522,-2.807,9.5238,1.4388,15.1079,0.9826,16,1.4388,0.6667,0
1108,TACUSDT,LONG,2026-08-13 17:00:00 UTC,0.00275,0.00273,0.00316,4e-05,0.00265,0.00293,1.73,3.45,LOSS,-1.73,4,0,-11.3269,-4.5296,-3.1802,4.6512,1.4545,15.6364,1.1241,17,0.7273,0.6667,0
1109,TACUSDT,LONG,2026-08-13 18:00:00 UTC,0.00276,0.00273,0.00316,4e-05,0.00265,0.00296,1.88,3.76,LOSS,-1.88,3,0,-10.0977,-3.4965,-2.8169,6.9767,1.4493,15.5797,1.126,18,1.087,0.3333,1
1110,TACUSDT,LONG,2026-08-13 19:00:00 UTC,0.00276,0.00272,0.00316,4e-05,0.00264,0.00299,2.11,4.23,LOSS,-2.11,2,0,-9.8039,-3.4965,-3.8328,9.0909,1.4493,15.942,1.2078,19,1.4493,0.0,0
1111,TACUSDT,LONG,2026-08-13 20:00:00 UTC,0.00276,0.00272,0.00316,4e-05,0.00264,0.003,2.15,4.3,LOSS,-2.15,1,0,-9.8039,-3.1579,-4.1667,9.0909,1.4493,15.942,1.23,20,1.4493,0.0,0
1112,TACUSDT,LONG,2026-08-13 21:00:00 UTC,0.00272,0.00264,0.00316,5e-05,0.00254,0.00309,3.37,6.74,LOSS,-3.37,131,0,-11.1111,-4.8951,-4.5614,15.3846,1.8382,19.1176,1.5229,21,2.9412,0.2857,0
1113,TACUSDT,LONG,2026-08-13 22:00:00 UTC,0.00275,0.00264,0.00316,5e-05,0.00254,0.00316,3.73,7.47,LOSS,-3.73,130,0,-10.1307,-4.1812,-3.8462,21.1538,1.8182,18.9091,1.5575,22,4.0,1.0,1
1114,TACUSDT,LONG,2026-08-13 23:00:00 UTC,0.00274,0.00264,0.00316,5e-05,0.00254,0.00314,3.62,7.24,LOSS,-3.62,129,0,-10.4575,-4.5296,-5.1903,19.2308,1.8248,18.9781,1.5467,23,3.6496,0.3333,0
1115,TACUSDT,LONG,2026-08-14 00:00:00 UTC,0.00274,0.00264,0.00316,4e-05,0.00255,0.00313,3.54,7.08,LOSS,-3.54,128,0,-10.1639,-4.8611,-5.1903,19.2308,1.4599,18.9781,1.4831,0,3.6496,0.0,0
1116,TACUSDT,LONG,2026-08-14 01:00:00 UTC,0.00274,0.00264,0.00316,4e-05,0.00255,0.00312,3.49,6.98,LOSS,-3.49,127,0,-10.4575,-5.8419,-5.8419,19.2308,1.4599,18.9781,1.5422,1,3.6496,0.0,0
1117,TACUSDT,LONG,2026-08-14 02:00:00 UTC,0.00273,0.00264,0.00316,4e-05,0.00255,0.00309,3.3,6.59,LOSS,-3.3,126,0,-11.0749,-7.1429,-5.5363,17.3077,1.4652,19.0476,1.316,2,3.2967,0.3333,0
1118,TACUSDT,LONG,2026-08-14 03:00:00 UTC,0.00265,0.00264,0.00316,5e-05,0.00254,0.00287,2.05,4.09,WIN,4.09,34,1,-13.1148,-9.8639,-8.3045,1.9231,1.8868,19.6226,1.5775,3,0.3774,0.8,0
1119,TACUSDT,LONG,2026-08-14 04:00:00 UTC,0.00269,0.00264,0.00316,5e-05,0.00254,0.003,2.84,5.69,WIN,5.69,61,1,-12.3779,-8.8136,-6.5972,9.6154,1.8587,19.3309,1.6304,4,1.8587,0.6667,1
1120,TACUSDT,LONG,2026-08-14 05:00:00 UTC,0.00271,0.00264,0.00316,5e-05,0.00254,0.00304,3.08,6.16,LOSS,-3.08,123,0,-11.7264,-7.5085,-5.9028,13.4615,1.845,19.1882,1.5717,5,2.583,0.4,1
1121,TACUSDT,LONG,2026-08-14 06:00:00 UTC,0.00271,0.00264,0.00316,5e-05,0.00254,0.00303,3.01,6.02,LOSS,-3.01,122,0,-11.1475,-7.5085,-5.9028,13.4615,1.845,19.1882,1.5565,6,2.583,0.0,0
1122,TACUSDT,LONG,2026-08-14 07:00:00 UTC,0.00268,0.00264,0.00316,4e-05,0.00255,0.00296,2.56,5.12,WIN,5.12,30,1,-12.4183,-8.5324,-5.6338,7.6923,1.4925,19.403,1.22,7,1.4925,1.0,0
1123,TACUSDT,LONG,2026-08-14 08:00:00 UTC,0.00269,0.00264,0.00316,4e-05,0.00255,0.00298,2.67,5.33,WIN,5.33,29,1,-12.0915,-7.5601,-5.614,9.6154,1.487,19.3309,1.1549,8,1.8587,0.3333,1
1124,TACUSDT,LONG,2026-08-14 09:00:00 UTC,0.00266,0.00262,0.00316,5e-05,0.00253,0.00291,2.38,4.75,WIN,4.75,28,1,-12.7869,-9.215,-6.338,7.4074,1.8797,20.3008,1.2812,9,1.5038,0.4286,0
1125,TACUSDT,LONG,2026-08-14 10:00:00 UTC,0.00265,0.00262,0.00316,4e-05,0.00253,0.00287,2.09,4.18,WIN,4.18,27,1,-13.6808,-9.5563,-6.3604,5.5556,1.5094,20.3774,1.3307,10,1.1321,0.3333,0
1126,TACUSDT,LONG,2026-08-14 11:00:00 UTC,0.00261,0.00261,0.00316,5e-05,0.00251,0.0028,1.84,3.68,WIN,3.68,25,1,-14.7059,-11.5254,-5.7762,0.0,1.9157,21.0728,1.3037,11,0.0,0.6667,0
1127,TACUSDT,LONG,2026-08-14 12:00:00 UTC,0.0026,0.00258,0.00316,5e-05,0.00249,0.00281,2.07,4.14,WIN,4.14,25,1,-16.129,-12.1622,-5.1095,3.4483,1.9231,22.3077,1.3806,12,0.7692,0.1667,0
1128,TACUSDT,LONG,2026-08-14 13:00:00 UTC,0.00265,0.00258,0.00316,5e-05,0.00249,0.00297,3.02,6.04,WIN,6.04,24,1,-14.2395,-10.7744,-3.9855,12.069,1.8868,21.8868,1.0317,13,2.6415,0.8333,1
1129,TACUSDT,LONG,2026-08-14 14:00:00 UTC,0.00262,0.00258,0.00316,5e-05,0.00249,0.00287,2.44,4.89,WIN,4.89,23,1,-16.2939,-10.8844,-5.0725,6.8966,1.9084,22.1374,1.0774,14,1.5267,0.6,0
1130,TACUSDT,LONG,2026-08-14 15:00:00 UTC,0.00266,0.00258,0.00316,5e-05,0.00249,0.003,3.23,6.45,LOSS,-3.23,113,0,-15.2866,-9.5238,-3.6232,13.7931,1.8797,21.8045,1.0901,15,3.0075,0.8,1
1131,TACUSDT,LONG,2026-08-14 16:00:00 UTC,0.00266,0.00258,0.00315,5e-05,0.00249,0.00301,3.26,6.51,LOSS,-3.26,112,0,-15.016,-9.215,-2.2059,14.0351,1.8797,21.4286,1.1945,16,3.0075,0.0,0
1132,TACUSDT,LONG,2026-08-14 17:00:00 UTC,0.00266,0.00258,0.00314,5e-05,0.00249,0.00299,3.15,6.31,WIN,6.31,48,1,-14.1935,-6.338,-3.2727,14.2857,1.8797,21.0526,1.2401,17,3.0075,0.0,0
1133,TACUSDT,LONG,2026-08-14 18:00:00 UTC,0.00266,0.00258,0.00311,4e-05,0.00249,0.003,3.17,6.33,WIN,6.33,47,1,-12.7869,-6.6667,-2.9197,15.0943,1.5038,19.9248,1.2602,18,3.0075,0.0,0
1134,TACUSDT,LONG,2026-08-14 19:00:00 UTC,0.00264,0.00258,0.00307,4e-05,0.0025,0.00292,2.69,5.38,WIN,5.38,18,1,-13.4426,-8.0139,-3.6496,12.2449,1.5152,18.5606,1.1572,19,2.2727,1.0,0
1135,TACUSDT,LONG,2026-08-14 20:00:00 UTC,0.00263,0.00258,0.00307,4e-05,0.0025,0.00288,2.43,4.87,WIN,4.87,17,1,-12.0401,-8.042,-4.0146,10.2041,1.5209,18.6312,1.1653,20,1.9011,1.0,0
1136,TACUSDT,LONG,2026-08-14 21:00:00 UTC,0.00263,0.00258,0.00307,4e-05,0.0025,0.0029,2.48,4.97,WIN,4.97,16,1,-12.6246,-8.042,-3.663,10.2041,1.5209,18.6312,1.087,21,1.9011,0.0,0
1137,TACUSDT,LONG,2026-08-14 22:00:00 UTC,0.00268,0.00258,0.00307,4e-05,0.0025,0.00303,3.29,6.58,LOSS,-3.29,106,0,-10.3679,-5.9649,1.1321,20.4082,1.4925,18.2836,1.0262,22,3.7313,0.8333,1
1138,TACUSDT,LONG,2026-08-14 23:00:00 UTC,0.00262,0.00256,0.00307,5e-05,0.00246,0.00292,2.92,5.84,WIN,5.84,14,1,-12.9568,-7.4205,-2.6022,11.7647,1.9084,19.4656,1.2694,23,2.2901,0.4615,0
1139,TACUSDT,LONG,2026-08-15 00:00:00 UTC,0.00263,0.00256,0.00307,5e-05,0.00247,0.00294,3.02,6.04,WIN,6.04,13,1,-12.9139,-7.3944,-2.952,13.7255,1.9011,19.3916,1.192,0,2.6616,0.3333,1
1140,TACUSDT,LONG,2026-08-15 01:00:00 UTC,0.00263,0.00256,0.00307,5e-05,0.00247,0.00296,3.13,6.26,WIN,6.26,12,1,-12.5828,-8.0139,-2.583,13.7255,1.9011,19.3916,1.1435,1,2.6616,0.3333,1
1141,TACUSDT,LONG,2026-08-15 02:00:00 UTC,0.00263,0.00256,0.00307,4e-05,0.00247,0.00296,3.05,6.11,WIN,6.11,11,1,-13.2013,-8.6806,-1.8657,13.7255,1.5209,19.3916,1.0164,2,2.6616,0.0,0
1142,TACUSDT,LONG,2026-08-15 03:00:00 UTC,0.00262,0.00256,0.00304,4e-05,0.00247,0.00291,2.75,5.51,WIN,5.51,10,1,-12.3746,-8.0702,-2.6022,12.5,1.5267,18.3206,0.953,3,2.2901,0.3333,0
1143,TACUSDT,LONG,2026-08-15 04:00:00 UTC,0.00261,0.00256,0.00301,4e-05,0.00248,0.00288,2.54,5.08,WIN,5.08,9,1,-13.0,-8.7413,-1.8797,11.1111,1.5326,17.2414,0.9202,4,1.9157,0.5,0
1144,TACUSDT,LONG,2026-08-15 05:00:00 UTC,0.00263,0.00256,0.003,4e-05,0.00248,0.00293,2.85,5.71,WIN,5.71,8,1,-12.0401,-8.9965,-0.7547,15.9091,1.5209,16.73,0.9018,5,2.6616,0.6667,1
1145,TACUSDT,LONG,2026-08-15 06:00:00 UTC,0.00265,0.00256,0.003,4e-05,0.00248,0.00301,3.31,6.62,LOSS,-3.31,98,0,-11.0738,-8.3045,1.5326,20.4545,1.5094,16.6038,0.914,6,3.3962,0.4,1
1146,TACUSDT,LONG,2026-08-15 07:00:00 UTC,0.00266,0.00256,0.003,4e-05,0.00248,0.00302,3.4,6.79,LOSS,-3.4,97,0,-10.7383,-8.5911,2.3077,22.7273,1.5038,16.5414,0.9216,7,3.7594,0.5,1
1147,TACUSDT,LONG,2026-08-15 08:00:00 UTC,0.00267,0.00256,0.003,4e-05,0.00248,0.00303,3.42,6.84,LOSS,-3.42,96,0,-10.4027,-7.6125,0.7547,25.0,1.4981,16.4794,0.9033,8,4.1199,0.5,1
1148,TACUSDT,LONG,2026-08-15 09:00:00 UTC,0.00265,0.00256,0.003,4e-05,0.00248,0.00298,3.11,6.22,WIN,6.22,4,1,-10.1695,-8.3045,1.145,20.4545,1.5094,16.6038,0.5638,9,3.3962,0.6667,0
1149,TACUSDT,LONG,2026-08-15 10:00:00 UTC,0.00268,0.00256,0.00299,4e-05,0.00248,0.00307,3.67,7.34,LOSS,-3.67,94,0,-8.8435,-6.9444,0.7519,27.907,1.4925,16.0448,0.614,10,4.4776,0.5,1
1150,TACUSDT,LONG,2026-08-15 11:00:00 UTC,0.00272,0.00256,0.00299,4e-05,0.00248,0.00322,4.53,9.06,LOSS,-4.53,93,0,-6.5292,-5.5556,2.2556,37.2093,1.4706,15.8088,0.7536,11,5.8824,0.5,1
1151,TACUSDT,LONG,2026-08-15 12:00:00 UTC,0.00274,0.00256,0.00299,5e-05,0.00247,0.0033,5.03,10.06,LOSS,-5.03,92,0,-4.5296,-4.8611,3.0075,41.8605,1.8248,15.6934,0.9683,12,6.5693,0.2,1
1152,TACUSDT,LONG,2026-08-15 13:00:00 UTC,0.00292,0.00256,0.00299,6e-05,0.00244,0.00388,8.24,16.47,LOSS,-8.24,91,0,0.3436,2.8169,9.7744,83.7209,2.0548,14.726,1.542,13,12.3288,0.75,1
1153,TACUSDT,LONG,2026-08-15 14:00:00 UTC,0.00279,0.00256,0.00299,7e-05,0.00243,0.0035,6.42,12.83,LOSS,-6.42,90,0,-5.4422,-2.4561,5.303,53.4884,2.509,15.4122,2.4746,14,8.2437,0.9333,0
1154,TACUSDT,LONG,2026-08-15 15:00:00 UTC,0.00284,0.00256,0.00299,7e-05,0.00243,0.00366,7.26,14.53,LOSS,-7.26,89,0,-4.3771,0.0,7.9848,65.1163,2.4648,15.1408,2.6482,15,9.8592,0.625,1
1155,TACUSDT,LONG,2026-08-15 16:00:00 UTC,0.0029,0.00256,0.00298,7e-05,0.00242,0.00387,8.31,16.62,LOSS,-8.31,88,0,-2.3569,2.4735,10.2662,80.9524,2.4138,14.4828,2.8452,16,11.7241,0.5455,1
1156,TACUSDT,LONG,2026-08-15 17:00:00 UTC,0.0029,0.00256,0.00298,7e-05,0.00242,0.00386,8.28,16.56,LOSS,-8.28,87,0,-1.3605,4.6931,8.209,80.9524,2.4138,14.4828,2.9834,17,11.7241,0.0,0
1157,TACUSDT,LONG,2026-08-15 18:00:00 UTC,0.00291,0.00256,0.00298,7e-05,0.00242,0.00388,8.37,16.74,LOSS,-8.37,86,0,0.692,6.2044,11.0687,83.3333,2.4055,14.433,3.0572,18,12.0275,0.1667,1
1158,TACUSDT,LONG,2026-08-15 19:00:00 UTC,0.00288,0.00256,0.00298,7e-05,0.00243,0.00378,7.83,15.67,LOSS,-7.83,85,0,0.0,3.9855,9.1255,76.1905,2.4306,14.5833,3.1553,19,11.1111,0.8,0
1159,TACUSDT,LONG,2026-08-15 20:00:00 UTC,0.00289,0.00256,0.00298,7e-05,0.00243,0.00381,7.97,15.95,LOSS,-7.97,84,0,1.049,4.7101,9.4697,78.5714,2.4221,14.5329,3.1466,20,11.4187,0.1667,1
1160,TACUSDT,LONG,2026-08-15 21:00:00 UTC,0.00287,0.00256,0.00298,6e-05,0.00243,0.00374,7.63,15.26,LOSS,-7.63,83,0,0.3497,3.9855,9.1255,73.8095,2.0906,14.6341,3.1166,21,10.8014,0.4,0
1161,TACUSDT,LONG,2026-08-15 22:00:00 UTC,0.00284,0.00256,0.00298,6e-05,0.00243,0.00365,7.19,14.37,LOSS,-7.19,82,0,-0.3509,4.4118,8.3969,66.6667,2.1127,14.7887,2.9942,22,9.8592,0.5,0
1162,TACUSDT,LONG,2026-08-15 23:00:00 UTC,0.00281,0.00256,0.00298,6e-05,0.00243,0.00355,6.66,13.32,LOSS,-6.66,81,0,-1.7483,2.1818,7.6628,59.5238,2.1352,14.9466,2.5405,23,8.8968,0.5,0
1163,TACUSDT,LONG,2026-08-16 00:00:00 UTC,0.00279,0.00256,0.00298,6e-05,0.00244,0.0035,6.36,12.71,LOSS,-6.36,80,0,-2.7875,1.8248,6.0837,54.7619,2.1505,15.0538,1.5398,0,8.2437,0.6667,0
1164,TACUSDT,LONG,2026-08-16 01:00:00 UTC,0.00278,0.00256,0.00298,6e-05,0.00244,0.00346,6.12,12.24,LOSS,-6.12,79,0,-3.1359,1.4599,4.9057,52.381,2.1583,15.1079,1.4039,1,7.9137,0.2,0
1165,TACUSDT,LONG,2026-08-16 02:00:00 UTC,0.00275,0.00256,0.00298,6e-05,0.00244,0.00338,5.68,11.36,LOSS,-5.68,78,0,-4.5139,0.365,3.3835,45.2381,2.1818,15.2727,1.1982,2,6.9091,0.75,0
1166,TACUSDT,LONG,2026-08-16 03:00:00 UTC,0.00274,0.00256,0.00298,6e-05,0.00244,0.00332,5.3,10.61,LOSS,-5.3,77,0,-5.8419,0.3663,2.6217,42.8571,2.1898,15.3285,1.0736,3,6.5693,0.25,0
1167,TACUSDT,LONG,2026-08-16 04:00:00 UTC,0.00279,0.00256,0.00298,6e-05,0.00244,0.00347,6.13,12.27,LOSS,-6.13,76,0,-5.102,5.283,5.283,54.7619,2.1505,15.0538,0.9934,4,8.2437,0.7143,1
1168,TACUSDT,LONG,2026-08-16 05:00:00 UTC,0.00275,0.00256,0.00298,6e-05,0.00244,0.00337,5.63,11.26,LOSS,-5.63,75,0,-6.4626,2.2305,2.6119,45.2381,2.1818,15.2727,1.0077,5,6.9091,0.5,0
1169,TACUSDT,LONG,2026-08-16 06:00:00 UTC,0.00274,0.00256,0.00298,6e-05,0.00244,0.00332,5.31,10.61,LOSS,-5.31,74,0,-7.1186,1.107,0.7353,42.8571,2.1898,15.3285,0.9891,6,6.5693,0.25,0
1170,TACUSDT,LONG,2026-08-16 07:00:00 UTC,0.00274,0.00256,0.00298,6e-05,0.00245,0.00331,5.28,10.56,LOSS,-5.28,73,0,-6.4846,1.107,0.0,42.8571,2.1898,15.3285,0.9527,7,6.5693,0.0,0
1171,TACUSDT,LONG,2026-08-16 08:00:00 UTC,0.00277,0.00256,0.00298,6e-05,0.00245,0.0034,5.75,11.49,LOSS,-5.75,72,0,-5.4608,3.3582,-5.137,50.0,2.1661,15.1625,0.9301,8,7.5812,0.5,1
1172,TACUSDT,LONG,2026-08-16 09:00:00 UTC,0.00277,0.00256,0.00298,5e-05,0.00245,0.00341,5.74,11.49,LOSS,-5.74,71,0,-5.4608,2.974,-0.3597,50.0,1.8051,15.1625,0.861,9,7.5812,0.0,0
1173,TACUSDT,LONG,2026-08-16 10:00:00 UTC,0.00276,0.00256,0.00298,5e-05,0.00246,0.00335,5.44,10.88,LOSS,-5.44,70,0,-5.1546,3.7594,-2.8169,47.619,1.8116,15.2174,0.8248,10,7.2464,0.3333,0
1174,TACUSDT,LONG,2026-08-16 11:00:00 UTC,0.00275,0.00256,0.00298,5e-05,0.00246,0.00334,5.34,10.67,LOSS,-5.34,69,0,-5.802,4.1509,-4.8276,45.2381,1.8182,15.2727,0.7611,11,6.9091,0.0,0
1175,TACUSDT,LONG,2026-08-16 12:00:00 UTC,0.00275,0.00256,0.00298,5e-05,0.00246,0.00332,5.19,10.37,LOSS,-5.19,68,0,-6.1433,5.364,-5.1724,45.2381,1.8182,15.2727,0.7255,12,6.9091,0.0,0
1176,TACUSDT,LONG,2026-08-16 13:00:00 UTC,0.00274,0.00256,0.00298,5e-05,0.00247,0.0033,5.02,10.05,LOSS,-5.02,67,0,-7.1186,5.3846,-5.8419,42.8571,1.8248,15.3285,0.7016,13,6.5693,0.5,0
1177,TACUSDT,LONG,2026-08-16 14:00:00 UTC,0.00276,0.00256,0.00298,5e-05,0.00247,0.00333,5.22,10.44,LOSS,-5.22,66,0,-6.7568,4.1509,-3.8328,47.619,1.8116,15.2174,0.7036,14,7.2464,0.3333,1
1178,TACUSDT,LONG,2026-08-16 15:00:00 UTC,0.00279,0.00256,0.00298,5e-05,0.00247,0.00343,5.75,11.5,LOSS,-5.75,65,0,-6.0606,6.4885,-3.4602,54.7619,1.7921,15.0538,0.5774,15,8.2437,0.5,1
1179,TACUSDT,LONG,2026-08-16 16:00:00 UTC,0.00275,0.00256,0.00298,5e-05,0.00246,0.00332,5.2,10.41,LOSS,-5.2,64,0,-6.4626,3.3835,-4.1812,45.2381,1.8182,15.2727,0.6449,16,6.9091,0.5714,0
1180,TACUSDT,LONG,2026-08-16 17:00:00 UTC,0.00294,0.00256,0.003,6e-05,0.00243,0.00395,8.59,17.18,LOSS,-8.59,63,0,0.0,10.5263,3.5211,86.3636,2.0408,14.966,1.694,17,12.9252,0.76,1
1181,TACUSDT,LONG,2026-08-16 18:00:00 UTC,0.00294,0.00256,0.003,6e-05,0.00243,0.00396,8.65,17.29,LOSS,-8.65,62,0,0.3413,10.5263,4.6263,86.3636,2.0408,14.966,1.8937,18,12.9252,0.0,0
1182,TACUSDT,LONG,2026-08-16 19:00:00 UTC,0.00293,0.00256,0.003,6e-05,0.00243,0.00392,8.46,16.93,LOSS,-8.46,61,0,3.169,10.1504,5.0179,84.0909,2.0478,15.0171,1.9194,19,12.628,0.25,0
1183,TACUSDT,LONG,2026-08-16 20:00:00 UTC,0.00292,0.00256,0.003,6e-05,0.00244,0.00387,8.22,16.44,LOSS,-8.22,60,0,2.4561,10.6061,5.036,81.8182,2.0548,15.0685,1.9858,20,12.3288,0.2,0
1184,TACUSDT,LONG,2026-08-16 21:00:00 UTC,0.00292,0.00256,0.003,6e-05,0.00244,0.00389,8.26,16.53,LOSS,-8.26,59,0,1.7422,11.0266,6.1818,81.8182,2.0548,15.0685,2.034,21,12.3288,0.0,0
1185,TACUSDT,LONG,2026-08-16 22:00:00 UTC,0.00288,0.00256,0.003,6e-05,0.00244,0.00378,7.76,15.53,LOSS,-7.76,58,0,1.049,9.8859,5.4745,72.7273,2.0833,15.2778,2.0539,22,11.1111,0.4286,0
1186,TACUSDT,LONG,2026-08-16 23:00:00 UTC,0.00286,0.00256,0.003,6e-05,0.00244,0.00371,7.38,14.76,LOSS,-7.38,57,0,0.0,6.7164,2.509,68.1818,2.0979,15.3846,2.1026,23,10.4895,0.6667,0
1187,TACUSDT,LONG,2026-08-17 00:00:00 UTC,0.00294,0.00256,0.003,6e-05,0.00244,0.00394,8.52,17.03,LOSS,-8.52,56,0,3.1579,12.2137,6.9091,86.3636,2.0408,14.966,2.1168,0,12.9252,1.0,1
1188,TACUSDT,LONG,2026-08-17 01:00:00 UTC,0.00293,0.00256,0.003,6e-05,0.00244,0.0039,8.34,16.68,LOSS,-8.34,55,0,3.5336,11.4068,6.9343,84.0909,2.0478,15.0171,2.1484,1,12.628,0.1667,0
1189,TACUSDT,LONG,2026-08-17 02:00:00 UTC,0.00287,0.00256,0.003,6e-05,0.00244,0.00373,7.52,15.04,LOSS,-7.52,54,0,1.0563,8.7121,4.7445,70.4545,2.0906,15.331,2.1141,2,10.8014,0.75,0
1190,TACUSDT,LONG,2026-08-17 03:00:00 UTC,0.00287,0.00256,0.003,6e-05,0.00244,0.00373,7.5,15.0,LOSS,-7.5,53,0,0.0,9.1255,3.6101,70.4545,2.0906,15.331,1.0724,3,10.8014,0.0,0
1191,TACUSDT,LONG,2026-08-17 04:00:00 UTC,0.00284,0.00256,0.003,6e-05,0.00244,0.00364,7.07,14.15,LOSS,-7.07,52,0,-1.3889,8.3969,2.5271,63.6364,2.1127,15.493,0.8756,4,9.8592,0.4286,0
1192,TACUSDT,LONG,2026-08-17 05:00:00 UTC,0.00284,0.00256,0.003,6e-05,0.00244,0.00363,6.99,13.97,LOSS,-6.99,51,0,-0.3509,8.8123,2.8986,63.6364,2.1127,15.493,0.8275,5,9.8592,0.0,0
1193,TACUSDT,LONG,2026-08-17 06:00:00 UTC,0.00282,0.00256,0.003,6e-05,0.00245,0.00357,6.64,13.28,LOSS,-6.64,50,0,-1.3986,7.2243,2.1739,59.0909,2.1277,15.6028,0.8038,6,9.2199,0.6667,0
1194,TACUSDT,LONG,2026-08-17 07:00:00 UTC,0.00284,0.00256,0.003,6e-05,0.00245,0.00363,6.93,13.86,LOSS,-6.93,49,0,-1.7301,7.1698,3.2727,63.6364,2.1127,15.493,0.7683,7,9.8592,0.5,1
1195,TACUSDT,LONG,2026-08-17 08:00:00 UTC,0.0028,0.00256,0.003,6e-05,0.00245,0.00351,6.31,12.63,LOSS,-6.31,48,0,-3.1142,5.2632,2.1898,54.5455,2.1429,15.7143,0.7804,8,8.5714,0.8,0
1196,TACUSDT,LONG,2026-08-17 09:00:00 UTC,0.00282,0.00256,0.003,5e-05,0.00245,0.00355,6.49,12.99,LOSS,-6.49,47,0,-3.0928,5.618,2.1739,59.0909,1.773,15.6028,0.7349,9,9.2199,0.6667,1
1197,TACUSDT,LONG,2026-08-17 10:00:00 UTC,0.0028,0.00256,0.003,5e-05,0.00246,0.0035,6.18,12.35,LOSS,-6.18,46,0,-3.1142,5.6604,0.3584,54.5455,1.7857,15.7143,0.6927,10,8.5714,1.0,0
1198,TACUSDT,LONG,2026-08-17 11:00:00 UTC,0.00284,0.00256,0.003,5e-05,0.00246,0.00361,6.78,13.55,LOSS,-6.78,45,0,-1.7301,5.9701,3.2727,63.6364,1.7606,15.493,0.6688,11,9.8592,0.6667,1
1199,TACUSDT,LONG,2026-08-17 12:00:00 UTC,0.00283,0.00256,0.003,5e-05,0.00246,0.00358,6.6,13.19,LOSS,-6.6,44,0,-1.7361,4.0441,-3.7415,61.3636,1.7668,15.5477,0.6351,12,9.5406,0.3333,0
1200,TACUSDT,LONG,2026-08-17 13:00:00 UTC,0.0028,0.00256,0.003,5e-05,0.00246,0.00347,6.02,12.04,LOSS,-6.02,43,0,-3.125,1.8248,-5.102,54.5455,1.7857,15.7143,0.5843,13,8.5714,0.8,0
1201,TACUSDT,LONG,2026-08-17 14:00:00 UTC,0.00279,0.00256,0.003,5e-05,0.00246,0.00344,5.83,11.66,LOSS,-5.83,42,0,-3.125,-4.4521,-4.7782,52.2727,1.7921,15.7706,0.5486,14,8.2437,0.5,0
1202,TACUSDT,LONG,2026-08-17 15:00:00 UTC,0.0028,0.00256,0.003,5e-05,0.00247,0.00346,5.91,11.82,LOSS,-5.91,41,0,-1.4085,0.7194,-4.1096,54.5455,1.7857,15.7143,0.5592,15,8.5714,0.3333,1
1203,TACUSDT,LONG,2026-08-17 16:00:00 UTC,0.00279,0.00256,0.003,5e-05,0.00247,0.00344,5.79,11.58,LOSS,-5.79,40,0,-2.1053,-1.7606,-4.4521,52.2727,1.7921,15.7706,0.6353,16,8.2437,0.3333,0
1204,TACUSDT,LONG,2026-08-17 17:00:00 UTC,0.00274,0.00256,0.003,5e-05,0.00246,0.00328,4.99,9.97,LOSS,-4.99,39,0,-3.5211,-5.5172,-5.1903,40.9091,1.8248,16.0584,0.6711,17,6.5693,0.7143,0
1205,TACUSDT,LONG,2026-08-17 18:00:00 UTC,0.00275,0.00256,0.003,5e-05,0.00246,0.00333,5.23,10.46,LOSS,-5.23,38,0,-2.8269,-5.1724,-3.8462,43.1818,1.8182,16.0,0.704,18,6.9091,0.2,1
1206,TACUSDT,LONG,2026-08-17 19:00:00 UTC,0.00272,0.00256,0.003,5e-05,0.00247,0.00324,4.72,9.45,LOSS,-4.72,37,0,-1.8051,-6.5292,-7.483,36.3636,1.8382,16.1765,0.729,19,5.8824,0.75,0
1207,TACUSDT,LONG,2026-08-17 20:00:00 UTC,0.00275,0.00256,0.003,5e-05,0.00247,0.00332,5.17,10.35,LOSS,-5.17,36,0,0.7299,-3.8328,-5.802,43.1818,1.8182,16.0,0.7412,20,6.9091,1.0,1
1208,TACUSDT,LONG,2026-08-17 21:00:00 UTC,0.00274,0.00256,0.003,5e-05,0.00247,0.00328,4.95,9.9,LOSS,-4.95,35,0,-0.7246,-5.1903,-4.5296,40.9091,1.8248,16.0584,0.7316,21,6.5693,0.25,0
1209,TACUSDT,LONG,2026-08-17 22:00:00 UTC,0.00276,0.00256,0.003,4e-05,0.00247,0.00333,5.2,10.41,LOSS,-5.2,34,0,0.0,-3.8328,-3.8328,45.4545,1.4493,15.942,0.6955,22,7.2464,0.6667,1
1210,TACUSDT,LONG,2026-08-17 23:00:00 UTC,0.00272,0.00256,0.003,4e-05,0.00247,0.00322,4.59,9.17,LOSS,-4.59,33,0,-1.4493,-4.2254,-4.2254,36.3636,1.4706,16.1765,0.6767,23,5.8824,1.0,0
1211,TACUSDT,LONG,2026-08-18 00:00:00 UTC,0.00272,0.00256,0.003,4e-05,0.00247,0.00322,4.57,9.15,LOSS,-4.57,32,0,0.0,-3.2028,-4.2254,36.3636,1.4706,16.1765,0.651,0,5.8824,0.0,0
1212,TACUSDT,LONG,2026-08-18 01:00:00 UTC,0.00277,0.00256,0.003,4e-05,0.00247,0.00337,5.37,10.75,LOSS,-5.37,31,0,0.7273,-0.7168,-1.773,47.7273,1.444,15.8845,0.7319,1,7.5812,1.0,1
1213,TACUSDT,LONG,2026-08-18 02:00:00 UTC,0.00275,0.00256,0.003,4e-05,0.00247,0.0033,4.99,9.99,LOSS,-4.99,30,0,0.365,-1.0791,-3.169,43.1818,1.4545,16.0,0.6761,2,6.9091,0.4,0
1214,TACUSDT,LONG,2026-08-18 03:00:00 UTC,0.00268,0.00256,0.003,5e-05,0.00247,0.0031,3.95,7.9,LOSS,-3.95,29,0,-2.1898,-2.5455,-4.2857,27.2727,1.8657,16.4179,0.6912,3,4.4776,0.7778,0
1215,TACUSDT,LONG,2026-08-18 04:00:00 UTC,0.0027,0.00256,0.003,5e-05,0.00247,0.00316,4.28,8.56,LOSS,-4.28,28,0,-1.4599,-1.4599,-4.2553,31.8182,1.8519,16.2963,0.6218,4,5.1852,0.5,1
1216,TACUSDT,LONG,2026-08-18 05:00:00 UTC,0.0027,0.00256,0.003,5e-05,0.00247,0.00315,4.2,8.39,LOSS,-4.2,27,0,-1.0989,-3.2258,-3.5714,31.8182,1.8519,16.2963,0.5751,5,5.1852,0.0,0
1217,TACUSDT,LONG,2026-08-18 06:00:00 UTC,0.00266,0.00256,0.003,5e-05,0.00246,0.00306,3.75,7.5,LOSS,-3.75,26,0,0.3774,-3.2727,-6.338,22.7273,1.8797,16.5414,0.7053,6,3.7594,0.5,0
1218,TACUSDT,LONG,2026-08-18 07:00:00 UTC,0.00266,0.00256,0.003,5e-05,0.00247,0.00303,3.57,7.13,LOSS,-3.57,25,0,-1.1152,-2.9197,-6.0071,22.7273,1.8797,16.5414,0.7283,7,3.7594,0.0,0
1219,TACUSDT,LONG,2026-08-18 08:00:00 UTC,0.00265,0.00256,0.003,5e-05,0.00247,0.00302,3.45,6.9,LOSS,-3.45,24,0,-2.214,-3.2847,-5.0179,20.4545,1.8868,16.6038,0.7524,8,3.3962,0.3333,0
1220,TACUSDT,LONG,2026-08-18 09:00:00 UTC,0.00263,0.00256,0.003,4e-05,0.00247,0.00294,2.98,5.97,LOSS,-2.98,23,0,-2.952,-5.0542,-5.7348,15.9091,1.5209,16.73,0.7715,9,2.6616,0.6667,0
1221,TACUSDT,LONG,2026-08-18 10:00:00 UTC,0.00264,0.00256,0.003,4e-05,0.00247,0.00297,3.15,6.3,LOSS,-3.15,22,0,-1.4925,-4.6931,-5.7143,18.1818,1.5152,16.6667,0.7835,10,3.0303,0.5,1
1222,TACUSDT,LONG,2026-08-18 11:00:00 UTC,0.00263,0.00256,0.003,4e-05,0.00247,0.00294,2.95,5.91,LOSS,-2.95,21,0,-2.2305,-4.7101,-5.7348,15.9091,1.5209,16.73,0.7869,11,2.6616,0.25,0
1223,TACUSDT,LONG,2026-08-18 12:00:00 UTC,0.00267,0.00256,0.003,4e-05,0.00247,0.00308,3.75,7.51,LOSS,-3.75,20,0,0.3759,-3.2609,-2.5547,25.0,1.4981,16.4794,0.7998,12,4.1199,0.8,1
1224,TACUSDT,LONG,2026-08-18 13:00:00 UTC,0.00268,0.00256,0.003,4e-05,0.00247,0.00308,3.76,7.51,LOSS,-3.76,19,0,1.1321,-2.5455,-2.5455,27.2727,1.4925,16.4179,0.7457,13,4.4776,0.25,1
1225,TACUSDT,LONG,2026-08-18 14:00:00 UTC,0.00269,0.00256,0.003,4e-05,0.00248,0.00313,4.01,8.03,LOSS,-4.01,18,0,3.0651,-1.8248,-1.1029,29.5455,1.487,16.3569,0.7388,14,4.8327,0.5,1
1226,TACUSDT,LONG,2026-08-18 15:00:00 UTC,0.00272,0.00256,0.003,4e-05,0.00248,0.0032,4.44,8.87,LOSS,-4.44,17,0,4.6154,-1.4493,-1.4493,36.3636,1.4706,16.1765,0.7865,15,5.8824,0.75,1
1227,TACUSDT,LONG,2026-08-18 16:00:00 UTC,0.00272,0.00256,0.003,4e-05,0.00248,0.00321,4.51,9.01,LOSS,-4.51,16,0,2.6415,-2.509,-0.7299,36.3636,1.4706,16.1765,0.7029,16,5.8824,0.0,0
1228,TACUSDT,LONG,2026-08-18 17:00:00 UTC,0.00271,0.00256,0.003,4e-05,0.00248,0.00318,4.34,8.68,LOSS,-4.34,15,0,3.4351,-1.4545,-1.8116,34.0909,1.476,16.2362,0.7174,17,5.5351,0.25,0
1229,TACUSDT,LONG,2026-08-18 18:00:00 UTC,0.0027,0.00256,0.003,4e-05,0.00248,0.00314,4.08,8.16,LOSS,-4.08,14,0,1.5038,-8.1633,-0.7353,31.8182,1.4815,16.2963,0.7024,18,5.1852,0.3333,0
1230,TACUSDT,LONG,2026-08-18 19:00:00 UTC,0.00268,0.00256,0.003,4e-05,0.00248,0.00309,3.79,7.59,LOSS,-3.79,13,0,0.7519,-8.8435,-1.4706,27.2727,1.4925,16.4179,0.6945,19,4.4776,0.6667,0
1231,TACUSDT,LONG,2026-08-18 20:00:00 UTC,0.00268,0.00256,0.003,4e-05,0.00248,0.00308,3.72,7.44,LOSS,-3.72,12,0,0.7519,-8.5324,-3.2491,27.2727,1.4925,16.4179,0.6816,20,4.4776,0.0,0
1232,TACUSDT,LONG,2026-08-18 21:00:00 UTC,0.00269,0.00256,0.003,4e-05,0.00249,0.00309,3.72,7.43,LOSS,-3.72,11,0,1.1278,-7.8767,-2.1818,29.5455,1.487,16.3569,0.5759,21,4.8327,0.5,1
1233,TACUSDT,LONG,2026-08-18 22:00:00 UTC,0.00265,0.00256,0.003,4e-05,0.00249,0.00297,3.07,6.14,LOSS,-3.07,10,0,0.3788,-9.2466,-1.1194,20.4545,1.5094,16.6038,0.5476,22,3.3962,0.8,0
1234,TACUSDT,LONG,2026-08-18 23:00:00 UTC,0.00265,0.00256,0.003,4e-05,0.00249,0.00298,3.09,6.19,LOSS,-3.09,9,0,0.7605,-8.3045,-1.8519,20.4545,1.5094,16.6038,0.5084,23,3.3962,0.0,0
1235,TACUSDT,LONG,2026-08-19 00:00:00 UTC,0.00266,0.00256,0.003,4e-05,0.00249,0.00299,3.13,6.26,LOSS,-3.13,8,0,1.1407,-6.993,-1.4815,22.7273,1.5038,16.5414,0.5017,0,3.7594,0.5,1
1236,TACUSDT,LONG,2026-08-19 01:00:00 UTC,0.0027,0.00256,0.003,4e-05,0.00248,0.00314,4.04,8.09,LOSS,-4.04,7,0,0.7463,-8.1633,1.5038,31.8182,1.4815,16.2963,0.5114,1,5.1852,0.5714,1
1237,TACUSDT,LONG,2026-08-19 02:00:00 UTC,0.00267,0.00256,0.003,4e-05,0.00248,0.00304,3.48,6.96,LOSS,-3.48,6,0,1.9084,-8.8737,0.3759,25.0,1.4981,16.4794,0.4777,2,4.1199,1.0,0
1238,TACUSDT,LONG,2026-08-19 03:00:00 UTC,0.00267,0.00261,0.003,4e-05,0.00253,0.00294,2.52,5.05,LOSS,-2.52,5,0,1.1407,-7.3171,0.3774,15.3846,1.4981,14.6067,0.4653,3,2.2472,0.3333,0
1239,TACUSDT,LONG,2026-08-19 04:00:00 UTC,0.00268,0.00261,0.003,4e-05,0.00253,0.00297,2.73,5.45,LOSS,-2.73,4,0,1.5152,-6.6202,1.9011,17.9487,1.4925,14.5522,0.7596,4,2.6119,0.25,1
1240,TACUSDT,LONG,2026-08-19 05:00:00 UTC,0.00262,0.00261,0.003,4e-05,0.00253,0.0028,1.71,3.42,LOSS,-1.71,3,0,-0.3802,-7.7465,-0.7576,2.5641,1.5267,14.8855,0.7922,5,0.3817,0.8571,0
1241,TACUSDT,LONG,2026-08-19 06:00:00 UTC,0.00262,0.00261,0.003,4e-05,0.00253,0.0028,1.72,3.44,LOSS,-1.72,2,0,0.0,-7.7465,-0.3802,2.5641,1.5267,14.8855,0.8083,6,0.3817,0.0,0
1242,TACUSDT,LONG,2026-08-19 07:00:00 UTC,0.00257,0.00256,0.003,4e-05,0.00248,0.00275,1.75,3.51,LOSS,-1.75,1,0,-1.5326,-8.8652,-3.7453,2.2727,1.5564,17.1206,0.9337,7,0.3891,0.8333,0
1243,TACUSDT,LONG,2026-08-19 08:00:00 UTC,0.00245,0.00241,0.003,5e-05,0.00231,0.00272,2.75,5.49,LOSS,-2.75,2,0,-6.8441,-13.7324,-8.5821,6.7797,2.0408,24.0816,1.6046,8,1.6327,0.6667,0
1244,TACUSDT,LONG,2026-08-19 09:00:00 UTC,0.00246,0.00241,0.003,5e-05,0.00231,0.00275,2.99,5.99,LOSS,-2.99,1,0,-7.1698,-12.1429,-8.5502,8.4746,2.0325,23.9837,1.691,9,2.0325,0.2,1
1245,TACUSDT,LONG,2026-08-19 10:00:00 UTC,0.00232,0.00226,0.003,6e-05,0.00213,0.0027,4.06,8.12,WIN,8.12,47,1,-12.782,-17.7305,-14.7059,8.1081,2.5862,31.8966,2.2104,10,2.5862,0.7,0
1246,TACUSDT,LONG,2026-08-19 11:00:00 UTC,0.00239,0.00226,0.003,6e-05,0.00213,0.0029,5.37,10.73,LOSS,-5.37,81,0,-10.4869,-14.6429,-12.1324,17.5676,2.5105,30.9623,2.3296,11,5.4393,0.7778,1
1247,TACUSDT,LONG,2026-08-19 12:00:00 UTC,0.00239,0.00226,0.003,6e-05,0.00213,0.00292,5.46,10.91,LOSS,-5.46,80,0,-9.434,-15.493,-11.4391,17.5676,2.5105,30.9623,2.3791,12,5.4393,0.2,1
1248,TACUSDT,LONG,2026-08-19 13:00:00 UTC,0.0024,0.00226,0.003,6e-05,0.00214,0.00294,5.55,11.1,LOSS,-5.55,79,0,-10.0746,-14.841,-10.7407,18.9189,2.5,30.8333,2.4012,13,5.8333,0.5,1
1249,TACUSDT,LONG,2026-08-19 14:00:00 UTC,0.00237,0.00226,0.003,6e-05,0.00214,0.00284,4.94,9.88,WIN,9.88,45,1,-12.8676,-15.0538,-11.5672,14.8649,2.5316,31.2236,2.2078,14,4.6414,0.6,0
1250,TACUSDT,LONG,2026-08-19 15:00:00 UTC,0.00243,0.00226,0.003,6e-05,0.00214,0.00301,6.02,12.03,LOSS,-6.02,77,0,-11.3139,-12.9032,-9.3284,22.973,2.4691,30.4527,2.238,15,6.9959,0.8571,1
1251,TACUSDT,LONG,2026-08-19 16:00:00 UTC,0.00248,0.00226,0.003,6e-05,0.00213,0.00317,7.02,14.03,LOSS,-7.02,76,0,-15.0685,-11.4286,-7.8067,29.7297,2.4194,29.8387,2.4474,16,8.871,0.5,1
1252,TACUSDT,LONG,2026-08-19 17:00:00 UTC,0.00249,0.00226,0.003,6e-05,0.00214,0.0032,7.11,14.21,LOSS,-7.11,75,0,-10.4317,-10.7527,-6.0377,31.0811,2.4096,29.7189,2.4706,17,9.2369,0.3333,1
1253,TACUSDT,LONG,2026-08-19 18:00:00 UTC,0.00246,0.00226,0.003,6e-05,0.00214,0.00311,6.55,13.11,LOSS,-6.55,74,0,-13.3803,-10.219,-7.1698,27.027,2.439,30.0813,1.9148,18,8.1301,0.75,0
1254,TACUSDT,LONG,2026-08-19 19:00:00 UTC,0.00245,0.00226,0.003,6e-05,0.00214,0.00308,6.37,12.74,LOSS,-6.37,73,0,-15.5172,-10.9091,-7.8947,25.6757,2.449,30.2041,1.8869,19,7.7551,0.3333,0
1255,TACUSDT,LONG,2026-08-19 20:00:00 UTC,0.00246,0.00226,0.003,6e-05,0.00215,0.00309,6.41,12.82,LOSS,-6.41,72,0,-15.1724,-9.5588,-8.8889,27.027,2.439,30.0813,1.2517,20,8.1301,0.5,1
1256,TACUSDT,LONG,2026-08-19 21:00:00 UTC,0.00248,0.00226,0.003,5e-05,0.00215,0.00316,6.78,13.55,LOSS,-6.78,71,0,-14.7766,-10.1449,-7.1161,29.7297,2.0161,29.8387,1.0686,21,8.871,0.4,1
1257,TACUSDT,LONG,2026-08-19 22:00:00 UTC,0.00248,0.00226,0.003,5e-05,0.00215,0.00314,6.63,13.26,LOSS,-6.63,70,0,-13.5889,-9.4891,-6.7669,29.7297,2.0161,29.8387,1.046,22,8.871,0.0,0
1258,TACUSDT,LONG,2026-08-19 23:00:00 UTC,0.00246,0.00226,0.003,5e-05,0.00215,0.00307,6.2,12.4,LOSS,-6.2,69,0,-14.8789,-10.8696,-8.209,27.027,2.0325,30.0813,1.0262,23,8.1301,0.6667,0
1259,TACUSDT,LONG,2026-08-20 00:00:00 UTC,0.00246,0.00226,0.003,5e-05,0.00216,0.00306,6.11,12.22,LOSS,-6.11,68,0,-14.2857,-9.5588,-6.1069,27.027,2.0325,30.0813,0.9749,0,8.1301,0.0,0
1260,TACUSDT,LONG,2026-08-20 01:00:00 UTC,0.00246,0.00226,0.003,5e-05,0.00216,0.00307,6.15,12.3,LOSS,-6.15,67,0,-13.3803,-9.5588,-6.1069,27.027,2.0325,30.0813,0.972,1,8.1301,0.0,0
1261,TACUSDT,LONG,2026-08-20 02:00:00 UTC,0.00244,0.00226,0.003,5e-05,0.00216,0.003,5.72,11.45,LOSS,-5.72,66,0,-13.1673,-11.9134,-5.0584,24.3243,2.0492,30.3279,0.7065,2,7.377,1.0,0
1262,TACUSDT,LONG,2026-08-20 03:00:00 UTC,0.00246,0.00226,0.003,5e-05,0.00216,0.00304,5.96,11.93,LOSS,-5.96,65,0,-11.828,-10.5455,0.4082,27.027,2.0325,30.0813,0.6622,3,8.1301,0.6667,1
1263,TACUSDT,LONG,2026-08-20 04:00:00 UTC,0.00244,0.00226,0.003,5e-05,0.00217,0.00298,5.56,11.12,LOSS,-5.56,64,0,-12.2302,-8.9552,-0.813,24.3243,2.0492,30.3279,0.6434,4,7.377,0.6667,0
1264,TACUSDT,LONG,2026-08-20 05:00:00 UTC,0.00244,0.00226,0.003,4e-05,0.00217,0.00299,5.61,11.23,LOSS,-5.61,63,0,-11.2727,-9.6296,5.1724,24.3243,1.6393,30.3279,0.5967,5,7.377,0.0,0
1265,TACUSDT,LONG,2026-08-20 06:00:00 UTC,0.00243,0.00226,0.003,4e-05,0.00217,0.00295,5.32,10.64,LOSS,-5.32,62,0,-11.3139,-10.0,1.6736,22.973,1.6461,30.4527,0.606,6,6.9959,0.5,0
1266,TACUSDT,LONG,2026-08-20 07:00:00 UTC,0.00244,0.00226,0.003,4e-05,0.00217,0.00297,5.42,10.83,LOSS,-5.42,61,0,-12.5448,-8.2707,1.6667,24.3243,1.6393,30.3279,0.5817,7,7.377,0.5,1
1267,TACUSDT,LONG,2026-08-20 08:00:00 UTC,0.00242,0.00226,0.003,4e-05,0.00218,0.00292,5.13,10.26,LOSS,-5.13,60,0,-12.0,-9.0226,0.4149,21.6216,1.6529,30.5785,0.5575,8,6.6116,0.5,0
1268,TACUSDT,LONG,2026-08-20 09:00:00 UTC,0.00249,0.00226,0.003,4e-05,0.00217,0.00313,6.44,12.87,LOSS,-6.44,59,0,-9.1241,-6.0377,5.0633,31.0811,1.6064,29.7189,0.6166,9,9.2369,1.0,1
1269,TACUSDT,LONG,2026-08-20 10:00:00 UTC,0.00249,0.00226,0.003,4e-05,0.00217,0.00312,6.34,12.67,LOSS,-6.34,58,0,-9.1241,-5.3232,2.4691,31.0811,1.6064,29.7189,0.6482,10,9.2369,0.0,0
1270,TACUSDT,LONG,2026-08-20 11:00:00 UTC,0.00249,0.00226,0.003,4e-05,0.00217,0.00312,6.3,12.61,LOSS,-6.3,57,0,-10.1083,-5.6818,0.4032,31.0811,1.6064,29.7189,0.6296,11,9.2369,0.0,0
1271,TACUSDT,LONG,2026-08-20 12:00:00 UTC,0.00248,0.00226,0.003,4e-05,0.00218,0.00309,6.11,12.22,LOSS,-6.11,56,0,-10.4693,-5.7034,-0.4016,29.7297,1.6129,29.8387,0.6231,12,8.871,1.0,0
1272,TACUSDT,LONG,2026-08-20 13:00:00 UTC,0.00249,0.00226,0.003,4e-05,0.00218,0.00311,6.25,12.51,LOSS,-6.25,55,0,-9.7826,-6.7416,1.2195,31.0811,1.6064,29.7189,0.6699,13,9.2369,0.25,1
1273,TACUSDT,LONG,2026-08-20 14:00:00 UTC,0.00254,0.00226,0.003,4e-05,0.00217,0.00328,7.26,14.52,LOSS,-7.26,54,0,-7.971,-5.2239,3.6735,37.8378,1.5748,29.1339,0.712,14,11.0236,0.7143,1
1274,TACUSDT,LONG,2026-08-20 15:00:00 UTC,0.00249,0.00226,0.003,4e-05,0.00217,0.00314,6.47,12.94,LOSS,-6.47,53,0,-9.4545,-7.4349,1.2195,31.0811,1.6064,29.7189,0.7609,15,9.2369,0.8333,0
1275,TACUSDT,LONG,2026-08-20 16:00:00 UTC,0.00254,0.00226,0.003,4e-05,0.00217,0.00327,7.26,14.51,LOSS,-7.26,52,0,-7.2993,-6.6176,2.4194,37.8378,1.5748,29.1339,0.7937,16,11.0236,0.8333,1
1276,TACUSDT,LONG,2026-08-20 17:00:00 UTC,0.00255,0.00226,0.003,4e-05,0.00217,0.00331,7.47,14.95,LOSS,-7.47,51,0,-7.6087,-6.25,2.8226,39.1892,1.5686,29.0196,0.7966,17,11.3725,0.3333,1
1277,TACUSDT,LONG,2026-08-20 18:00:00 UTC,0.00252,0.00226,0.003,4e-05,0.00217,0.00323,7.01,14.02,LOSS,-7.01,50,0,-9.6774,-7.0111,2.439,35.1351,1.5873,29.3651,0.777,18,10.3175,0.75,0
1278,TACUSDT,LONG,2026-08-20 19:00:00 UTC,0.00253,0.00226,0.003,4e-05,0.00217,0.00325,7.11,14.22,LOSS,-7.11,49,0,-8.0,-6.2963,2.8455,36.4865,1.581,29.249,0.7111,19,10.6719,0.5,1
1279,TACUSDT,LONG,2026-08-20 20:00:00 UTC,0.00253,0.00226,0.003,4e-05,0.00218,0.00323,6.94,13.87,LOSS,-6.94,48,0,-13.9456,-5.597,2.8455,36.4865,1.581,29.249,0.6713,20,10.6719,0.0,0
1280,TACUSDT,LONG,2026-08-20 21:00:00 UTC,0.00254,0.00226,0.00298,4e-05,0.00218,0.00327,7.18,14.36,LOSS,-7.18,47,0,-13.6054,-5.2239,4.0984,38.8889,1.5748,28.3465,0.694,21,11.0236,0.3333,1
1281,TACUSDT,LONG,2026-08-20 22:00:00 UTC,0.00255,0.00226,0.00298,4e-05,0.00218,0.00329,7.26,14.52,LOSS,-7.26,46,0,-12.9693,-5.2045,3.6585,40.2778,1.5686,28.2353,0.7004,22,11.3725,0.5,1
1282,TACUSDT,LONG,2026-08-20 23:00:00 UTC,0.00256,0.00226,0.00298,4e-05,0.00218,0.00332,7.43,14.86,LOSS,-7.43,45,0,-12.3288,-3.3962,4.918,41.6667,1.5625,28.125,0.6242,23,11.7188,0.3333,1
1283,TACUSDT,LONG,2026-08-21 00:00:00 UTC,0.00257,0.00226,0.00298,4e-05,0.00218,0.00336,7.61,15.22,LOSS,-7.61,44,0,-11.9863,-3.0189,5.3279,43.0556,1.5564,28.0156,0.6079,0,12.0623,0.25,1
1284,TACUSDT,LONG,2026-08-21 01:00:00 UTC,0.00252,0.00226,0.00298,4e-05,0.00218,0.00321,6.84,13.69,LOSS,-6.84,43,0,-12.8028,-5.2632,3.7037,36.1111,1.5873,28.5714,0.5757,1,10.3175,0.8333,0
1285,TACUSDT,LONG,2026-08-21 02:00:00 UTC,0.00255,0.00226,0.00298,4e-05,0.00217,0.00329,7.33,14.66,LOSS,-7.33,42,0,-10.8392,-5.5556,4.5082,40.2778,1.5686,28.2353,0.7234,2,11.3725,0.375,1
1286,TACUSDT,LONG,2026-08-21 03:00:00 UTC,0.00257,0.00226,0.00298,4e-05,0.00217,0.00335,7.65,15.3,LOSS,-7.65,41,0,-12.585,-3.7453,6.1983,43.0556,1.5564,28.0156,0.717,3,12.0623,0.5,1
1287,TACUSDT,LONG,2026-08-21 04:00:00 UTC,0.00254,0.00226,0.00298,4e-05,0.00217,0.00327,7.19,14.38,LOSS,-7.19,40,0,-13.3106,-4.5113,2.008,38.8889,1.5748,28.3465,0.7288,4,11.0236,0.75,0
1288,TACUSDT,LONG,2026-08-21 05:00:00 UTC,0.00256,0.00226,0.00294,4e-05,0.00217,0.00334,7.59,15.18,LOSS,-7.59,39,0,-10.8014,-4.4776,2.8112,44.1176,1.5625,26.5625,0.725,5,11.7188,0.5,1
1289,TACUSDT,LONG,2026-08-21 06:00:00 UTC,0.0026,0.00226,0.00289,4e-05,0.00217,0.00345,8.2,16.4,LOSS,-8.2,38,0,-9.4077,-0.7634,4.4177,53.9683,1.5385,24.2308,0.8037,6,13.0769,0.8,1
1290,TACUSDT,LONG,2026-08-21 07:00:00 UTC,0.00261,0.00226,0.00289,4e-05,0.00217,0.00349,8.4,16.8,LOSS,-8.4,37,0,-8.0986,-0.3817,5.2419,55.5556,1.5326,24.1379,0.826,7,13.41,0.25,1
1291,TACUSDT,LONG,2026-08-21 08:00:00 UTC,0.00268,0.00226,0.00286,4e-05,0.00217,0.00369,9.49,18.97,LOSS,-9.49,36,0,-5.9859,3.8911,7.2289,70.0,1.4925,22.3881,0.9693,8,15.6716,0.8571,1
1292,TACUSDT,LONG,2026-08-21 09:00:00 UTC,0.00275,0.00226,0.00286,5e-05,0.00216,0.00393,10.69,21.37,LOSS,-10.69,35,0,-2.4823,12.2449,8.2677,81.6667,1.8182,21.8182,1.086,9,17.8182,0.875,1
1293,TACUSDT,LONG,2026-08-21 10:00:00 UTC,0.00276,0.00226,0.00286,5e-05,0.00216,0.00395,10.86,21.72,LOSS,-10.86,34,0,-2.8169,12.1951,10.8434,83.3333,1.8116,21.7391,1.2292,10,18.1159,0.125,1
1294,TACUSDT,LONG,2026-08-21 11:00:00 UTC,0.00278,0.00226,0.00286,5e-05,0.00215,0.00404,11.35,22.7,LOSS,-11.35,33,0,-0.7143,19.8276,9.4488,86.6667,1.7986,21.5827,1.3772,11,18.705,0.2,1
1295,TACUSDT,LONG,2026-08-21 12:00:00 UTC,0.00278,0.00226,0.00286,5e-05,0.00215,0.00402,11.26,22.51,LOSS,-11.26,32,0,-1.4184,16.318,9.0196,86.6667,1.7986,21.5827,1.2357,12,18.705,0.0,0
1296,TACUSDT,LONG,2026-08-21 13:00:00 UTC,0.00275,0.00226,0.00286,5e-05,0.00215,0.00394,10.87,21.75,LOSS,-10.87,31,0,-1.7857,14.5833,9.127,81.6667,1.8182,21.8182,1.285,13,17.8182,0.6,0
1297,TACUSDT,LONG,2026-08-21 14:00:00 UTC,0.00278,0.00226,0.00286,5e-05,0.00215,0.00405,11.39,22.78,LOSS,-11.39,30,0,-1.7606,15.7676,10.2767,86.6667,1.7986,21.5827,1.2781,14,18.705,0.6667,1
1298,TACUSDT,LONG,2026-08-21 15:00:00 UTC,0.00275,0.00226,0.00286,5e-05,0.00215,0.00396,10.97,21.93,LOSS,-10.97,29,0,-2.8269,16.0338,8.6957,81.6667,1.8182,21.8182,1.2986,15,17.8182,0.6,0
1299,TACUSDT,LONG,2026-08-21 16:00:00 UTC,0.00274,0.00226,0.00285,5e-05,0.00215,0.00392,10.75,21.5,LOSS,-10.75,28,0,-1.7921,12.7572,7.874,81.3559,1.8248,21.5328,1.2588,16,17.5182,0.3333,0
1300,TACUSDT,LONG,2026-08-21 17:00:00 UTC,0.00273,0.00226,0.00285,5e-05,0.00215,0.00389,10.6,21.21,LOSS,-10.6,27,0,-2.1505,10.0806,7.0588,79.661,1.8315,21.6117,1.2513,17,17.2161,0.25,0
1301,TACUSDT,LONG,2026-08-21 18:00:00 UTC,0.00274,0.00226,0.00285,5e-05,0.00216,0.0039,10.6,21.21,LOSS,-10.6,26,0,-2.1429,10.0402,7.0312,81.3559,1.8248,21.5328,1.1057,18,17.5182,0.5,1
1302,TACUSDT,LONG,2026-08-21 19:00:00 UTC,0.00273,0.00226,0.00285,5e-05,0.00216,0.00387,10.41,20.83,LOSS,-10.41,25,0,-2.1505,10.9756,6.2257,79.661,1.8315,21.6117,0.9913,19,17.2161,0.3333,0
1303,TACUSDT,LONG,2026-08-21 20:00:00 UTC,0.0027,0.00226,0.00285,5e-05,0.00216,0.00378,9.97,19.94,LOSS,-9.97,24,0,-1.4599,10.2041,7.1429,74.5763,1.8519,21.8519,0.8173,20,16.2963,0.75,0
1304,TACUSDT,LONG,2026-08-21 21:00:00 UTC,0.00272,0.00226,0.00285,5e-05,0.00216,0.00385,10.29,20.59,LOSS,-10.29,23,0,-0.7273,10.9756,7.0588,77.9661,1.8382,21.6912,0.6181,21,16.9118,0.75,1
1305,TACUSDT,LONG,2026-08-21 22:00:00 UTC,0.00275,0.00226,0.00285,5e-05,0.00217,0.00393,10.68,21.36,LOSS,-10.68,22,0,1.1029,10.8871,7.0039,83.0508,1.8182,21.4545,0.5702,22,17.8182,1.0,1
1306,TACUSDT,LONG,2026-08-21 23:00:00 UTC,0.00276,0.00226,0.00285,4e-05,0.00217,0.00396,10.79,21.57,LOSS,-10.79,21,0,0.0,11.2903,8.6614,84.7458,1.4493,21.3768,0.5173,23,18.1159,0.25,1
1307,TACUSDT,LONG,2026-08-22 00:00:00 UTC,0.00276,0.00226,0.00285,4e-05,0.00217,0.00392,10.6,21.19,LOSS,-10.6,20,0,0.7299,12.1951,7.8125,84.7458,1.4493,21.3768,0.4526,0,18.1159,0.0,0
1308,TACUSDT,LONG,2026-08-22 01:00:00 UTC,0.00275,0.00226,0.00285,4e-05,0.00217,0.00391,10.54,21.09,LOSS,-10.54,19,0,-0.3623,11.7886,5.7692,83.0508,1.4545,21.4545,0.45,1,17.8182,0.25,0
1309,TACUSDT,LONG,2026-08-22 02:00:00 UTC,0.00278,0.00226,0.00285,4e-05,0.00217,0.004,10.98,21.95,LOSS,-10.98,18,0,2.2059,13.0081,6.5134,88.1356,1.4388,21.223,0.4238,2,18.705,0.75,1
1310,TACUSDT,LONG,2026-08-22 03:00:00 UTC,0.00283,0.00226,0.00285,4e-05,0.00217,0.00414,11.63,23.25,LOSS,-11.63,17,0,4.0441,15.9836,5.9925,96.6102,1.4134,20.8481,0.4659,3,20.1413,1.0,1
1311,TACUSDT,LONG,2026-08-22 04:00:00 UTC,0.00284,0.00226,0.00285,4e-05,0.00217,0.00417,11.76,23.53,LOSS,-11.76,16,0,2.5271,15.4472,3.2727,98.3051,1.4085,20.7746,0.5064,4,20.4225,0.3333,1
1312,TACUSDT,LONG,2026-08-22 05:00:00 UTC,0.00282,0.00226,0.00285,4e-05,0.00217,0.00411,11.49,22.98,LOSS,-11.49,15,0,2.5455,15.5738,2.1739,94.9153,1.4184,20.922,0.5916,5,19.8582,0.4,0
1313,TACUSDT,LONG,2026-08-22 06:00:00 UTC,0.00258,0.00226,0.00285,8e-05,0.0021,0.00354,9.3,18.6,LOSS,-9.3,14,0,-3.7313,5.7377,-7.1942,54.2373,3.1008,22.8682,1.1088,6,12.4031,0.4615,0
1314,TACUSDT,LONG,2026-08-22 07:00:00 UTC,0.0026,0.00226,0.00285,8e-05,0.00211,0.00357,9.41,18.82,LOSS,-9.41,13,0,-3.7037,6.9959,-6.4748,57.6271,3.0769,22.6923,1.1815,7,13.0769,0.4,1
1315,TACUSDT,LONG,2026-08-22 08:00:00 UTC,0.00261,0.00226,0.00285,7e-05,0.00211,0.00361,9.58,19.17,LOSS,-9.58,12,0,-3.3333,6.9672,-5.0909,59.322,2.682,22.6054,1.2226,8,13.41,0.1429,1
1316,TACUSDT,LONG,2026-08-22 09:00:00 UTC,0.00257,0.00226,0.00285,7e-05,0.00211,0.00349,8.96,17.93,LOSS,-8.96,11,0,-3.3835,6.1983,-7.8853,52.5424,2.7237,22.9572,1.2259,9,12.0623,0.6667,0
1317,TACUSDT,LONG,2026-08-22 10:00:00 UTC,0.00255,0.00226,0.00285,7e-05,0.00211,0.00342,8.58,17.15,LOSS,-8.58,10,0,-4.1353,2.4096,-7.2727,49.1525,2.7451,23.1373,1.3139,10,11.3725,0.3333,0
1318,TACUSDT,LONG,2026-08-22 11:00:00 UTC,0.00252,0.00226,0.00285,7e-05,0.00211,0.00334,8.1,16.2,LOSS,-8.1,9,0,-4.9057,1.2048,-8.0292,44.0678,2.7778,23.4127,1.4114,11,10.3175,0.375,0
1319,TACUSDT,LONG,2026-08-22 12:00:00 UTC,0.00253,0.00226,0.00285,7e-05,0.00212,0.00335,8.13,16.27,LOSS,-8.13,8,0,-3.8023,1.6064,-7.326,45.7627,2.7668,23.3202,1.456,12,10.6719,0.25,1
1320,TACUSDT,LONG,2026-08-22 13:00:00 UTC,0.00252,0.00226,0.00285,7e-05,0.00212,0.00332,7.91,15.83,LOSS,-7.91,7,0,-4.5455,1.6129,-8.0292,44.0678,2.7778,23.4127,1.4125,13,10.3175,0.3333,0
1321,TACUSDT,LONG,2026-08-22 14:00:00 UTC,0.00254,0.00226,0.00285,6e-05,0.00213,0.00336,8.08,16.16,LOSS,-8.08,6,0,-3.4221,2.008,-6.9597,47.4576,2.3622,23.2283,1.3846,14,11.0236,0.6667,1
1322,TACUSDT,LONG,2026-08-22 15:00:00 UTC,0.00251,0.00226,0.00285,6e-05,0.00213,0.00328,7.59,15.19,LOSS,-7.59,5,0,-5.9925,-1.1811,-7.037,42.3729,2.3904,23.506,1.3296,15,9.9602,0.75,0
1323,TACUSDT,LONG,2026-08-22 16:00:00 UTC,0.0025,0.00226,0.00285,6e-05,0.00214,0.00324,7.36,14.72,LOSS,-7.36,4,0,-6.7164,0.4016,-8.4249,40.678,2.4,23.6,0.7721,16,9.6,0.3333,0
1324,TACUSDT,LONG,2026-08-22 17:00:00 UTC,0.00252,0.00226,0.00285,6e-05,0.00214,0.00328,7.55,15.11,LOSS,-7.55,3,0,-6.3197,-0.7874,-8.3636,44.0678,2.381,23.4127,0.711,17,10.3175,0.6667,1
1325,TACUSDT,LONG,2026-08-22 18:00:00 UTC,0.00254,0.00226,0.00285,6e-05,0.00214,0.00333,7.78,15.55,LOSS,-7.78,2,0,-6.6176,-0.3922,-7.971,47.4576,2.3622,23.2283,0.6636,18,11.0236,0.5,1
1326,TACUSDT,LONG,2026-08-22 19:00:00 UTC,0.00255,0.00226,0.00285,6e-05,0.00215,0.00335,7.85,15.71,LOSS,-7.85,1,0,-6.25,1.1905,-7.6087,49.1525,2.3529,23.1373,0.6437,19,11.3725,0.3333,1
1327,TACUSDT,LONG,2026-08-22 20:00:00 UTC,0.00212,0.00186,0.00285,0.0001,0.00165,0.00307,11.1,22.2,LOSS,-11.1,1,0,-21.7712,-16.2055,-22.9091,26.2626,4.717,46.6981,4.1722,20,12.2642,0.6143,0
